💎 2025-08-03 12:56:49,232 - INFO - Starting IMMORTAL Discord Community Global Launcher... 💎
💎 2025-08-03 12:56:49,245 - INFO - IMMORTAL Discord bot started with PID: 5768 💎
💎 2025-08-03 12:56:49,251 - INFO - Added to Windows startup registry! 💎
💎 2025-08-03 12:56:49,254 - INFO - IMMORTAL GUARDIAN ACTIVATED - Watching forever... 💎
💎 2025-08-03 12:56:49,254 - INFO - IMMORTAL SYSTEM FULLY ACTIVATED! 💎
💎 2025-08-03 12:56:49,274 - INFO - Bot is ALIVE! Uptime: 0:00:00.126796, Restarts: 0 💎
💎 2025-08-03 12:56:49,279 - INFO - Discord bot is now IMMORTAL - will NEVER stay down! 💎
💎 2025-08-03 12:56:49,282 - INFO - Guardian watching 24/7... 💎
💎 2025-08-03 12:57:19,282 - WARNING - Bot is dead! Resurrection attempt #1 💎
💎 2025-08-03 12:57:19,283 - WARNING - Bot has died! RESURRECTING... 💎
💎 2025-08-03 12:57:29,284 - INFO - Starting IMMORTAL Discord Community Global Launcher... 💎
💎 2025-08-03 12:57:29,291 - INFO - IMMORTAL Discord bot started with PID: 6288 💎
💎 2025-08-03 12:57:29,293 - INFO - RESURRECTION SUCCESSFUL! Restart #1 💎
💎 2025-08-03 12:57:29,293 - INFO - Resurrection successful! Guardian continues... 💎
💎 2025-08-03 12:57:49,285 - INFO - IMMORTAL STATUS: Bot restarts: 1 💎
💎 2025-08-03 12:57:59,294 - WARNING - Bot is dead! Resurrection attempt #2 💎
💎 2025-08-03 12:57:59,295 - WARNING - Bot has died! RESURRECTING... 💎
💎 2025-08-03 12:58:09,295 - INFO - Starting IMMORTAL Discord Community Global Launcher... 💎
💎 2025-08-03 12:58:09,302 - INFO - IMMORTAL Discord bot started with PID: 4012 💎
💎 2025-08-03 12:58:09,303 - INFO - RESURRECTION SUCCESSFUL! Restart #2 💎
💎 2025-08-03 12:58:09,304 - INFO - Resurrection successful! Guardian continues... 💎
💎 2025-08-03 12:58:39,305 - WARNING - Bot is dead! Resurrection attempt #3 💎
💎 2025-08-03 12:58:39,305 - WARNING - Bot has died! RESURRECTING... 💎
💎 2025-08-03 12:58:49,285 - INFO - IMMORTAL STATUS: Bot restarts: 3 💎
💎 2025-08-03 12:58:49,306 - INFO - Starting IMMORTAL Discord Community Global Launcher... 💎
💎 2025-08-03 12:58:49,313 - INFO - IMMORTAL Discord bot started with PID: 6760 💎
💎 2025-08-03 12:58:49,315 - INFO - RESURRECTION SUCCESSFUL! Restart #3 💎
💎 2025-08-03 12:58:49,316 - INFO - Resurrection successful! Guardian continues... 💎
💎 2025-08-03 12:59:19,317 - WARNING - Bot is dead! Resurrection attempt #4 💎
💎 2025-08-03 12:59:19,317 - WARNING - Bot has died! RESURRECTING... 💎
💎 2025-08-03 12:59:29,318 - INFO - Starting IMMORTAL Discord Community Global Launcher... 💎
💎 2025-08-03 12:59:29,325 - INFO - IMMORTAL Discord bot started with PID: 8104 💎
💎 2025-08-03 12:59:29,326 - INFO - RESURRECTION SUCCESSFUL! Restart #4 💎
💎 2025-08-03 12:59:29,327 - INFO - Resurrection successful! Guardian continues... 💎
💎 2025-08-03 12:59:49,286 - INFO - IMMORTAL STATUS: Bot restarts: 4 💎
💎 2025-08-03 12:59:59,328 - WARNING - Bot is dead! Resurrection attempt #5 💎
💎 2025-08-03 12:59:59,328 - WARNING - Bot has died! RESURRECTING... 💎
💎 2025-08-03 13:00:09,329 - INFO - Starting IMMORTAL Discord Community Global Launcher... 💎
💎 2025-08-03 13:00:09,337 - INFO - IMMORTAL Discord bot started with PID: 18592 💎
💎 2025-08-03 13:00:09,338 - INFO - RESURRECTION SUCCESSFUL! Restart #5 💎
💎 2025-08-03 13:00:09,339 - INFO - Resurrection successful! Guardian continues... 💎
💎 2025-08-03 13:00:39,340 - WARNING - Bot is dead! Resurrection attempt #6 💎
💎 2025-08-03 13:00:39,341 - WARNING - Bot has died! RESURRECTING... 💎
💎 2025-08-03 13:00:49,287 - INFO - IMMORTAL STATUS: Bot restarts: 6 💎
💎 2025-08-03 13:00:49,342 - INFO - Starting IMMORTAL Discord Community Global Launcher... 💎
💎 2025-08-03 13:00:49,353 - INFO - IMMORTAL Discord bot started with PID: 16980 💎
💎 2025-08-03 13:00:49,354 - INFO - RESURRECTION SUCCESSFUL! Restart #6 💎
💎 2025-08-03 13:00:49,355 - INFO - Resurrection successful! Guardian continues... 💎
💎 2025-08-03 13:01:19,355 - WARNING - Bot is dead! Resurrection attempt #7 💎
💎 2025-08-03 13:01:19,356 - WARNING - Bot has died! RESURRECTING... 💎
💎 2025-08-03 13:01:29,357 - INFO - Starting IMMORTAL Discord Community Global Launcher... 💎
💎 2025-08-03 13:01:29,365 - INFO - IMMORTAL Discord bot started with PID: 12484 💎
💎 2025-08-03 13:01:29,366 - INFO - RESURRECTION SUCCESSFUL! Restart #7 💎
💎 2025-08-03 13:01:29,367 - INFO - Resurrection successful! Guardian continues... 💎
💎 2025-08-03 13:01:49,288 - INFO - IMMORTAL STATUS: Bot restarts: 7 💎
💎 2025-08-03 13:01:59,368 - WARNING - Bot is dead! Resurrection attempt #8 💎
💎 2025-08-03 13:01:59,368 - WARNING - Bot has died! RESURRECTING... 💎
💎 2025-08-03 13:02:09,369 - INFO - Starting IMMORTAL Discord Community Global Launcher... 💎
💎 2025-08-03 13:02:09,379 - INFO - IMMORTAL Discord bot started with PID: 18620 💎
💎 2025-08-03 13:02:09,381 - INFO - RESURRECTION SUCCESSFUL! Restart #8 💎
💎 2025-08-03 13:02:09,382 - INFO - Resurrection successful! Guardian continues... 💎
💎 2025-08-03 13:02:39,383 - WARNING - Bot is dead! Resurrection attempt #9 💎
💎 2025-08-03 13:02:39,383 - WARNING - Bot has died! RESURRECTING... 💎
💎 2025-08-03 13:02:49,289 - INFO - IMMORTAL STATUS: Bot restarts: 9 💎
💎 2025-08-03 13:02:49,384 - INFO - Starting IMMORTAL Discord Community Global Launcher... 💎
💎 2025-08-03 13:02:49,394 - INFO - IMMORTAL Discord bot started with PID: 6852 💎
💎 2025-08-03 13:02:49,396 - INFO - RESURRECTION SUCCESSFUL! Restart #9 💎
💎 2025-08-03 13:02:49,397 - INFO - Resurrection successful! Guardian continues... 💎
💎 2025-08-03 13:03:19,397 - WARNING - Bot is dead! Resurrection attempt #10 💎
💎 2025-08-03 13:03:19,398 - WARNING - Bot has died! RESURRECTING... 💎
💎 2025-08-03 13:03:29,399 - INFO - Starting IMMORTAL Discord Community Global Launcher... 💎
💎 2025-08-03 13:03:29,407 - INFO - IMMORTAL Discord bot started with PID: 13480 💎
💎 2025-08-03 13:03:29,408 - INFO - RESURRECTION SUCCESSFUL! Restart #10 💎
💎 2025-08-03 13:03:29,409 - INFO - Resurrection successful! Guardian continues... 💎
💎 2025-08-03 13:03:49,289 - INFO - IMMORTAL STATUS: Bot restarts: 10 💎
💎 2025-08-03 13:03:59,410 - WARNING - Bot is dead! Resurrection attempt #11 💎
💎 2025-08-03 13:03:59,410 - WARNING - Bot has died! RESURRECTING... 💎
💎 2025-08-03 13:04:09,411 - INFO - Starting IMMORTAL Discord Community Global Launcher... 💎
💎 2025-08-03 13:04:09,418 - INFO - IMMORTAL Discord bot started with PID: 324 💎
💎 2025-08-03 13:04:09,420 - INFO - RESURRECTION SUCCESSFUL! Restart #11 💎
💎 2025-08-03 13:04:09,421 - INFO - Resurrection successful! Guardian continues... 💎
💎 2025-08-03 13:04:39,422 - WARNING - Bot is dead! Resurrection attempt #12 💎
💎 2025-08-03 13:04:39,422 - WARNING - Bot has died! RESURRECTING... 💎
💎 2025-08-03 13:04:49,290 - INFO - IMMORTAL STATUS: Bot restarts: 12 💎
💎 2025-08-03 13:04:49,423 - INFO - Starting IMMORTAL Discord Community Global Launcher... 💎
💎 2025-08-03 13:04:49,432 - INFO - IMMORTAL Discord bot started with PID: 11884 💎
💎 2025-08-03 13:04:49,434 - INFO - RESURRECTION SUCCESSFUL! Restart #12 💎
💎 2025-08-03 13:04:49,434 - INFO - Resurrection successful! Guardian continues... 💎
💎 2025-08-03 13:05:19,435 - WARNING - Bot is dead! Resurrection attempt #13 💎
💎 2025-08-03 13:05:19,436 - WARNING - Bot has died! RESURRECTING... 💎
💎 2025-08-03 13:05:29,436 - INFO - Starting IMMORTAL Discord Community Global Launcher... 💎
💎 2025-08-03 13:05:29,445 - INFO - IMMORTAL Discord bot started with PID: 6444 💎
💎 2025-08-03 13:05:29,448 - INFO - RESURRECTION SUCCESSFUL! Restart #13 💎
💎 2025-08-03 13:05:29,449 - INFO - Resurrection successful! Guardian continues... 💎
💎 2025-08-03 13:05:49,291 - INFO - IMMORTAL STATUS: Bot restarts: 13 💎
💎 2025-08-03 13:05:59,451 - WARNING - Bot is dead! Resurrection attempt #14 💎
💎 2025-08-03 13:05:59,451 - WARNING - Bot has died! RESURRECTING... 💎
💎 2025-08-03 13:06:09,452 - INFO - Starting IMMORTAL Discord Community Global Launcher... 💎
💎 2025-08-03 13:06:09,460 - INFO - IMMORTAL Discord bot started with PID: 13308 💎
💎 2025-08-03 13:06:09,462 - INFO - RESURRECTION SUCCESSFUL! Restart #14 💎
💎 2025-08-03 13:06:09,463 - INFO - Resurrection successful! Guardian continues... 💎
💎 2025-08-03 13:06:39,465 - WARNING - Bot is dead! Resurrection attempt #15 💎
💎 2025-08-03 13:06:39,465 - WARNING - Bot has died! RESURRECTING... 💎
💎 2025-08-03 13:06:49,292 - INFO - IMMORTAL STATUS: Bot restarts: 15 💎
💎 2025-08-03 13:06:49,466 - INFO - Starting IMMORTAL Discord Community Global Launcher... 💎
💎 2025-08-03 13:06:49,475 - INFO - IMMORTAL Discord bot started with PID: 12536 💎
💎 2025-08-03 13:06:49,477 - INFO - RESURRECTION SUCCESSFUL! Restart #15 💎
💎 2025-08-03 13:06:49,477 - INFO - Resurrection successful! Guardian continues... 💎
💎 2025-08-03 13:07:19,479 - WARNING - Bot is dead! Resurrection attempt #16 💎
💎 2025-08-03 13:07:19,480 - WARNING - Bot has died! RESURRECTING... 💎
💎 2025-08-03 13:07:29,481 - INFO - Starting IMMORTAL Discord Community Global Launcher... 💎
💎 2025-08-03 13:07:29,489 - INFO - IMMORTAL Discord bot started with PID: 9504 💎
💎 2025-08-03 13:07:29,490 - INFO - RESURRECTION SUCCESSFUL! Restart #16 💎
💎 2025-08-03 13:07:29,491 - INFO - Resurrection successful! Guardian continues... 💎
💎 2025-08-03 13:07:49,293 - INFO - IMMORTAL STATUS: Bot restarts: 16 💎
💎 2025-08-03 13:07:59,492 - WARNING - Bot is dead! Resurrection attempt #17 💎
💎 2025-08-03 13:07:59,493 - WARNING - Bot has died! RESURRECTING... 💎
💎 2025-08-03 13:08:09,493 - INFO - Starting IMMORTAL Discord Community Global Launcher... 💎
💎 2025-08-03 13:08:09,501 - INFO - IMMORTAL Discord bot started with PID: 19000 💎
💎 2025-08-03 13:08:09,502 - INFO - RESURRECTION SUCCESSFUL! Restart #17 💎
💎 2025-08-03 13:08:09,503 - INFO - Resurrection successful! Guardian continues... 💎
💎 2025-08-03 13:09:13,258 - INFO - Starting IMMORTAL Discord Community Global Launcher... 💎
💎 2025-08-03 13:09:13,278 - INFO - IMMORTAL Discord bot started with PID: 2576 💎
💎 2025-08-03 13:09:13,284 - INFO - Added to Windows startup registry! 💎
💎 2025-08-03 13:09:13,287 - INFO - IMMORTAL GUARDIAN ACTIVATED - Watching forever... 💎
💎 2025-08-03 13:09:13,287 - INFO - IMMORTAL SYSTEM FULLY ACTIVATED! 💎
💎 2025-08-03 13:09:13,322 - INFO - Bot is ALIVE! Uptime: 0:00:00.180817, Restarts: 0 💎
💎 2025-08-03 13:09:13,324 - INFO - Discord bot is now IMMORTAL - will NEVER stay down! 💎
💎 2025-08-03 13:09:13,325 - INFO - Guardian watching 24/7... 💎
💎 2025-08-03 13:09:43,326 - WARNING - Bot is dead! Resurrection attempt #1 💎
💎 2025-08-03 13:09:43,327 - WARNING - Bot has died! RESURRECTING... 💎
💎 2025-08-03 13:09:53,327 - INFO - Starting IMMORTAL Discord Community Global Launcher... 💎
💎 2025-08-03 13:09:53,335 - INFO - IMMORTAL Discord bot started with PID: 17752 💎
💎 2025-08-03 13:09:53,336 - INFO - RESURRECTION SUCCESSFUL! Restart #1 💎
💎 2025-08-03 13:09:53,337 - INFO - Resurrection successful! Guardian continues... 💎
💎 2025-08-03 13:09:57,504 - INFO - Immortal system shutdown by user 💎
💎 2025-08-03 13:14:28,090 - INFO - Starting IMMORTAL Discord Community Global Launcher... 💎
💎 2025-08-03 13:14:28,109 - INFO - IMMORTAL Discord bot started with PID: 8736 💎
💎 2025-08-03 13:14:28,115 - INFO - Added to Windows startup registry! 💎
💎 2025-08-03 13:14:28,118 - INFO - IMMORTAL GUARDIAN ACTIVATED - Watching forever... 💎
💎 2025-08-03 13:14:28,118 - INFO - IMMORTAL SYSTEM FULLY ACTIVATED! 💎
💎 2025-08-03 13:14:28,162 - INFO - Bot is ALIVE! Uptime: 0:00:00.189368, Restarts: 0 💎
💎 2025-08-03 13:14:28,163 - INFO - Discord bot is now IMMORTAL - will NEVER stay down! 💎
💎 2025-08-03 13:14:28,166 - INFO - Guardian watching 24/7... 💎
💎 2025-08-03 13:14:58,167 - WARNING - Bot is dead! Resurrection attempt #1 💎
💎 2025-08-03 13:14:58,168 - WARNING - Bot has died! RESURRECTING... 💎
💎 2025-08-03 13:15:08,168 - INFO - Starting IMMORTAL Discord Community Global Launcher... 💎
💎 2025-08-03 13:15:08,176 - INFO - IMMORTAL Discord bot started with PID: 19872 💎
💎 2025-08-03 13:15:08,178 - INFO - RESURRECTION SUCCESSFUL! Restart #1 💎
💎 2025-08-03 13:15:08,178 - INFO - Resurrection successful! Guardian continues... 💎
💎 2025-08-03 13:15:28,167 - INFO - IMMORTAL STATUS: Bot restarts: 1 💎
💎 2025-08-03 13:15:38,180 - WARNING - Bot is dead! Resurrection attempt #2 💎
💎 2025-08-03 13:15:38,181 - WARNING - Bot has died! RESURRECTING... 💎
💎 2025-08-03 13:15:48,182 - INFO - Starting IMMORTAL Discord Community Global Launcher... 💎
💎 2025-08-03 13:15:48,191 - INFO - IMMORTAL Discord bot started with PID: 19428 💎
💎 2025-08-03 13:15:48,193 - INFO - RESURRECTION SUCCESSFUL! Restart #2 💎
💎 2025-08-03 13:15:48,193 - INFO - Resurrection successful! Guardian continues... 💎
💎 2025-08-03 13:16:18,194 - WARNING - Bot is dead! Resurrection attempt #3 💎
💎 2025-08-03 13:16:18,194 - WARNING - Bot has died! RESURRECTING... 💎
💎 2025-08-03 13:16:28,168 - INFO - IMMORTAL STATUS: Bot restarts: 3 💎
💎 2025-08-03 13:16:28,195 - INFO - Starting IMMORTAL Discord Community Global Launcher... 💎
💎 2025-08-03 13:16:28,201 - INFO - IMMORTAL Discord bot started with PID: 8444 💎
💎 2025-08-03 13:16:28,203 - INFO - RESURRECTION SUCCESSFUL! Restart #3 💎
💎 2025-08-03 13:16:28,204 - INFO - Resurrection successful! Guardian continues... 💎
💎 2025-08-03 13:16:58,205 - WARNING - Bot is dead! Resurrection attempt #4 💎
💎 2025-08-03 13:16:58,205 - WARNING - Bot has died! RESURRECTING... 💎
💎 2025-08-03 13:17:08,206 - INFO - Starting IMMORTAL Discord Community Global Launcher... 💎
💎 2025-08-03 13:17:08,214 - INFO - IMMORTAL Discord bot started with PID: 20088 💎
💎 2025-08-03 13:17:08,215 - INFO - RESURRECTION SUCCESSFUL! Restart #4 💎
💎 2025-08-03 13:17:08,216 - INFO - Resurrection successful! Guardian continues... 💎
💎 2025-08-03 13:22:58,625 - INFO - Starting IMMORTAL Discord Community Global Launcher... 💎
💎 2025-08-03 13:22:58,642 - INFO - IMMORTAL Discord bot started with PID: 15740 💎
💎 2025-08-03 13:22:58,652 - INFO - Added to Windows startup registry! 💎
💎 2025-08-03 13:22:58,655 - INFO - IMMORTAL GUARDIAN ACTIVATED - Watching forever... 💎
💎 2025-08-03 13:22:58,655 - INFO - IMMORTAL SYSTEM FULLY ACTIVATED! 💎
💎 2025-08-03 13:22:58,656 - INFO - Discord bot is now IMMORTAL - will NEVER stay down! 💎
💎 2025-08-03 13:22:58,656 - INFO - Guardian watching 24/7... 💎
💎 2025-08-03 13:22:58,669 - INFO - Bot is ALIVE! Uptime: 0:00:00.143921, Restarts: 0 💎
💎 2025-08-03 13:23:28,674 - WARNING - Bot is dead! Resurrection attempt #1 💎
💎 2025-08-03 13:23:28,675 - WARNING - Bot has died! RESURRECTING... 💎
💎 2025-08-03 13:23:38,675 - INFO - Starting IMMORTAL Discord Community Global Launcher... 💎
💎 2025-08-03 13:23:38,685 - INFO - IMMORTAL Discord bot started with PID: 11544 💎
💎 2025-08-03 13:23:38,687 - INFO - RESURRECTION SUCCESSFUL! Restart #1 💎
💎 2025-08-03 13:23:38,687 - INFO - Resurrection successful! Guardian continues... 💎
💎 2025-08-03 13:23:58,716 - INFO - IMMORTAL STATUS: Bot restarts: 1 💎
💎 2025-08-03 13:24:08,688 - WARNING - Bot is dead! Resurrection attempt #2 💎
💎 2025-08-03 13:24:08,689 - WARNING - Bot has died! RESURRECTING... 💎
💎 2025-08-03 13:24:18,689 - INFO - Starting IMMORTAL Discord Community Global Launcher... 💎
💎 2025-08-03 13:24:18,696 - INFO - IMMORTAL Discord bot started with PID: 20468 💎
💎 2025-08-03 13:24:18,698 - INFO - RESURRECTION SUCCESSFUL! Restart #2 💎
💎 2025-08-03 13:24:18,698 - INFO - Resurrection successful! Guardian continues... 💎
💎 2025-08-03 13:24:48,700 - WARNING - Bot is dead! Resurrection attempt #3 💎
💎 2025-08-03 13:24:48,701 - WARNING - Bot has died! RESURRECTING... 💎
💎 2025-08-03 13:24:58,702 - INFO - Starting IMMORTAL Discord Community Global Launcher... 💎
💎 2025-08-03 13:24:58,709 - INFO - IMMORTAL Discord bot started with PID: 19892 💎
💎 2025-08-03 13:24:58,710 - INFO - RESURRECTION SUCCESSFUL! Restart #3 💎
💎 2025-08-03 13:24:58,710 - INFO - Resurrection successful! Guardian continues... 💎
💎 2025-08-03 13:24:58,723 - INFO - IMMORTAL STATUS: Bot restarts: 3 💎
💎 2025-08-03 13:25:28,711 - WARNING - Bot is dead! Resurrection attempt #4 💎
💎 2025-08-03 13:25:28,712 - WARNING - Bot has died! RESURRECTING... 💎
💎 2025-08-03 13:25:38,713 - INFO - Starting IMMORTAL Discord Community Global Launcher... 💎
💎 2025-08-03 13:25:38,724 - INFO - IMMORTAL Discord bot started with PID: 14696 💎
💎 2025-08-03 13:25:38,725 - INFO - RESURRECTION SUCCESSFUL! Restart #4 💎
💎 2025-08-03 13:25:38,726 - INFO - Resurrection successful! Guardian continues... 💎
💎 2025-08-03 13:25:58,724 - INFO - IMMORTAL STATUS: Bot restarts: 4 💎
💎 2025-08-03 13:26:08,727 - WARNING - Bot is dead! Resurrection attempt #5 💎
💎 2025-08-03 13:26:08,727 - WARNING - Bot has died! RESURRECTING... 💎
💎 2025-08-03 13:26:18,736 - INFO - Starting IMMORTAL Discord Community Global Launcher... 💎
💎 2025-08-03 13:26:18,755 - INFO - IMMORTAL Discord bot started with PID: 5920 💎
💎 2025-08-03 13:26:18,761 - INFO - RESURRECTION SUCCESSFUL! Restart #5 💎
💎 2025-08-03 13:26:18,761 - INFO - Resurrection successful! Guardian continues... 💎
💎 2025-08-03 13:26:48,767 - WARNING - Bot is dead! Resurrection attempt #6 💎
💎 2025-08-03 13:26:48,768 - WARNING - Bot has died! RESURRECTING... 💎
💎 2025-08-03 13:26:58,724 - INFO - IMMORTAL STATUS: Bot restarts: 6 💎
💎 2025-08-03 13:26:58,769 - INFO - Starting IMMORTAL Discord Community Global Launcher... 💎
💎 2025-08-03 13:26:58,779 - INFO - IMMORTAL Discord bot started with PID: 19912 💎
💎 2025-08-03 13:26:58,781 - INFO - RESURRECTION SUCCESSFUL! Restart #6 💎
💎 2025-08-03 13:26:58,782 - INFO - Resurrection successful! Guardian continues... 💎
💎 2025-08-03 13:27:28,783 - WARNING - Bot is dead! Resurrection attempt #7 💎
💎 2025-08-03 13:27:28,784 - WARNING - Bot has died! RESURRECTING... 💎
💎 2025-08-03 13:27:38,784 - INFO - Starting IMMORTAL Discord Community Global Launcher... 💎
💎 2025-08-03 13:27:38,791 - INFO - IMMORTAL Discord bot started with PID: 6612 💎
💎 2025-08-03 13:27:38,793 - INFO - RESURRECTION SUCCESSFUL! Restart #7 💎
💎 2025-08-03 13:27:38,795 - INFO - Resurrection successful! Guardian continues... 💎
💎 2025-08-03 13:27:58,726 - INFO - IMMORTAL STATUS: Bot restarts: 7 💎
💎 2025-08-03 13:28:08,796 - WARNING - Bot is dead! Resurrection attempt #8 💎
💎 2025-08-03 13:28:08,796 - WARNING - Bot has died! RESURRECTING... 💎
💎 2025-08-03 13:28:18,797 - INFO - Starting IMMORTAL Discord Community Global Launcher... 💎
💎 2025-08-03 13:28:18,804 - INFO - IMMORTAL Discord bot started with PID: 1652 💎
💎 2025-08-03 13:28:18,805 - INFO - RESURRECTION SUCCESSFUL! Restart #8 💎
💎 2025-08-03 13:28:18,805 - INFO - Resurrection successful! Guardian continues... 💎
💎 2025-08-03 13:28:48,806 - WARNING - Bot is dead! Resurrection attempt #9 💎
💎 2025-08-03 13:28:48,807 - WARNING - Bot has died! RESURRECTING... 💎
💎 2025-08-03 13:28:58,726 - INFO - IMMORTAL STATUS: Bot restarts: 9 💎
💎 2025-08-03 13:28:58,807 - INFO - Starting IMMORTAL Discord Community Global Launcher... 💎
💎 2025-08-03 13:28:58,815 - INFO - IMMORTAL Discord bot started with PID: 12180 💎
💎 2025-08-03 13:28:58,817 - INFO - RESURRECTION SUCCESSFUL! Restart #9 💎
💎 2025-08-03 13:28:58,818 - INFO - Resurrection successful! Guardian continues... 💎
💎 2025-08-03 13:29:28,819 - WARNING - Bot is dead! Resurrection attempt #10 💎
💎 2025-08-03 13:29:28,819 - WARNING - Bot has died! RESURRECTING... 💎
💎 2025-08-03 13:29:38,820 - INFO - Starting IMMORTAL Discord Community Global Launcher... 💎
💎 2025-08-03 13:29:38,827 - INFO - IMMORTAL Discord bot started with PID: 19756 💎
💎 2025-08-03 13:29:38,829 - INFO - RESURRECTION SUCCESSFUL! Restart #10 💎
💎 2025-08-03 13:29:38,829 - INFO - Resurrection successful! Guardian continues... 💎
💎 2025-08-03 13:29:58,727 - INFO - IMMORTAL STATUS: Bot restarts: 10 💎
💎 2025-08-03 13:30:08,831 - WARNING - Bot is dead! Resurrection attempt #11 💎
💎 2025-08-03 13:30:08,831 - WARNING - Bot has died! RESURRECTING... 💎
💎 2025-08-03 13:30:18,832 - INFO - Starting IMMORTAL Discord Community Global Launcher... 💎
💎 2025-08-03 13:30:18,839 - INFO - IMMORTAL Discord bot started with PID: 20328 💎
💎 2025-08-03 13:30:18,840 - INFO - RESURRECTION SUCCESSFUL! Restart #11 💎
💎 2025-08-03 13:30:18,841 - INFO - Resurrection successful! Guardian continues... 💎
💎 2025-08-03 13:30:48,841 - WARNING - Bot is dead! Resurrection attempt #12 💎
💎 2025-08-03 13:30:48,842 - WARNING - Bot has died! RESURRECTING... 💎
💎 2025-08-03 13:30:58,728 - INFO - IMMORTAL STATUS: Bot restarts: 12 💎
💎 2025-08-03 13:30:58,842 - INFO - Starting IMMORTAL Discord Community Global Launcher... 💎
💎 2025-08-03 13:30:58,850 - INFO - IMMORTAL Discord bot started with PID: 20156 💎
💎 2025-08-03 13:30:58,852 - INFO - RESURRECTION SUCCESSFUL! Restart #12 💎
💎 2025-08-03 13:30:58,852 - INFO - Resurrection successful! Guardian continues... 💎
💎 2025-08-03 13:31:28,853 - WARNING - Bot is dead! Resurrection attempt #13 💎
💎 2025-08-03 13:31:28,854 - WARNING - Bot has died! RESURRECTING... 💎
💎 2025-08-03 13:31:38,854 - INFO - Starting IMMORTAL Discord Community Global Launcher... 💎
💎 2025-08-03 13:31:38,861 - INFO - IMMORTAL Discord bot started with PID: 14828 💎
💎 2025-08-03 13:31:38,863 - INFO - RESURRECTION SUCCESSFUL! Restart #13 💎
💎 2025-08-03 13:31:38,863 - INFO - Resurrection successful! Guardian continues... 💎
💎 2025-08-03 13:31:58,729 - INFO - IMMORTAL STATUS: Bot restarts: 13 💎
💎 2025-08-03 13:32:08,864 - WARNING - Bot is dead! Resurrection attempt #14 💎
💎 2025-08-03 13:32:08,865 - WARNING - Bot has died! RESURRECTING... 💎
💎 2025-08-03 13:32:18,865 - INFO - Starting IMMORTAL Discord Community Global Launcher... 💎
💎 2025-08-03 13:32:18,874 - INFO - IMMORTAL Discord bot started with PID: 19704 💎
💎 2025-08-03 13:32:18,876 - INFO - RESURRECTION SUCCESSFUL! Restart #14 💎
💎 2025-08-03 13:32:18,876 - INFO - Resurrection successful! Guardian continues... 💎
💎 2025-08-03 13:32:48,877 - WARNING - Bot is dead! Resurrection attempt #15 💎
💎 2025-08-03 13:32:48,878 - WARNING - Bot has died! RESURRECTING... 💎
💎 2025-08-03 13:32:58,730 - INFO - IMMORTAL STATUS: Bot restarts: 15 💎
💎 2025-08-03 13:32:58,878 - INFO - Starting IMMORTAL Discord Community Global Launcher... 💎
💎 2025-08-03 13:32:58,886 - INFO - IMMORTAL Discord bot started with PID: 14404 💎
💎 2025-08-03 13:32:58,887 - INFO - RESURRECTION SUCCESSFUL! Restart #15 💎
💎 2025-08-03 13:32:58,888 - INFO - Resurrection successful! Guardian continues... 💎
💎 2025-08-03 13:33:28,889 - WARNING - Bot is dead! Resurrection attempt #16 💎
💎 2025-08-03 13:33:28,889 - WARNING - Bot has died! RESURRECTING... 💎
💎 2025-08-03 13:33:38,890 - INFO - Starting IMMORTAL Discord Community Global Launcher... 💎
💎 2025-08-03 13:33:38,898 - INFO - IMMORTAL Discord bot started with PID: 11328 💎
💎 2025-08-03 13:33:38,900 - INFO - RESURRECTION SUCCESSFUL! Restart #16 💎
💎 2025-08-03 13:33:38,900 - INFO - Resurrection successful! Guardian continues... 💎
💎 2025-08-03 13:33:58,731 - INFO - IMMORTAL STATUS: Bot restarts: 16 💎
💎 2025-08-03 13:34:08,902 - WARNING - Bot is dead! Resurrection attempt #17 💎
💎 2025-08-03 13:34:08,902 - WARNING - Bot has died! RESURRECTING... 💎
💎 2025-08-03 13:34:18,903 - INFO - Starting IMMORTAL Discord Community Global Launcher... 💎
💎 2025-08-03 13:34:18,911 - INFO - IMMORTAL Discord bot started with PID: 7112 💎
💎 2025-08-03 13:34:18,912 - INFO - RESURRECTION SUCCESSFUL! Restart #17 💎
💎 2025-08-03 13:34:18,913 - INFO - Resurrection successful! Guardian continues... 💎
💎 2025-08-03 13:34:48,914 - WARNING - Bot is dead! Resurrection attempt #18 💎
💎 2025-08-03 13:34:48,914 - WARNING - Bot has died! RESURRECTING... 💎
💎 2025-08-03 13:34:58,731 - INFO - IMMORTAL STATUS: Bot restarts: 18 💎
💎 2025-08-03 13:34:58,914 - INFO - Starting IMMORTAL Discord Community Global Launcher... 💎
💎 2025-08-03 13:34:58,922 - INFO - IMMORTAL Discord bot started with PID: 14976 💎
💎 2025-08-03 13:34:58,924 - INFO - RESURRECTION SUCCESSFUL! Restart #18 💎
💎 2025-08-03 13:34:58,925 - INFO - Resurrection successful! Guardian continues... 💎
💎 2025-08-03 13:35:28,925 - WARNING - Bot is dead! Resurrection attempt #19 💎
💎 2025-08-03 13:35:28,926 - WARNING - Bot has died! RESURRECTING... 💎
💎 2025-08-03 13:35:38,927 - INFO - Starting IMMORTAL Discord Community Global Launcher... 💎
💎 2025-08-03 13:35:38,934 - INFO - IMMORTAL Discord bot started with PID: 12856 💎
💎 2025-08-03 13:35:38,936 - INFO - RESURRECTION SUCCESSFUL! Restart #19 💎
💎 2025-08-03 13:35:38,936 - INFO - Resurrection successful! Guardian continues... 💎
💎 2025-08-03 13:35:58,732 - INFO - IMMORTAL STATUS: Bot restarts: 19 💎
💎 2025-08-03 13:36:08,937 - WARNING - Bot is dead! Resurrection attempt #20 💎
💎 2025-08-03 13:36:08,937 - WARNING - Bot has died! RESURRECTING... 💎
💎 2025-08-03 13:36:18,938 - INFO - Starting IMMORTAL Discord Community Global Launcher... 💎
💎 2025-08-03 13:36:18,945 - INFO - IMMORTAL Discord bot started with PID: 11180 💎
💎 2025-08-03 13:36:18,946 - INFO - RESURRECTION SUCCESSFUL! Restart #20 💎
💎 2025-08-03 13:36:18,947 - INFO - Resurrection successful! Guardian continues... 💎
💎 2025-08-03 13:36:48,948 - WARNING - Bot is dead! Resurrection attempt #21 💎
💎 2025-08-03 13:36:48,948 - WARNING - Bot has died! RESURRECTING... 💎
💎 2025-08-03 13:36:58,733 - INFO - IMMORTAL STATUS: Bot restarts: 21 💎
💎 2025-08-03 13:36:58,949 - INFO - Starting IMMORTAL Discord Community Global Launcher... 💎
💎 2025-08-03 13:36:58,956 - INFO - IMMORTAL Discord bot started with PID: 9164 💎
💎 2025-08-03 13:36:58,957 - INFO - RESURRECTION SUCCESSFUL! Restart #21 💎
💎 2025-08-03 13:36:58,958 - INFO - Resurrection successful! Guardian continues... 💎
💎 2025-08-03 13:37:28,959 - WARNING - Bot is dead! Resurrection attempt #22 💎
💎 2025-08-03 13:37:28,959 - WARNING - Bot has died! RESURRECTING... 💎
💎 2025-08-03 13:37:38,960 - INFO - Starting IMMORTAL Discord Community Global Launcher... 💎
💎 2025-08-03 13:37:38,968 - INFO - IMMORTAL Discord bot started with PID: 19396 💎
💎 2025-08-03 13:37:38,969 - INFO - RESURRECTION SUCCESSFUL! Restart #22 💎
💎 2025-08-03 13:37:38,971 - INFO - Resurrection successful! Guardian continues... 💎
💎 2025-08-03 13:37:58,733 - INFO - IMMORTAL STATUS: Bot restarts: 22 💎
💎 2025-08-03 13:38:08,972 - WARNING - Bot is dead! Resurrection attempt #23 💎
💎 2025-08-03 13:38:08,972 - WARNING - Bot has died! RESURRECTING... 💎
💎 2025-08-03 13:38:18,973 - INFO - Starting IMMORTAL Discord Community Global Launcher... 💎
💎 2025-08-03 13:38:18,979 - INFO - IMMORTAL Discord bot started with PID: 20056 💎
💎 2025-08-03 13:38:18,981 - INFO - RESURRECTION SUCCESSFUL! Restart #23 💎
💎 2025-08-03 13:38:18,981 - INFO - Resurrection successful! Guardian continues... 💎
💎 2025-08-03 13:38:48,982 - WARNING - Bot is dead! Resurrection attempt #24 💎
💎 2025-08-03 13:38:48,983 - WARNING - Bot has died! RESURRECTING... 💎
💎 2025-08-03 13:38:58,734 - INFO - IMMORTAL STATUS: Bot restarts: 24 💎
💎 2025-08-03 13:38:58,984 - INFO - Starting IMMORTAL Discord Community Global Launcher... 💎
💎 2025-08-03 13:38:58,992 - INFO - IMMORTAL Discord bot started with PID: 20468 💎
💎 2025-08-03 13:38:58,994 - INFO - RESURRECTION SUCCESSFUL! Restart #24 💎
💎 2025-08-03 13:38:58,995 - INFO - Resurrection successful! Guardian continues... 💎
💎 2025-08-03 13:39:28,996 - WARNING - Bot is dead! Resurrection attempt #25 💎
💎 2025-08-03 13:39:28,996 - WARNING - Bot has died! RESURRECTING... 💎
💎 2025-08-03 13:39:38,997 - INFO - Starting IMMORTAL Discord Community Global Launcher... 💎
💎 2025-08-03 13:39:39,005 - INFO - IMMORTAL Discord bot started with PID: 11004 💎
💎 2025-08-03 13:39:39,007 - INFO - RESURRECTION SUCCESSFUL! Restart #25 💎
💎 2025-08-03 13:39:39,007 - INFO - Resurrection successful! Guardian continues... 💎
💎 2025-08-03 13:39:58,735 - INFO - IMMORTAL STATUS: Bot restarts: 25 💎
💎 2025-08-03 13:40:09,008 - WARNING - Bot is dead! Resurrection attempt #26 💎
💎 2025-08-03 13:40:09,009 - WARNING - Bot has died! RESURRECTING... 💎
💎 2025-08-03 13:40:19,010 - INFO - Starting IMMORTAL Discord Community Global Launcher... 💎
💎 2025-08-03 13:40:19,017 - INFO - IMMORTAL Discord bot started with PID: 8104 💎
💎 2025-08-03 13:40:19,019 - INFO - RESURRECTION SUCCESSFUL! Restart #26 💎
💎 2025-08-03 13:40:19,020 - INFO - Resurrection successful! Guardian continues... 💎
💎 2025-08-03 13:40:49,021 - WARNING - Bot is dead! Resurrection attempt #27 💎
💎 2025-08-03 13:40:49,021 - WARNING - Bot has died! RESURRECTING... 💎
💎 2025-08-03 13:40:58,736 - INFO - IMMORTAL STATUS: Bot restarts: 27 💎
💎 2025-08-03 13:40:59,022 - INFO - Starting IMMORTAL Discord Community Global Launcher... 💎
💎 2025-08-03 13:40:59,032 - INFO - IMMORTAL Discord bot started with PID: 20188 💎
💎 2025-08-03 13:40:59,034 - INFO - RESURRECTION SUCCESSFUL! Restart #27 💎
💎 2025-08-03 13:40:59,035 - INFO - Resurrection successful! Guardian continues... 💎
💎 2025-08-03 13:41:29,035 - WARNING - Bot is dead! Resurrection attempt #28 💎
💎 2025-08-03 13:41:29,036 - WARNING - Bot has died! RESURRECTING... 💎
💎 2025-08-03 13:41:39,037 - INFO - Starting IMMORTAL Discord Community Global Launcher... 💎
💎 2025-08-03 13:41:39,045 - INFO - IMMORTAL Discord bot started with PID: 13200 💎
💎 2025-08-03 13:41:39,046 - INFO - RESURRECTION SUCCESSFUL! Restart #28 💎
💎 2025-08-03 13:41:39,047 - INFO - Resurrection successful! Guardian continues... 💎
💎 2025-08-03 13:41:58,737 - INFO - IMMORTAL STATUS: Bot restarts: 28 💎
💎 2025-08-03 13:42:09,048 - WARNING - Bot is dead! Resurrection attempt #29 💎
💎 2025-08-03 13:42:09,048 - WARNING - Bot has died! RESURRECTING... 💎
💎 2025-08-03 13:42:19,048 - INFO - Starting IMMORTAL Discord Community Global Launcher... 💎
💎 2025-08-03 13:42:19,057 - INFO - IMMORTAL Discord bot started with PID: 8876 💎
💎 2025-08-03 13:42:19,059 - INFO - RESURRECTION SUCCESSFUL! Restart #29 💎
💎 2025-08-03 13:42:19,060 - INFO - Resurrection successful! Guardian continues... 💎
💎 2025-08-03 13:42:49,062 - WARNING - Bot is dead! Resurrection attempt #30 💎
💎 2025-08-03 13:42:49,062 - WARNING - Bot has died! RESURRECTING... 💎
💎 2025-08-03 13:42:58,738 - INFO - IMMORTAL STATUS: Bot restarts: 30 💎
💎 2025-08-03 13:42:59,063 - INFO - Starting IMMORTAL Discord Community Global Launcher... 💎
💎 2025-08-03 13:42:59,072 - INFO - IMMORTAL Discord bot started with PID: 20124 💎
💎 2025-08-03 13:42:59,074 - INFO - RESURRECTION SUCCESSFUL! Restart #30 💎
💎 2025-08-03 13:42:59,074 - INFO - Resurrection successful! Guardian continues... 💎
💎 2025-08-03 13:43:29,075 - WARNING - Bot is dead! Resurrection attempt #31 💎
💎 2025-08-03 13:43:29,076 - WARNING - Bot has died! RESURRECTING... 💎
💎 2025-08-03 13:43:39,076 - INFO - Starting IMMORTAL Discord Community Global Launcher... 💎
💎 2025-08-03 13:43:39,085 - INFO - IMMORTAL Discord bot started with PID: 19684 💎
💎 2025-08-03 13:43:39,088 - INFO - RESURRECTION SUCCESSFUL! Restart #31 💎
💎 2025-08-03 13:43:39,088 - INFO - Resurrection successful! Guardian continues... 💎
💎 2025-08-03 13:43:58,739 - INFO - IMMORTAL STATUS: Bot restarts: 31 💎
💎 2025-08-03 13:44:09,091 - WARNING - Bot is dead! Resurrection attempt #32 💎
💎 2025-08-03 13:44:09,092 - WARNING - Bot has died! RESURRECTING... 💎
💎 2025-08-03 13:44:19,092 - INFO - Starting IMMORTAL Discord Community Global Launcher... 💎
💎 2025-08-03 13:44:19,100 - INFO - IMMORTAL Discord bot started with PID: 16972 💎
💎 2025-08-03 13:44:19,102 - INFO - RESURRECTION SUCCESSFUL! Restart #32 💎
💎 2025-08-03 13:44:19,103 - INFO - Resurrection successful! Guardian continues... 💎
💎 2025-08-03 13:44:49,104 - WARNING - Bot is dead! Resurrection attempt #33 💎
💎 2025-08-03 13:44:49,104 - WARNING - Bot has died! RESURRECTING... 💎
💎 2025-08-03 13:44:58,740 - INFO - IMMORTAL STATUS: Bot restarts: 33 💎
💎 2025-08-03 13:44:59,105 - INFO - Starting IMMORTAL Discord Community Global Launcher... 💎
💎 2025-08-03 13:44:59,113 - INFO - IMMORTAL Discord bot started with PID: 19800 💎
💎 2025-08-03 13:44:59,115 - INFO - RESURRECTION SUCCESSFUL! Restart #33 💎
💎 2025-08-03 13:44:59,115 - INFO - Resurrection successful! Guardian continues... 💎
💎 2025-08-03 13:45:29,116 - WARNING - Bot is dead! Resurrection attempt #34 💎
💎 2025-08-03 13:45:29,117 - WARNING - Bot has died! RESURRECTING... 💎
💎 2025-08-03 13:45:39,117 - INFO - Starting IMMORTAL Discord Community Global Launcher... 💎
💎 2025-08-03 13:45:39,127 - INFO - IMMORTAL Discord bot started with PID: 9148 💎
💎 2025-08-03 13:45:39,129 - INFO - RESURRECTION SUCCESSFUL! Restart #34 💎
💎 2025-08-03 13:45:39,129 - INFO - Resurrection successful! Guardian continues... 💎
💎 2025-08-03 13:45:58,741 - INFO - IMMORTAL STATUS: Bot restarts: 34 💎
💎 2025-08-03 13:46:09,130 - WARNING - Bot is dead! Resurrection attempt #35 💎
💎 2025-08-03 13:46:09,130 - WARNING - Bot has died! RESURRECTING... 💎
💎 2025-08-03 13:46:19,131 - INFO - Starting IMMORTAL Discord Community Global Launcher... 💎
💎 2025-08-03 13:46:19,139 - INFO - IMMORTAL Discord bot started with PID: 14084 💎
💎 2025-08-03 13:46:19,141 - INFO - RESURRECTION SUCCESSFUL! Restart #35 💎
💎 2025-08-03 13:46:19,142 - INFO - Resurrection successful! Guardian continues... 💎
💎 2025-08-03 13:46:49,143 - WARNING - Bot is dead! Resurrection attempt #36 💎
💎 2025-08-03 13:46:49,143 - WARNING - Bot has died! RESURRECTING... 💎
💎 2025-08-03 13:46:58,741 - INFO - IMMORTAL STATUS: Bot restarts: 36 💎
💎 2025-08-03 13:46:59,144 - INFO - Starting IMMORTAL Discord Community Global Launcher... 💎
💎 2025-08-03 13:46:59,156 - INFO - IMMORTAL Discord bot started with PID: 20004 💎
💎 2025-08-03 13:46:59,157 - INFO - RESURRECTION SUCCESSFUL! Restart #36 💎
💎 2025-08-03 13:46:59,161 - INFO - Resurrection successful! Guardian continues... 💎
💎 2025-08-03 13:47:29,163 - WARNING - Bot is dead! Resurrection attempt #37 💎
💎 2025-08-03 13:47:29,164 - WARNING - Bot has died! RESURRECTING... 💎
💎 2025-08-03 13:47:39,165 - INFO - Starting IMMORTAL Discord Community Global Launcher... 💎
💎 2025-08-03 13:47:39,174 - INFO - IMMORTAL Discord bot started with PID: 15272 💎
💎 2025-08-03 13:47:39,176 - INFO - RESURRECTION SUCCESSFUL! Restart #37 💎
💎 2025-08-03 13:47:39,177 - INFO - Resurrection successful! Guardian continues... 💎
💎 2025-08-03 13:47:58,742 - INFO - IMMORTAL STATUS: Bot restarts: 37 💎
💎 2025-08-03 13:48:09,178 - WARNING - Bot is dead! Resurrection attempt #38 💎
💎 2025-08-03 13:48:09,178 - WARNING - Bot has died! RESURRECTING... 💎
💎 2025-08-03 13:48:19,179 - INFO - Starting IMMORTAL Discord Community Global Launcher... 💎
💎 2025-08-03 13:48:19,188 - INFO - IMMORTAL Discord bot started with PID: 2652 💎
💎 2025-08-03 13:48:19,190 - INFO - RESURRECTION SUCCESSFUL! Restart #38 💎
💎 2025-08-03 13:48:19,191 - INFO - Resurrection successful! Guardian continues... 💎
💎 2025-08-03 13:48:49,192 - WARNING - Bot is dead! Resurrection attempt #39 💎
💎 2025-08-03 13:48:49,192 - WARNING - Bot has died! RESURRECTING... 💎
💎 2025-08-03 13:48:58,743 - INFO - IMMORTAL STATUS: Bot restarts: 39 💎
💎 2025-08-03 13:48:59,193 - INFO - Starting IMMORTAL Discord Community Global Launcher... 💎
💎 2025-08-03 13:48:59,200 - INFO - IMMORTAL Discord bot started with PID: 5920 💎
💎 2025-08-03 13:48:59,202 - INFO - RESURRECTION SUCCESSFUL! Restart #39 💎
💎 2025-08-03 13:48:59,202 - INFO - Resurrection successful! Guardian continues... 💎
💎 2025-08-03 13:49:29,203 - WARNING - Bot is dead! Resurrection attempt #40 💎
💎 2025-08-03 13:49:29,204 - WARNING - Bot has died! RESURRECTING... 💎
💎 2025-08-03 13:49:39,205 - INFO - Starting IMMORTAL Discord Community Global Launcher... 💎
💎 2025-08-03 13:49:39,213 - INFO - IMMORTAL Discord bot started with PID: 19492 💎
💎 2025-08-03 13:49:39,214 - INFO - RESURRECTION SUCCESSFUL! Restart #40 💎
💎 2025-08-03 13:49:39,215 - INFO - Resurrection successful! Guardian continues... 💎
💎 2025-08-03 13:49:58,744 - INFO - IMMORTAL STATUS: Bot restarts: 40 💎
💎 2025-08-03 13:50:09,216 - WARNING - Bot is dead! Resurrection attempt #41 💎
💎 2025-08-03 13:50:09,217 - WARNING - Bot has died! RESURRECTING... 💎
💎 2025-08-03 13:50:19,218 - INFO - Starting IMMORTAL Discord Community Global Launcher... 💎
💎 2025-08-03 13:50:19,227 - INFO - IMMORTAL Discord bot started with PID: 8708 💎
💎 2025-08-03 13:50:19,229 - INFO - RESURRECTION SUCCESSFUL! Restart #41 💎
💎 2025-08-03 13:50:19,229 - INFO - Resurrection successful! Guardian continues... 💎
💎 2025-08-03 13:50:49,230 - WARNING - Bot is dead! Resurrection attempt #42 💎
💎 2025-08-03 13:50:49,230 - WARNING - Bot has died! RESURRECTING... 💎
💎 2025-08-03 13:50:58,745 - INFO - IMMORTAL STATUS: Bot restarts: 42 💎
💎 2025-08-03 13:50:59,231 - INFO - Starting IMMORTAL Discord Community Global Launcher... 💎
💎 2025-08-03 13:50:59,240 - INFO - IMMORTAL Discord bot started with PID: 18304 💎
💎 2025-08-03 13:50:59,241 - INFO - RESURRECTION SUCCESSFUL! Restart #42 💎
💎 2025-08-03 13:50:59,242 - INFO - Resurrection successful! Guardian continues... 💎
💎 2025-08-03 13:51:29,243 - WARNING - Bot is dead! Resurrection attempt #43 💎
💎 2025-08-03 13:51:29,243 - WARNING - Bot has died! RESURRECTING... 💎
💎 2025-08-03 13:51:39,244 - INFO - Starting IMMORTAL Discord Community Global Launcher... 💎
💎 2025-08-03 13:51:39,253 - INFO - IMMORTAL Discord bot started with PID: 16460 💎
💎 2025-08-03 13:51:39,254 - INFO - RESURRECTION SUCCESSFUL! Restart #43 💎
💎 2025-08-03 13:51:39,255 - INFO - Resurrection successful! Guardian continues... 💎
💎 2025-08-03 13:51:58,746 - INFO - IMMORTAL STATUS: Bot restarts: 43 💎
💎 2025-08-03 13:52:09,255 - WARNING - Bot is dead! Resurrection attempt #44 💎
💎 2025-08-03 13:52:09,256 - WARNING - Bot has died! RESURRECTING... 💎
💎 2025-08-03 13:52:19,257 - INFO - Starting IMMORTAL Discord Community Global Launcher... 💎
💎 2025-08-03 13:52:19,265 - INFO - IMMORTAL Discord bot started with PID: 360 💎
💎 2025-08-03 13:52:19,267 - INFO - RESURRECTION SUCCESSFUL! Restart #44 💎
💎 2025-08-03 13:52:19,267 - INFO - Resurrection successful! Guardian continues... 💎
💎 2025-08-03 13:52:49,268 - WARNING - Bot is dead! Resurrection attempt #45 💎
💎 2025-08-03 13:52:49,269 - WARNING - Bot has died! RESURRECTING... 💎
💎 2025-08-03 13:52:58,747 - INFO - IMMORTAL STATUS: Bot restarts: 45 💎
💎 2025-08-03 13:52:59,269 - INFO - Starting IMMORTAL Discord Community Global Launcher... 💎
💎 2025-08-03 13:52:59,278 - INFO - IMMORTAL Discord bot started with PID: 18004 💎
💎 2025-08-03 13:52:59,279 - INFO - RESURRECTION SUCCESSFUL! Restart #45 💎
💎 2025-08-03 13:52:59,280 - INFO - Resurrection successful! Guardian continues... 💎
💎 2025-08-03 13:53:29,281 - WARNING - Bot is dead! Resurrection attempt #46 💎
💎 2025-08-03 13:53:29,282 - WARNING - Bot has died! RESURRECTING... 💎
💎 2025-08-03 13:53:39,282 - INFO - Starting IMMORTAL Discord Community Global Launcher... 💎
💎 2025-08-03 13:53:39,290 - INFO - IMMORTAL Discord bot started with PID: 15056 💎
💎 2025-08-03 13:53:39,292 - INFO - RESURRECTION SUCCESSFUL! Restart #46 💎
💎 2025-08-03 13:53:39,293 - INFO - Resurrection successful! Guardian continues... 💎
💎 2025-08-03 13:53:58,748 - INFO - IMMORTAL STATUS: Bot restarts: 46 💎
💎 2025-08-03 13:54:09,294 - WARNING - Bot is dead! Resurrection attempt #47 💎
💎 2025-08-03 13:54:09,295 - WARNING - Bot has died! RESURRECTING... 💎
💎 2025-08-03 13:54:19,296 - INFO - Starting IMMORTAL Discord Community Global Launcher... 💎
💎 2025-08-03 13:54:19,310 - INFO - IMMORTAL Discord bot started with PID: 3032 💎
💎 2025-08-03 13:54:19,311 - INFO - RESURRECTION SUCCESSFUL! Restart #47 💎
💎 2025-08-03 13:54:19,312 - INFO - Resurrection successful! Guardian continues... 💎
💎 2025-08-03 13:54:49,313 - WARNING - Bot is dead! Resurrection attempt #48 💎
💎 2025-08-03 13:54:49,313 - WARNING - Bot has died! RESURRECTING... 💎
💎 2025-08-03 13:54:58,749 - INFO - IMMORTAL STATUS: Bot restarts: 48 💎
💎 2025-08-03 13:54:59,314 - INFO - Starting IMMORTAL Discord Community Global Launcher... 💎
💎 2025-08-03 13:54:59,321 - INFO - IMMORTAL Discord bot started with PID: 5184 💎
💎 2025-08-03 13:54:59,323 - INFO - RESURRECTION SUCCESSFUL! Restart #48 💎
💎 2025-08-03 13:54:59,324 - INFO - Resurrection successful! Guardian continues... 💎
💎 2025-08-03 13:55:29,325 - WARNING - Bot is dead! Resurrection attempt #49 💎
💎 2025-08-03 13:55:29,325 - WARNING - Bot has died! RESURRECTING... 💎
💎 2025-08-03 13:55:39,326 - INFO - Starting IMMORTAL Discord Community Global Launcher... 💎
💎 2025-08-03 13:55:39,334 - INFO - IMMORTAL Discord bot started with PID: 19932 💎
💎 2025-08-03 13:55:39,336 - INFO - RESURRECTION SUCCESSFUL! Restart #49 💎
💎 2025-08-03 13:55:39,336 - INFO - Resurrection successful! Guardian continues... 💎
💎 2025-08-03 13:55:58,750 - INFO - IMMORTAL STATUS: Bot restarts: 49 💎
💎 2025-08-03 13:56:09,337 - WARNING - Bot is dead! Resurrection attempt #50 💎
💎 2025-08-03 13:56:09,338 - WARNING - Bot has died! RESURRECTING... 💎
💎 2025-08-03 13:56:19,338 - INFO - Starting IMMORTAL Discord Community Global Launcher... 💎
💎 2025-08-03 13:56:19,347 - INFO - IMMORTAL Discord bot started with PID: 20248 💎
💎 2025-08-03 13:56:19,349 - INFO - RESURRECTION SUCCESSFUL! Restart #50 💎
💎 2025-08-03 13:56:19,349 - INFO - Resurrection successful! Guardian continues... 💎
💎 2025-08-03 13:56:49,351 - WARNING - Bot is dead! Resurrection attempt #51 💎
💎 2025-08-03 13:56:49,351 - WARNING - Bot has died! RESURRECTING... 💎
💎 2025-08-03 13:56:58,750 - INFO - IMMORTAL STATUS: Bot restarts: 51 💎
💎 2025-08-03 13:56:59,352 - INFO - Starting IMMORTAL Discord Community Global Launcher... 💎
💎 2025-08-03 13:56:59,364 - INFO - IMMORTAL Discord bot started with PID: 15624 💎
💎 2025-08-03 13:56:59,365 - INFO - RESURRECTION SUCCESSFUL! Restart #51 💎
💎 2025-08-03 13:56:59,366 - INFO - Resurrection successful! Guardian continues... 💎
💎 2025-08-03 13:57:29,367 - WARNING - Bot is dead! Resurrection attempt #52 💎
💎 2025-08-03 13:57:29,367 - WARNING - Bot has died! RESURRECTING... 💎
💎 2025-08-03 13:57:39,368 - INFO - Starting IMMORTAL Discord Community Global Launcher... 💎
💎 2025-08-03 13:57:39,378 - INFO - IMMORTAL Discord bot started with PID: 18004 💎
💎 2025-08-03 13:57:39,379 - INFO - RESURRECTION SUCCESSFUL! Restart #52 💎
💎 2025-08-03 13:57:39,380 - INFO - Resurrection successful! Guardian continues... 💎
💎 2025-08-03 13:57:58,751 - INFO - IMMORTAL STATUS: Bot restarts: 52 💎
💎 2025-08-03 13:58:09,381 - WARNING - Bot is dead! Resurrection attempt #53 💎
💎 2025-08-03 13:58:09,382 - WARNING - Bot has died! RESURRECTING... 💎
💎 2025-08-03 13:58:19,385 - INFO - Starting IMMORTAL Discord Community Global Launcher... 💎
💎 2025-08-03 13:58:19,398 - INFO - IMMORTAL Discord bot started with PID: 13200 💎
💎 2025-08-03 13:58:19,401 - INFO - RESURRECTION SUCCESSFUL! Restart #53 💎
💎 2025-08-03 13:58:19,403 - INFO - Resurrection successful! Guardian continues... 💎
💎 2025-08-03 13:58:49,405 - WARNING - Bot is dead! Resurrection attempt #54 💎
💎 2025-08-03 13:58:49,405 - WARNING - Bot has died! RESURRECTING... 💎
💎 2025-08-03 13:58:58,752 - INFO - IMMORTAL STATUS: Bot restarts: 54 💎
💎 2025-08-03 13:58:59,406 - INFO - Starting IMMORTAL Discord Community Global Launcher... 💎
💎 2025-08-03 13:58:59,414 - INFO - IMMORTAL Discord bot started with PID: 2472 💎
💎 2025-08-03 13:58:59,416 - INFO - RESURRECTION SUCCESSFUL! Restart #54 💎
💎 2025-08-03 13:58:59,416 - INFO - Resurrection successful! Guardian continues... 💎
💎 2025-08-03 13:59:29,417 - WARNING - Bot is dead! Resurrection attempt #55 💎
💎 2025-08-03 13:59:29,418 - WARNING - Bot has died! RESURRECTING... 💎
💎 2025-08-03 13:59:39,419 - INFO - Starting IMMORTAL Discord Community Global Launcher... 💎
💎 2025-08-03 13:59:39,427 - INFO - IMMORTAL Discord bot started with PID: 4580 💎
💎 2025-08-03 13:59:39,429 - INFO - RESURRECTION SUCCESSFUL! Restart #55 💎
💎 2025-08-03 13:59:39,430 - INFO - Resurrection successful! Guardian continues... 💎
💎 2025-08-03 13:59:58,753 - INFO - IMMORTAL STATUS: Bot restarts: 55 💎
💎 2025-08-03 14:00:09,431 - WARNING - Bot is dead! Resurrection attempt #56 💎
💎 2025-08-03 14:00:09,431 - WARNING - Bot has died! RESURRECTING... 💎
💎 2025-08-03 14:00:19,432 - INFO - Starting IMMORTAL Discord Community Global Launcher... 💎
💎 2025-08-03 14:00:19,442 - INFO - IMMORTAL Discord bot started with PID: 19428 💎
💎 2025-08-03 14:00:19,444 - INFO - RESURRECTION SUCCESSFUL! Restart #56 💎
💎 2025-08-03 14:00:19,445 - INFO - Resurrection successful! Guardian continues... 💎
💎 2025-08-03 14:00:49,446 - WARNING - Bot is dead! Resurrection attempt #57 💎
💎 2025-08-03 14:00:49,447 - WARNING - Bot has died! RESURRECTING... 💎
💎 2025-08-03 14:00:58,754 - INFO - IMMORTAL STATUS: Bot restarts: 57 💎
💎 2025-08-03 14:00:59,447 - INFO - Starting IMMORTAL Discord Community Global Launcher... 💎
💎 2025-08-03 14:00:59,458 - INFO - IMMORTAL Discord bot started with PID: 364 💎
💎 2025-08-03 14:00:59,459 - INFO - RESURRECTION SUCCESSFUL! Restart #57 💎
💎 2025-08-03 14:00:59,461 - INFO - Resurrection successful! Guardian continues... 💎
💎 2025-08-03 14:01:29,462 - WARNING - Bot is dead! Resurrection attempt #58 💎
💎 2025-08-03 14:01:29,463 - WARNING - Bot has died! RESURRECTING... 💎
💎 2025-08-03 14:01:39,464 - INFO - Starting IMMORTAL Discord Community Global Launcher... 💎
💎 2025-08-03 14:01:39,474 - INFO - IMMORTAL Discord bot started with PID: 14716 💎
💎 2025-08-03 14:01:39,476 - INFO - RESURRECTION SUCCESSFUL! Restart #58 💎
💎 2025-08-03 14:01:39,477 - INFO - Resurrection successful! Guardian continues... 💎
💎 2025-08-03 14:01:58,755 - INFO - IMMORTAL STATUS: Bot restarts: 58 💎
💎 2025-08-03 14:02:09,478 - WARNING - Bot is dead! Resurrection attempt #59 💎
💎 2025-08-03 14:02:09,479 - WARNING - Bot has died! RESURRECTING... 💎
💎 2025-08-03 14:02:19,480 - INFO - Starting IMMORTAL Discord Community Global Launcher... 💎
💎 2025-08-03 14:02:19,490 - INFO - IMMORTAL Discord bot started with PID: 19988 💎
💎 2025-08-03 14:02:19,491 - INFO - RESURRECTION SUCCESSFUL! Restart #59 💎
💎 2025-08-03 14:02:19,492 - INFO - Resurrection successful! Guardian continues... 💎
💎 2025-08-03 14:02:49,497 - WARNING - Bot is dead! Resurrection attempt #60 💎
💎 2025-08-03 14:02:49,497 - WARNING - Bot has died! RESURRECTING... 💎
💎 2025-08-03 14:02:58,755 - INFO - IMMORTAL STATUS: Bot restarts: 60 💎
💎 2025-08-03 14:02:59,498 - INFO - Starting IMMORTAL Discord Community Global Launcher... 💎
💎 2025-08-03 14:02:59,508 - INFO - IMMORTAL Discord bot started with PID: 364 💎
💎 2025-08-03 14:02:59,511 - INFO - RESURRECTION SUCCESSFUL! Restart #60 💎
💎 2025-08-03 14:02:59,511 - INFO - Resurrection successful! Guardian continues... 💎
💎 2025-08-03 14:03:29,512 - WARNING - Bot is dead! Resurrection attempt #61 💎
💎 2025-08-03 14:03:29,513 - WARNING - Bot has died! RESURRECTING... 💎
💎 2025-08-03 14:03:39,514 - INFO - Starting IMMORTAL Discord Community Global Launcher... 💎
💎 2025-08-03 14:03:39,522 - INFO - IMMORTAL Discord bot started with PID: 19544 💎
💎 2025-08-03 14:03:39,524 - INFO - RESURRECTION SUCCESSFUL! Restart #61 💎
💎 2025-08-03 14:03:39,525 - INFO - Resurrection successful! Guardian continues... 💎
💎 2025-08-03 14:03:58,757 - INFO - IMMORTAL STATUS: Bot restarts: 61 💎
💎 2025-08-03 14:04:09,525 - WARNING - Bot is dead! Resurrection attempt #62 💎
💎 2025-08-03 14:04:09,526 - WARNING - Bot has died! RESURRECTING... 💎
💎 2025-08-03 14:04:19,527 - INFO - Starting IMMORTAL Discord Community Global Launcher... 💎
💎 2025-08-03 14:04:19,534 - INFO - IMMORTAL Discord bot started with PID: 15608 💎
💎 2025-08-03 14:04:19,536 - INFO - RESURRECTION SUCCESSFUL! Restart #62 💎
💎 2025-08-03 14:04:19,536 - INFO - Resurrection successful! Guardian continues... 💎
💎 2025-08-03 14:04:49,537 - WARNING - Bot is dead! Resurrection attempt #63 💎
💎 2025-08-03 14:04:49,538 - WARNING - Bot has died! RESURRECTING... 💎
💎 2025-08-03 14:04:58,758 - INFO - IMMORTAL STATUS: Bot restarts: 63 💎
💎 2025-08-03 14:04:59,539 - INFO - Starting IMMORTAL Discord Community Global Launcher... 💎
💎 2025-08-03 14:04:59,546 - INFO - IMMORTAL Discord bot started with PID: 10748 💎
💎 2025-08-03 14:04:59,548 - INFO - RESURRECTION SUCCESSFUL! Restart #63 💎
💎 2025-08-03 14:04:59,548 - INFO - Resurrection successful! Guardian continues... 💎
💎 2025-08-03 14:05:29,549 - WARNING - Bot is dead! Resurrection attempt #64 💎
💎 2025-08-03 14:05:29,550 - WARNING - Bot has died! RESURRECTING... 💎
💎 2025-08-03 14:05:39,551 - INFO - Starting IMMORTAL Discord Community Global Launcher... 💎
💎 2025-08-03 14:05:39,559 - INFO - IMMORTAL Discord bot started with PID: 12064 💎
💎 2025-08-03 14:05:39,560 - INFO - RESURRECTION SUCCESSFUL! Restart #64 💎
💎 2025-08-03 14:05:39,561 - INFO - Resurrection successful! Guardian continues... 💎
💎 2025-08-03 14:05:58,759 - INFO - IMMORTAL STATUS: Bot restarts: 64 💎
💎 2025-08-03 14:06:09,562 - WARNING - Bot is dead! Resurrection attempt #65 💎
💎 2025-08-03 14:06:09,562 - WARNING - Bot has died! RESURRECTING... 💎
💎 2025-08-03 14:06:19,563 - INFO - Starting IMMORTAL Discord Community Global Launcher... 💎
💎 2025-08-03 14:06:19,572 - INFO - IMMORTAL Discord bot started with PID: 324 💎
💎 2025-08-03 14:06:19,574 - INFO - RESURRECTION SUCCESSFUL! Restart #65 💎
💎 2025-08-03 14:06:19,574 - INFO - Resurrection successful! Guardian continues... 💎
💎 2025-08-03 14:06:49,575 - WARNING - Bot is dead! Resurrection attempt #66 💎
💎 2025-08-03 14:06:49,576 - WARNING - Bot has died! RESURRECTING... 💎
💎 2025-08-03 14:06:58,760 - INFO - IMMORTAL STATUS: Bot restarts: 66 💎
💎 2025-08-03 14:06:59,577 - INFO - Starting IMMORTAL Discord Community Global Launcher... 💎
💎 2025-08-03 14:06:59,588 - INFO - IMMORTAL Discord bot started with PID: 8672 💎
💎 2025-08-03 14:06:59,590 - INFO - RESURRECTION SUCCESSFUL! Restart #66 💎
💎 2025-08-03 14:06:59,591 - INFO - Resurrection successful! Guardian continues... 💎
💎 2025-08-03 14:07:29,592 - WARNING - Bot is dead! Resurrection attempt #67 💎
💎 2025-08-03 14:07:29,593 - WARNING - Bot has died! RESURRECTING... 💎
💎 2025-08-03 14:07:39,593 - INFO - Starting IMMORTAL Discord Community Global Launcher... 💎
💎 2025-08-03 14:07:39,602 - INFO - IMMORTAL Discord bot started with PID: 20236 💎
💎 2025-08-03 14:07:39,603 - INFO - RESURRECTION SUCCESSFUL! Restart #67 💎
💎 2025-08-03 14:07:39,604 - INFO - Resurrection successful! Guardian continues... 💎
💎 2025-08-03 14:07:58,761 - INFO - IMMORTAL STATUS: Bot restarts: 67 💎
💎 2025-08-03 14:08:09,605 - WARNING - Bot is dead! Resurrection attempt #68 💎
💎 2025-08-03 14:08:09,606 - WARNING - Bot has died! RESURRECTING... 💎
💎 2025-08-03 14:08:19,607 - INFO - Starting IMMORTAL Discord Community Global Launcher... 💎
💎 2025-08-03 14:08:19,615 - INFO - IMMORTAL Discord bot started with PID: 14416 💎
💎 2025-08-03 14:08:19,617 - INFO - RESURRECTION SUCCESSFUL! Restart #68 💎
💎 2025-08-03 14:08:19,617 - INFO - Resurrection successful! Guardian continues... 💎
💎 2025-08-03 14:08:49,619 - WARNING - Bot is dead! Resurrection attempt #69 💎
💎 2025-08-03 14:08:49,620 - WARNING - Bot has died! RESURRECTING... 💎
💎 2025-08-03 14:08:58,762 - INFO - IMMORTAL STATUS: Bot restarts: 69 💎
💎 2025-08-03 14:08:59,621 - INFO - Starting IMMORTAL Discord Community Global Launcher... 💎
💎 2025-08-03 14:08:59,629 - INFO - IMMORTAL Discord bot started with PID: 18164 💎
💎 2025-08-03 14:08:59,630 - INFO - RESURRECTION SUCCESSFUL! Restart #69 💎
💎 2025-08-03 14:08:59,631 - INFO - Resurrection successful! Guardian continues... 💎
💎 2025-08-03 14:09:29,632 - WARNING - Bot is dead! Resurrection attempt #70 💎
💎 2025-08-03 14:09:29,632 - WARNING - Bot has died! RESURRECTING... 💎
💎 2025-08-03 14:09:39,633 - INFO - Starting IMMORTAL Discord Community Global Launcher... 💎
💎 2025-08-03 14:09:39,641 - INFO - IMMORTAL Discord bot started with PID: 1836 💎
💎 2025-08-03 14:09:39,643 - INFO - RESURRECTION SUCCESSFUL! Restart #70 💎
💎 2025-08-03 14:09:39,643 - INFO - Resurrection successful! Guardian continues... 💎
💎 2025-08-03 14:09:58,762 - INFO - IMMORTAL STATUS: Bot restarts: 70 💎
💎 2025-08-03 14:10:09,645 - WARNING - Bot is dead! Resurrection attempt #71 💎
💎 2025-08-03 14:10:09,645 - WARNING - Bot has died! RESURRECTING... 💎
💎 2025-08-03 14:10:19,646 - INFO - Starting IMMORTAL Discord Community Global Launcher... 💎
💎 2025-08-03 14:10:19,655 - INFO - IMMORTAL Discord bot started with PID: 12800 💎
💎 2025-08-03 14:10:19,669 - INFO - RESURRECTION SUCCESSFUL! Restart #71 💎
💎 2025-08-03 14:10:19,670 - INFO - Resurrection successful! Guardian continues... 💎
💎 2025-08-03 14:10:49,671 - WARNING - Bot is dead! Resurrection attempt #72 💎
💎 2025-08-03 14:10:49,672 - WARNING - Bot has died! RESURRECTING... 💎
💎 2025-08-03 14:10:58,764 - INFO - IMMORTAL STATUS: Bot restarts: 72 💎
💎 2025-08-03 14:10:59,676 - INFO - Starting IMMORTAL Discord Community Global Launcher... 💎
💎 2025-08-03 14:10:59,698 - INFO - IMMORTAL Discord bot started with PID: 15668 💎
💎 2025-08-03 14:10:59,714 - INFO - RESURRECTION SUCCESSFUL! Restart #72 💎
💎 2025-08-03 14:10:59,721 - INFO - Resurrection successful! Guardian continues... 💎
💎 2025-08-03 14:11:29,726 - WARNING - Bot is dead! Resurrection attempt #73 💎
💎 2025-08-03 14:11:29,726 - WARNING - Bot has died! RESURRECTING... 💎
💎 2025-08-03 14:11:39,727 - INFO - Starting IMMORTAL Discord Community Global Launcher... 💎
💎 2025-08-03 14:11:39,735 - INFO - IMMORTAL Discord bot started with PID: 6060 💎
💎 2025-08-03 14:11:39,737 - INFO - RESURRECTION SUCCESSFUL! Restart #73 💎
💎 2025-08-03 14:11:39,737 - INFO - Resurrection successful! Guardian continues... 💎
💎 2025-08-03 14:11:58,765 - INFO - IMMORTAL STATUS: Bot restarts: 73 💎
💎 2025-08-03 14:12:09,738 - WARNING - Bot is dead! Resurrection attempt #74 💎
💎 2025-08-03 14:12:09,738 - WARNING - Bot has died! RESURRECTING... 💎
💎 2025-08-03 14:12:19,739 - INFO - Starting IMMORTAL Discord Community Global Launcher... 💎
💎 2025-08-03 14:12:19,750 - INFO - IMMORTAL Discord bot started with PID: 3700 💎
💎 2025-08-03 14:12:19,753 - INFO - RESURRECTION SUCCESSFUL! Restart #74 💎
💎 2025-08-03 14:12:19,754 - INFO - Resurrection successful! Guardian continues... 💎
💎 2025-08-03 14:12:49,756 - WARNING - Bot is dead! Resurrection attempt #75 💎
💎 2025-08-03 14:12:49,757 - WARNING - Bot has died! RESURRECTING... 💎
💎 2025-08-03 14:12:58,766 - INFO - IMMORTAL STATUS: Bot restarts: 75 💎
💎 2025-08-03 14:12:59,758 - INFO - Starting IMMORTAL Discord Community Global Launcher... 💎
💎 2025-08-03 14:12:59,769 - INFO - IMMORTAL Discord bot started with PID: 4296 💎
💎 2025-08-03 14:12:59,770 - INFO - RESURRECTION SUCCESSFUL! Restart #75 💎
💎 2025-08-03 14:12:59,771 - INFO - Resurrection successful! Guardian continues... 💎
💎 2025-08-03 14:13:29,772 - WARNING - Bot is dead! Resurrection attempt #76 💎
💎 2025-08-03 14:13:29,772 - WARNING - Bot has died! RESURRECTING... 💎
💎 2025-08-03 14:13:39,773 - INFO - Starting IMMORTAL Discord Community Global Launcher... 💎
💎 2025-08-03 14:13:39,783 - INFO - IMMORTAL Discord bot started with PID: 15212 💎
💎 2025-08-03 14:13:39,785 - INFO - RESURRECTION SUCCESSFUL! Restart #76 💎
💎 2025-08-03 14:13:39,786 - INFO - Resurrection successful! Guardian continues... 💎
💎 2025-08-03 14:13:58,767 - INFO - IMMORTAL STATUS: Bot restarts: 76 💎
💎 2025-08-03 14:14:09,788 - WARNING - Bot is dead! Resurrection attempt #77 💎
💎 2025-08-03 14:14:09,788 - WARNING - Bot has died! RESURRECTING... 💎
💎 2025-08-03 14:14:19,789 - INFO - Starting IMMORTAL Discord Community Global Launcher... 💎
💎 2025-08-03 14:14:19,796 - INFO - IMMORTAL Discord bot started with PID: 15972 💎
💎 2025-08-03 14:14:19,798 - INFO - RESURRECTION SUCCESSFUL! Restart #77 💎
💎 2025-08-03 14:14:19,798 - INFO - Resurrection successful! Guardian continues... 💎
💎 2025-08-03 14:14:49,799 - WARNING - Bot is dead! Resurrection attempt #78 💎
💎 2025-08-03 14:14:49,800 - WARNING - Bot has died! RESURRECTING... 💎
💎 2025-08-03 14:14:58,767 - INFO - IMMORTAL STATUS: Bot restarts: 78 💎
💎 2025-08-03 14:14:59,801 - INFO - Starting IMMORTAL Discord Community Global Launcher... 💎
💎 2025-08-03 14:14:59,808 - INFO - IMMORTAL Discord bot started with PID: 19600 💎
💎 2025-08-03 14:14:59,811 - INFO - RESURRECTION SUCCESSFUL! Restart #78 💎
💎 2025-08-03 14:14:59,812 - INFO - Resurrection successful! Guardian continues... 💎
💎 2025-08-03 14:15:29,813 - WARNING - Bot is dead! Resurrection attempt #79 💎
💎 2025-08-03 14:15:29,813 - WARNING - Bot has died! RESURRECTING... 💎
💎 2025-08-03 14:15:39,814 - INFO - Starting IMMORTAL Discord Community Global Launcher... 💎
💎 2025-08-03 14:15:39,822 - INFO - IMMORTAL Discord bot started with PID: 19556 💎
💎 2025-08-03 14:15:39,824 - INFO - RESURRECTION SUCCESSFUL! Restart #79 💎
💎 2025-08-03 14:15:39,825 - INFO - Resurrection successful! Guardian continues... 💎
💎 2025-08-03 14:15:58,768 - INFO - IMMORTAL STATUS: Bot restarts: 79 💎
💎 2025-08-03 14:16:09,826 - WARNING - Bot is dead! Resurrection attempt #80 💎
💎 2025-08-03 14:16:09,826 - WARNING - Bot has died! RESURRECTING... 💎
💎 2025-08-03 14:16:19,827 - INFO - Starting IMMORTAL Discord Community Global Launcher... 💎
💎 2025-08-03 14:16:19,836 - INFO - IMMORTAL Discord bot started with PID: 11176 💎
💎 2025-08-03 14:16:19,837 - INFO - RESURRECTION SUCCESSFUL! Restart #80 💎
💎 2025-08-03 14:16:19,838 - INFO - Resurrection successful! Guardian continues... 💎
💎 2025-08-03 14:16:49,838 - WARNING - Bot is dead! Resurrection attempt #81 💎
💎 2025-08-03 14:16:49,839 - WARNING - Bot has died! RESURRECTING... 💎
💎 2025-08-03 14:16:58,770 - INFO - IMMORTAL STATUS: Bot restarts: 81 💎
💎 2025-08-03 14:16:59,841 - INFO - Starting IMMORTAL Discord Community Global Launcher... 💎
💎 2025-08-03 14:16:59,852 - INFO - IMMORTAL Discord bot started with PID: 16096 💎
💎 2025-08-03 14:16:59,854 - INFO - RESURRECTION SUCCESSFUL! Restart #81 💎
💎 2025-08-03 14:16:59,858 - INFO - Resurrection successful! Guardian continues... 💎
💎 2025-08-03 14:17:29,862 - WARNING - Bot is dead! Resurrection attempt #82 💎
💎 2025-08-03 14:17:29,863 - WARNING - Bot has died! RESURRECTING... 💎
💎 2025-08-03 14:17:39,864 - INFO - Starting IMMORTAL Discord Community Global Launcher... 💎
💎 2025-08-03 14:17:39,872 - INFO - IMMORTAL Discord bot started with PID: 8772 💎
💎 2025-08-03 14:17:39,873 - INFO - RESURRECTION SUCCESSFUL! Restart #82 💎
💎 2025-08-03 14:17:39,875 - INFO - Resurrection successful! Guardian continues... 💎
💎 2025-08-03 14:17:58,771 - INFO - IMMORTAL STATUS: Bot restarts: 82 💎
💎 2025-08-03 14:18:09,876 - WARNING - Bot is dead! Resurrection attempt #83 💎
💎 2025-08-03 14:18:09,877 - WARNING - Bot has died! RESURRECTING... 💎
💎 2025-08-03 14:18:19,877 - INFO - Starting IMMORTAL Discord Community Global Launcher... 💎
💎 2025-08-03 14:18:19,886 - INFO - IMMORTAL Discord bot started with PID: 19936 💎
💎 2025-08-03 14:18:19,888 - INFO - RESURRECTION SUCCESSFUL! Restart #83 💎
💎 2025-08-03 14:18:19,888 - INFO - Resurrection successful! Guardian continues... 💎
💎 2025-08-03 14:18:49,889 - WARNING - Bot is dead! Resurrection attempt #84 💎
💎 2025-08-03 14:18:49,889 - WARNING - Bot has died! RESURRECTING... 💎
💎 2025-08-03 14:18:58,772 - INFO - IMMORTAL STATUS: Bot restarts: 84 💎
💎 2025-08-03 14:18:59,890 - INFO - Starting IMMORTAL Discord Community Global Launcher... 💎
💎 2025-08-03 14:18:59,900 - INFO - IMMORTAL Discord bot started with PID: 16348 💎
💎 2025-08-03 14:18:59,901 - INFO - RESURRECTION SUCCESSFUL! Restart #84 💎
💎 2025-08-03 14:18:59,902 - INFO - Resurrection successful! Guardian continues... 💎
💎 2025-08-03 14:19:29,903 - WARNING - Bot is dead! Resurrection attempt #85 💎
💎 2025-08-03 14:19:29,903 - WARNING - Bot has died! RESURRECTING... 💎
💎 2025-08-03 14:19:39,904 - INFO - Starting IMMORTAL Discord Community Global Launcher... 💎
💎 2025-08-03 14:19:39,912 - INFO - IMMORTAL Discord bot started with PID: 11144 💎
💎 2025-08-03 14:19:39,913 - INFO - RESURRECTION SUCCESSFUL! Restart #85 💎
💎 2025-08-03 14:19:39,914 - INFO - Resurrection successful! Guardian continues... 💎
💎 2025-08-03 14:19:58,772 - INFO - IMMORTAL STATUS: Bot restarts: 85 💎
💎 2025-08-03 14:20:09,915 - WARNING - Bot is dead! Resurrection attempt #86 💎
💎 2025-08-03 14:20:09,916 - WARNING - Bot has died! RESURRECTING... 💎
💎 2025-08-03 14:20:19,917 - INFO - Starting IMMORTAL Discord Community Global Launcher... 💎
💎 2025-08-03 14:20:19,927 - INFO - IMMORTAL Discord bot started with PID: 15128 💎
💎 2025-08-03 14:20:19,929 - INFO - RESURRECTION SUCCESSFUL! Restart #86 💎
💎 2025-08-03 14:20:19,930 - INFO - Resurrection successful! Guardian continues... 💎
💎 2025-08-03 14:20:49,931 - WARNING - Bot is dead! Resurrection attempt #87 💎
💎 2025-08-03 14:20:49,931 - WARNING - Bot has died! RESURRECTING... 💎
💎 2025-08-03 14:20:58,773 - INFO - IMMORTAL STATUS: Bot restarts: 87 💎
💎 2025-08-03 14:20:59,932 - INFO - Starting IMMORTAL Discord Community Global Launcher... 💎
💎 2025-08-03 14:20:59,940 - INFO - IMMORTAL Discord bot started with PID: 9552 💎
💎 2025-08-03 14:20:59,942 - INFO - RESURRECTION SUCCESSFUL! Restart #87 💎
💎 2025-08-03 14:20:59,942 - INFO - Resurrection successful! Guardian continues... 💎
💎 2025-08-03 14:21:29,944 - WARNING - Bot is dead! Resurrection attempt #88 💎
💎 2025-08-03 14:21:29,944 - WARNING - Bot has died! RESURRECTING... 💎
💎 2025-08-03 14:21:39,945 - INFO - Starting IMMORTAL Discord Community Global Launcher... 💎
💎 2025-08-03 14:21:39,954 - INFO - IMMORTAL Discord bot started with PID: 14152 💎
💎 2025-08-03 14:21:39,956 - INFO - RESURRECTION SUCCESSFUL! Restart #88 💎
💎 2025-08-03 14:21:39,957 - INFO - Resurrection successful! Guardian continues... 💎
💎 2025-08-03 14:21:58,774 - INFO - IMMORTAL STATUS: Bot restarts: 88 💎
💎 2025-08-03 14:22:09,958 - WARNING - Bot is dead! Resurrection attempt #89 💎
💎 2025-08-03 14:22:09,958 - WARNING - Bot has died! RESURRECTING... 💎
💎 2025-08-03 14:22:19,959 - INFO - Starting IMMORTAL Discord Community Global Launcher... 💎
💎 2025-08-03 14:22:19,966 - INFO - IMMORTAL Discord bot started with PID: 2816 💎
💎 2025-08-03 14:22:19,968 - INFO - RESURRECTION SUCCESSFUL! Restart #89 💎
💎 2025-08-03 14:22:19,969 - INFO - Resurrection successful! Guardian continues... 💎
💎 2025-08-03 14:22:49,970 - WARNING - Bot is dead! Resurrection attempt #90 💎
💎 2025-08-03 14:22:49,971 - WARNING - Bot has died! RESURRECTING... 💎
💎 2025-08-03 14:22:58,775 - INFO - IMMORTAL STATUS: Bot restarts: 90 💎
💎 2025-08-03 14:22:59,972 - INFO - Starting IMMORTAL Discord Community Global Launcher... 💎
💎 2025-08-03 14:22:59,991 - INFO - IMMORTAL Discord bot started with PID: 4804 💎
💎 2025-08-03 14:22:59,996 - INFO - RESURRECTION SUCCESSFUL! Restart #90 💎
💎 2025-08-03 14:22:59,998 - INFO - Resurrection successful! Guardian continues... 💎
💎 2025-08-03 14:23:29,999 - WARNING - Bot is dead! Resurrection attempt #91 💎
💎 2025-08-03 14:23:30,000 - WARNING - Bot has died! RESURRECTING... 💎
💎 2025-08-03 14:23:40,001 - INFO - Starting IMMORTAL Discord Community Global Launcher... 💎
💎 2025-08-03 14:23:40,018 - INFO - IMMORTAL Discord bot started with PID: 19752 💎
💎 2025-08-03 14:23:40,020 - INFO - RESURRECTION SUCCESSFUL! Restart #91 💎
💎 2025-08-03 14:23:40,020 - INFO - Resurrection successful! Guardian continues... 💎
💎 2025-08-03 14:23:58,775 - INFO - IMMORTAL STATUS: Bot restarts: 91 💎
💎 2025-08-03 14:24:10,021 - WARNING - Bot is dead! Resurrection attempt #92 💎
💎 2025-08-03 14:24:10,022 - WARNING - Bot has died! RESURRECTING... 💎
💎 2025-08-03 14:24:20,022 - INFO - Starting IMMORTAL Discord Community Global Launcher... 💎
💎 2025-08-03 14:24:20,030 - INFO - IMMORTAL Discord bot started with PID: 18172 💎
💎 2025-08-03 14:24:20,032 - INFO - RESURRECTION SUCCESSFUL! Restart #92 💎
💎 2025-08-03 14:24:20,033 - INFO - Resurrection successful! Guardian continues... 💎
💎 2025-08-03 14:24:50,033 - WARNING - Bot is dead! Resurrection attempt #93 💎
💎 2025-08-03 14:24:50,034 - WARNING - Bot has died! RESURRECTING... 💎
💎 2025-08-03 14:24:58,776 - INFO - IMMORTAL STATUS: Bot restarts: 93 💎
💎 2025-08-03 14:25:00,034 - INFO - Starting IMMORTAL Discord Community Global Launcher... 💎
💎 2025-08-03 14:25:00,044 - INFO - IMMORTAL Discord bot started with PID: 19324 💎
💎 2025-08-03 14:25:00,046 - INFO - RESURRECTION SUCCESSFUL! Restart #93 💎
💎 2025-08-03 14:25:00,046 - INFO - Resurrection successful! Guardian continues... 💎
💎 2025-08-03 14:25:30,048 - WARNING - Bot is dead! Resurrection attempt #94 💎
💎 2025-08-03 14:25:30,048 - WARNING - Bot has died! RESURRECTING... 💎
💎 2025-08-03 14:25:40,049 - INFO - Starting IMMORTAL Discord Community Global Launcher... 💎
💎 2025-08-03 14:25:40,058 - INFO - IMMORTAL Discord bot started with PID: 20380 💎
💎 2025-08-03 14:25:40,060 - INFO - RESURRECTION SUCCESSFUL! Restart #94 💎
💎 2025-08-03 14:25:40,061 - INFO - Resurrection successful! Guardian continues... 💎
💎 2025-08-03 14:25:58,777 - INFO - IMMORTAL STATUS: Bot restarts: 94 💎
💎 2025-08-03 14:26:10,062 - WARNING - Bot is dead! Resurrection attempt #95 💎
💎 2025-08-03 14:26:10,063 - WARNING - Bot has died! RESURRECTING... 💎
💎 2025-08-03 14:26:20,064 - INFO - Starting IMMORTAL Discord Community Global Launcher... 💎
💎 2025-08-03 14:26:20,072 - INFO - IMMORTAL Discord bot started with PID: 6316 💎
💎 2025-08-03 14:26:20,074 - INFO - RESURRECTION SUCCESSFUL! Restart #95 💎
💎 2025-08-03 14:26:20,075 - INFO - Resurrection successful! Guardian continues... 💎
💎 2025-08-03 14:26:50,075 - WARNING - Bot is dead! Resurrection attempt #96 💎
💎 2025-08-03 14:26:50,076 - WARNING - Bot has died! RESURRECTING... 💎
💎 2025-08-03 14:26:58,778 - INFO - IMMORTAL STATUS: Bot restarts: 96 💎
💎 2025-08-03 14:27:00,077 - INFO - Starting IMMORTAL Discord Community Global Launcher... 💎
💎 2025-08-03 14:27:00,084 - INFO - IMMORTAL Discord bot started with PID: 3032 💎
💎 2025-08-03 14:27:00,086 - INFO - RESURRECTION SUCCESSFUL! Restart #96 💎
💎 2025-08-03 14:27:00,086 - INFO - Resurrection successful! Guardian continues... 💎
💎 2025-08-03 14:27:30,087 - WARNING - Bot is dead! Resurrection attempt #97 💎
💎 2025-08-03 14:27:30,088 - WARNING - Bot has died! RESURRECTING... 💎
💎 2025-08-03 14:27:40,088 - INFO - Starting IMMORTAL Discord Community Global Launcher... 💎
💎 2025-08-03 14:27:40,096 - INFO - IMMORTAL Discord bot started with PID: 18728 💎
💎 2025-08-03 14:27:40,098 - INFO - RESURRECTION SUCCESSFUL! Restart #97 💎
💎 2025-08-03 14:27:40,099 - INFO - Resurrection successful! Guardian continues... 💎
💎 2025-08-03 14:27:58,778 - INFO - IMMORTAL STATUS: Bot restarts: 97 💎
💎 2025-08-03 14:28:10,100 - WARNING - Bot is dead! Resurrection attempt #98 💎
💎 2025-08-03 14:28:10,100 - WARNING - Bot has died! RESURRECTING... 💎
💎 2025-08-03 14:28:20,101 - INFO - Starting IMMORTAL Discord Community Global Launcher... 💎
💎 2025-08-03 14:28:20,108 - INFO - IMMORTAL Discord bot started with PID: 16876 💎
💎 2025-08-03 14:28:20,110 - INFO - RESURRECTION SUCCESSFUL! Restart #98 💎
💎 2025-08-03 14:28:20,110 - INFO - Resurrection successful! Guardian continues... 💎
💎 2025-08-03 14:28:50,111 - WARNING - Bot is dead! Resurrection attempt #99 💎
💎 2025-08-03 14:28:50,112 - WARNING - Bot has died! RESURRECTING... 💎
💎 2025-08-03 14:28:58,779 - INFO - IMMORTAL STATUS: Bot restarts: 99 💎
💎 2025-08-03 14:29:00,112 - INFO - Starting IMMORTAL Discord Community Global Launcher... 💎
💎 2025-08-03 14:29:00,122 - INFO - IMMORTAL Discord bot started with PID: 16404 💎
💎 2025-08-03 14:29:00,123 - INFO - RESURRECTION SUCCESSFUL! Restart #99 💎
💎 2025-08-03 14:29:00,125 - INFO - Resurrection successful! Guardian continues... 💎
💎 2025-08-03 14:29:30,126 - WARNING - Bot is dead! Resurrection attempt #100 💎
💎 2025-08-03 14:29:30,127 - WARNING - Bot has died! RESURRECTING... 💎
💎 2025-08-03 14:29:40,127 - INFO - Starting IMMORTAL Discord Community Global Launcher... 💎
💎 2025-08-03 14:29:40,136 - INFO - IMMORTAL Discord bot started with PID: 20164 💎
💎 2025-08-03 14:29:40,138 - INFO - RESURRECTION SUCCESSFUL! Restart #100 💎
💎 2025-08-03 14:29:40,138 - INFO - Resurrection successful! Guardian continues... 💎
💎 2025-08-03 14:29:58,780 - INFO - IMMORTAL STATUS: Bot restarts: 100 💎
💎 2025-08-03 14:30:10,139 - WARNING - Bot is dead! Resurrection attempt #101 💎
💎 2025-08-03 14:30:10,139 - WARNING - Bot has died! RESURRECTING... 💎
💎 2025-08-03 14:30:20,140 - INFO - Starting IMMORTAL Discord Community Global Launcher... 💎
💎 2025-08-03 14:30:20,148 - INFO - IMMORTAL Discord bot started with PID: 15624 💎
💎 2025-08-03 14:30:20,149 - INFO - RESURRECTION SUCCESSFUL! Restart #101 💎
💎 2025-08-03 14:30:20,150 - INFO - Resurrection successful! Guardian continues... 💎
💎 2025-08-03 14:30:50,152 - WARNING - Bot is dead! Resurrection attempt #102 💎
💎 2025-08-03 14:30:50,152 - WARNING - Bot has died! RESURRECTING... 💎
💎 2025-08-03 14:30:58,781 - INFO - IMMORTAL STATUS: Bot restarts: 102 💎
💎 2025-08-03 14:31:00,153 - INFO - Starting IMMORTAL Discord Community Global Launcher... 💎
💎 2025-08-03 14:31:00,161 - INFO - IMMORTAL Discord bot started with PID: 20396 💎
💎 2025-08-03 14:31:00,163 - INFO - RESURRECTION SUCCESSFUL! Restart #102 💎
💎 2025-08-03 14:31:00,164 - INFO - Resurrection successful! Guardian continues... 💎
💎 2025-08-03 14:31:30,165 - WARNING - Bot is dead! Resurrection attempt #103 💎
💎 2025-08-03 14:31:30,166 - WARNING - Bot has died! RESURRECTING... 💎
💎 2025-08-03 14:31:40,167 - INFO - Starting IMMORTAL Discord Community Global Launcher... 💎
💎 2025-08-03 14:31:40,176 - INFO - IMMORTAL Discord bot started with PID: 2460 💎
💎 2025-08-03 14:31:40,177 - INFO - RESURRECTION SUCCESSFUL! Restart #103 💎
💎 2025-08-03 14:31:40,178 - INFO - Resurrection successful! Guardian continues... 💎
💎 2025-08-03 14:31:58,782 - INFO - IMMORTAL STATUS: Bot restarts: 103 💎
💎 2025-08-03 14:32:10,179 - WARNING - Bot is dead! Resurrection attempt #104 💎
💎 2025-08-03 14:32:10,180 - WARNING - Bot has died! RESURRECTING... 💎
💎 2025-08-03 14:32:20,180 - INFO - Starting IMMORTAL Discord Community Global Launcher... 💎
💎 2025-08-03 14:32:20,189 - INFO - IMMORTAL Discord bot started with PID: 3984 💎
💎 2025-08-03 14:32:20,191 - INFO - RESURRECTION SUCCESSFUL! Restart #104 💎
💎 2025-08-03 14:32:20,191 - INFO - Resurrection successful! Guardian continues... 💎
💎 2025-08-03 14:32:50,192 - WARNING - Bot is dead! Resurrection attempt #105 💎
💎 2025-08-03 14:32:50,193 - WARNING - Bot has died! RESURRECTING... 💎
💎 2025-08-03 14:32:58,782 - INFO - IMMORTAL STATUS: Bot restarts: 105 💎
💎 2025-08-03 14:33:00,193 - INFO - Starting IMMORTAL Discord Community Global Launcher... 💎
💎 2025-08-03 14:33:00,203 - INFO - IMMORTAL Discord bot started with PID: 4044 💎
💎 2025-08-03 14:33:00,205 - INFO - RESURRECTION SUCCESSFUL! Restart #105 💎
💎 2025-08-03 14:33:00,205 - INFO - Resurrection successful! Guardian continues... 💎
💎 2025-08-03 14:33:30,206 - WARNING - Bot is dead! Resurrection attempt #106 💎
💎 2025-08-03 14:33:30,207 - WARNING - Bot has died! RESURRECTING... 💎
💎 2025-08-03 14:33:40,208 - INFO - Starting IMMORTAL Discord Community Global Launcher... 💎
💎 2025-08-03 14:33:40,217 - INFO - IMMORTAL Discord bot started with PID: 19956 💎
💎 2025-08-03 14:33:40,219 - INFO - RESURRECTION SUCCESSFUL! Restart #106 💎
💎 2025-08-03 14:33:40,220 - INFO - Resurrection successful! Guardian continues... 💎
💎 2025-08-03 14:33:58,784 - INFO - IMMORTAL STATUS: Bot restarts: 106 💎
💎 2025-08-03 14:34:10,221 - WARNING - Bot is dead! Resurrection attempt #107 💎
💎 2025-08-03 14:34:10,221 - WARNING - Bot has died! RESURRECTING... 💎
💎 2025-08-03 14:34:20,222 - INFO - Starting IMMORTAL Discord Community Global Launcher... 💎
💎 2025-08-03 14:34:20,231 - INFO - IMMORTAL Discord bot started with PID: 20004 💎
💎 2025-08-03 14:34:20,233 - INFO - RESURRECTION SUCCESSFUL! Restart #107 💎
💎 2025-08-03 14:34:20,234 - INFO - Resurrection successful! Guardian continues... 💎
💎 2025-08-03 14:34:50,235 - WARNING - Bot is dead! Resurrection attempt #108 💎
💎 2025-08-03 14:34:50,235 - WARNING - Bot has died! RESURRECTING... 💎
💎 2025-08-03 14:34:58,787 - INFO - IMMORTAL STATUS: Bot restarts: 108 💎
💎 2025-08-03 14:35:00,236 - INFO - Starting IMMORTAL Discord Community Global Launcher... 💎
💎 2025-08-03 14:35:00,247 - INFO - IMMORTAL Discord bot started with PID: 12436 💎
💎 2025-08-03 14:35:00,250 - INFO - RESURRECTION SUCCESSFUL! Restart #108 💎
💎 2025-08-03 14:35:00,250 - INFO - Resurrection successful! Guardian continues... 💎
💎 2025-08-03 14:35:30,251 - WARNING - Bot is dead! Resurrection attempt #109 💎
💎 2025-08-03 14:35:30,251 - WARNING - Bot has died! RESURRECTING... 💎
💎 2025-08-03 14:35:40,252 - INFO - Starting IMMORTAL Discord Community Global Launcher... 💎
💎 2025-08-03 14:35:40,262 - INFO - IMMORTAL Discord bot started with PID: 15056 💎
💎 2025-08-03 14:35:40,264 - INFO - RESURRECTION SUCCESSFUL! Restart #109 💎
💎 2025-08-03 14:35:40,265 - INFO - Resurrection successful! Guardian continues... 💎
💎 2025-08-03 14:35:58,788 - INFO - IMMORTAL STATUS: Bot restarts: 109 💎
💎 2025-08-03 14:36:10,265 - WARNING - Bot is dead! Resurrection attempt #110 💎
💎 2025-08-03 14:36:10,266 - WARNING - Bot has died! RESURRECTING... 💎
💎 2025-08-03 14:36:20,267 - INFO - Starting IMMORTAL Discord Community Global Launcher... 💎
💎 2025-08-03 14:36:20,274 - INFO - IMMORTAL Discord bot started with PID: 15740 💎
💎 2025-08-03 14:36:20,276 - INFO - RESURRECTION SUCCESSFUL! Restart #110 💎
💎 2025-08-03 14:36:20,276 - INFO - Resurrection successful! Guardian continues... 💎
💎 2025-08-03 14:36:50,277 - WARNING - Bot is dead! Resurrection attempt #111 💎
💎 2025-08-03 14:36:50,277 - WARNING - Bot has died! RESURRECTING... 💎
💎 2025-08-03 14:36:58,788 - INFO - IMMORTAL STATUS: Bot restarts: 111 💎
💎 2025-08-03 14:37:00,278 - INFO - Starting IMMORTAL Discord Community Global Launcher... 💎
💎 2025-08-03 14:37:00,289 - INFO - IMMORTAL Discord bot started with PID: 9412 💎
💎 2025-08-03 14:37:00,291 - INFO - RESURRECTION SUCCESSFUL! Restart #111 💎
💎 2025-08-03 14:37:00,292 - INFO - Resurrection successful! Guardian continues... 💎
💎 2025-08-03 14:37:30,293 - WARNING - Bot is dead! Resurrection attempt #112 💎
💎 2025-08-03 14:37:30,294 - WARNING - Bot has died! RESURRECTING... 💎
💎 2025-08-03 14:37:40,295 - INFO - Starting IMMORTAL Discord Community Global Launcher... 💎
💎 2025-08-03 14:37:40,305 - INFO - IMMORTAL Discord bot started with PID: 9344 💎
💎 2025-08-03 14:37:40,306 - INFO - RESURRECTION SUCCESSFUL! Restart #112 💎
💎 2025-08-03 14:37:40,307 - INFO - Resurrection successful! Guardian continues... 💎
💎 2025-08-03 14:37:58,790 - INFO - IMMORTAL STATUS: Bot restarts: 112 💎
💎 2025-08-03 14:38:10,308 - WARNING - Bot is dead! Resurrection attempt #113 💎
💎 2025-08-03 14:38:10,309 - WARNING - Bot has died! RESURRECTING... 💎
💎 2025-08-03 14:38:20,312 - INFO - Starting IMMORTAL Discord Community Global Launcher... 💎
💎 2025-08-03 14:38:20,321 - INFO - IMMORTAL Discord bot started with PID: 9552 💎
💎 2025-08-03 14:38:20,322 - INFO - RESURRECTION SUCCESSFUL! Restart #113 💎
💎 2025-08-03 14:38:20,323 - INFO - Resurrection successful! Guardian continues... 💎
💎 2025-08-03 14:38:50,324 - WARNING - Bot is dead! Resurrection attempt #114 💎
💎 2025-08-03 14:38:50,325 - WARNING - Bot has died! RESURRECTING... 💎
💎 2025-08-03 14:38:58,790 - INFO - IMMORTAL STATUS: Bot restarts: 114 💎
💎 2025-08-03 14:39:00,325 - INFO - Starting IMMORTAL Discord Community Global Launcher... 💎
💎 2025-08-03 14:39:00,335 - INFO - IMMORTAL Discord bot started with PID: 3892 💎
💎 2025-08-03 14:39:00,337 - INFO - RESURRECTION SUCCESSFUL! Restart #114 💎
💎 2025-08-03 14:39:00,338 - INFO - Resurrection successful! Guardian continues... 💎
💎 2025-08-03 14:39:30,339 - WARNING - Bot is dead! Resurrection attempt #115 💎
💎 2025-08-03 14:39:30,340 - WARNING - Bot has died! RESURRECTING... 💎
💎 2025-08-03 14:39:40,341 - INFO - Starting IMMORTAL Discord Community Global Launcher... 💎
💎 2025-08-03 14:39:40,350 - INFO - IMMORTAL Discord bot started with PID: 15780 💎
💎 2025-08-03 14:39:40,352 - INFO - RESURRECTION SUCCESSFUL! Restart #115 💎
💎 2025-08-03 14:39:40,353 - INFO - Resurrection successful! Guardian continues... 💎
💎 2025-08-03 14:39:58,791 - INFO - IMMORTAL STATUS: Bot restarts: 115 💎
💎 2025-08-03 14:40:10,354 - WARNING - Bot is dead! Resurrection attempt #116 💎
💎 2025-08-03 14:40:10,354 - WARNING - Bot has died! RESURRECTING... 💎
💎 2025-08-03 14:40:20,355 - INFO - Starting IMMORTAL Discord Community Global Launcher... 💎
💎 2025-08-03 14:40:20,363 - INFO - IMMORTAL Discord bot started with PID: 18636 💎
💎 2025-08-03 14:40:20,364 - INFO - RESURRECTION SUCCESSFUL! Restart #116 💎
💎 2025-08-03 14:40:20,365 - INFO - Resurrection successful! Guardian continues... 💎
💎 2025-08-03 14:40:50,366 - WARNING - Bot is dead! Resurrection attempt #117 💎
💎 2025-08-03 14:40:50,366 - WARNING - Bot has died! RESURRECTING... 💎
💎 2025-08-03 14:40:58,792 - INFO - IMMORTAL STATUS: Bot restarts: 117 💎
💎 2025-08-03 14:41:00,367 - INFO - Starting IMMORTAL Discord Community Global Launcher... 💎
💎 2025-08-03 14:41:00,375 - INFO - IMMORTAL Discord bot started with PID: 8816 💎
💎 2025-08-03 14:41:00,376 - INFO - RESURRECTION SUCCESSFUL! Restart #117 💎
💎 2025-08-03 14:41:00,376 - INFO - Resurrection successful! Guardian continues... 💎
💎 2025-08-03 14:41:30,377 - WARNING - Bot is dead! Resurrection attempt #118 💎
💎 2025-08-03 14:41:30,378 - WARNING - Bot has died! RESURRECTING... 💎
💎 2025-08-03 14:41:40,378 - INFO - Starting IMMORTAL Discord Community Global Launcher... 💎
💎 2025-08-03 14:41:40,388 - INFO - IMMORTAL Discord bot started with PID: 18740 💎
💎 2025-08-03 14:41:40,389 - INFO - RESURRECTION SUCCESSFUL! Restart #118 💎
💎 2025-08-03 14:41:40,390 - INFO - Resurrection successful! Guardian continues... 💎
💎 2025-08-03 14:41:58,793 - INFO - IMMORTAL STATUS: Bot restarts: 118 💎
💎 2025-08-03 14:42:10,391 - WARNING - Bot is dead! Resurrection attempt #119 💎
💎 2025-08-03 14:42:10,392 - WARNING - Bot has died! RESURRECTING... 💎
💎 2025-08-03 14:42:20,392 - INFO - Starting IMMORTAL Discord Community Global Launcher... 💎
💎 2025-08-03 14:42:20,400 - INFO - IMMORTAL Discord bot started with PID: 15956 💎
💎 2025-08-03 14:42:20,401 - INFO - RESURRECTION SUCCESSFUL! Restart #119 💎
💎 2025-08-03 14:42:20,402 - INFO - Resurrection successful! Guardian continues... 💎
💎 2025-08-03 14:42:50,403 - WARNING - Bot is dead! Resurrection attempt #120 💎
💎 2025-08-03 14:42:50,404 - WARNING - Bot has died! RESURRECTING... 💎
💎 2025-08-03 14:42:58,794 - INFO - IMMORTAL STATUS: Bot restarts: 120 💎
💎 2025-08-03 14:43:00,404 - INFO - Starting IMMORTAL Discord Community Global Launcher... 💎
💎 2025-08-03 14:43:00,416 - INFO - IMMORTAL Discord bot started with PID: 15236 💎
💎 2025-08-03 14:43:00,417 - INFO - RESURRECTION SUCCESSFUL! Restart #120 💎
💎 2025-08-03 14:43:00,418 - INFO - Resurrection successful! Guardian continues... 💎
💎 2025-08-03 14:43:30,419 - WARNING - Bot is dead! Resurrection attempt #121 💎
💎 2025-08-03 14:43:30,420 - WARNING - Bot has died! RESURRECTING... 💎
💎 2025-08-03 14:43:40,420 - INFO - Starting IMMORTAL Discord Community Global Launcher... 💎
💎 2025-08-03 14:43:40,429 - INFO - IMMORTAL Discord bot started with PID: 5384 💎
💎 2025-08-03 14:43:40,431 - INFO - RESURRECTION SUCCESSFUL! Restart #121 💎
💎 2025-08-03 14:43:40,431 - INFO - Resurrection successful! Guardian continues... 💎
💎 2025-08-03 14:43:58,795 - INFO - IMMORTAL STATUS: Bot restarts: 121 💎
💎 2025-08-03 14:44:10,432 - WARNING - Bot is dead! Resurrection attempt #122 💎
💎 2025-08-03 14:44:10,433 - WARNING - Bot has died! RESURRECTING... 💎
💎 2025-08-03 14:44:20,434 - INFO - Starting IMMORTAL Discord Community Global Launcher... 💎
💎 2025-08-03 14:44:20,443 - INFO - IMMORTAL Discord bot started with PID: 19776 💎
💎 2025-08-03 14:44:20,445 - INFO - RESURRECTION SUCCESSFUL! Restart #122 💎
💎 2025-08-03 14:44:20,446 - INFO - Resurrection successful! Guardian continues... 💎
💎 2025-08-03 14:44:50,447 - WARNING - Bot is dead! Resurrection attempt #123 💎
💎 2025-08-03 14:44:50,448 - WARNING - Bot has died! RESURRECTING... 💎
💎 2025-08-03 14:44:58,796 - INFO - IMMORTAL STATUS: Bot restarts: 123 💎
💎 2025-08-03 14:45:00,449 - INFO - Starting IMMORTAL Discord Community Global Launcher... 💎
💎 2025-08-03 14:45:00,456 - INFO - IMMORTAL Discord bot started with PID: 3468 💎
💎 2025-08-03 14:45:00,458 - INFO - RESURRECTION SUCCESSFUL! Restart #123 💎
💎 2025-08-03 14:45:00,458 - INFO - Resurrection successful! Guardian continues... 💎
💎 2025-08-03 14:45:30,459 - WARNING - Bot is dead! Resurrection attempt #124 💎
💎 2025-08-03 14:45:30,459 - WARNING - Bot has died! RESURRECTING... 💎
💎 2025-08-03 14:45:40,460 - INFO - Starting IMMORTAL Discord Community Global Launcher... 💎
💎 2025-08-03 14:45:40,467 - INFO - IMMORTAL Discord bot started with PID: 15760 💎
💎 2025-08-03 14:45:40,469 - INFO - RESURRECTION SUCCESSFUL! Restart #124 💎
💎 2025-08-03 14:45:40,469 - INFO - Resurrection successful! Guardian continues... 💎
💎 2025-08-03 14:45:58,796 - INFO - IMMORTAL STATUS: Bot restarts: 124 💎
💎 2025-08-03 14:46:10,470 - WARNING - Bot is dead! Resurrection attempt #125 💎
💎 2025-08-03 14:46:10,471 - WARNING - Bot has died! RESURRECTING... 💎
💎 2025-08-03 14:46:20,472 - INFO - Starting IMMORTAL Discord Community Global Launcher... 💎
💎 2025-08-03 14:46:20,479 - INFO - IMMORTAL Discord bot started with PID: 14560 💎
💎 2025-08-03 14:46:20,481 - INFO - RESURRECTION SUCCESSFUL! Restart #125 💎
💎 2025-08-03 14:46:20,481 - INFO - Resurrection successful! Guardian continues... 💎
💎 2025-08-03 14:46:50,483 - WARNING - Bot is dead! Resurrection attempt #126 💎
💎 2025-08-03 14:46:50,483 - WARNING - Bot has died! RESURRECTING... 💎
💎 2025-08-03 14:46:58,797 - INFO - IMMORTAL STATUS: Bot restarts: 126 💎
💎 2025-08-03 14:47:00,484 - INFO - Starting IMMORTAL Discord Community Global Launcher... 💎
💎 2025-08-03 14:47:00,493 - INFO - IMMORTAL Discord bot started with PID: 16024 💎
💎 2025-08-03 14:47:00,495 - INFO - RESURRECTION SUCCESSFUL! Restart #126 💎
💎 2025-08-03 14:47:00,496 - INFO - Resurrection successful! Guardian continues... 💎
💎 2025-08-03 14:47:30,497 - WARNING - Bot is dead! Resurrection attempt #127 💎
💎 2025-08-03 14:47:30,498 - WARNING - Bot has died! RESURRECTING... 💎
💎 2025-08-03 14:47:40,499 - INFO - Starting IMMORTAL Discord Community Global Launcher... 💎
💎 2025-08-03 14:47:40,508 - INFO - IMMORTAL Discord bot started with PID: 20064 💎
💎 2025-08-03 14:47:40,509 - INFO - RESURRECTION SUCCESSFUL! Restart #127 💎
💎 2025-08-03 14:47:40,510 - INFO - Resurrection successful! Guardian continues... 💎
💎 2025-08-03 14:47:58,798 - INFO - IMMORTAL STATUS: Bot restarts: 127 💎
💎 2025-08-03 14:48:10,511 - WARNING - Bot is dead! Resurrection attempt #128 💎
💎 2025-08-03 14:48:10,511 - WARNING - Bot has died! RESURRECTING... 💎
💎 2025-08-03 14:48:20,512 - INFO - Starting IMMORTAL Discord Community Global Launcher... 💎
💎 2025-08-03 14:48:20,521 - INFO - IMMORTAL Discord bot started with PID: 19776 💎
💎 2025-08-03 14:48:20,523 - INFO - RESURRECTION SUCCESSFUL! Restart #128 💎
💎 2025-08-03 14:48:20,523 - INFO - Resurrection successful! Guardian continues... 💎
💎 2025-08-03 14:48:50,524 - WARNING - Bot is dead! Resurrection attempt #129 💎
💎 2025-08-03 14:48:50,524 - WARNING - Bot has died! RESURRECTING... 💎
💎 2025-08-03 14:48:58,799 - INFO - IMMORTAL STATUS: Bot restarts: 129 💎
💎 2025-08-03 14:49:00,525 - INFO - Starting IMMORTAL Discord Community Global Launcher... 💎
💎 2025-08-03 14:49:00,534 - INFO - IMMORTAL Discord bot started with PID: 20248 💎
💎 2025-08-03 14:49:00,535 - INFO - RESURRECTION SUCCESSFUL! Restart #129 💎
💎 2025-08-03 14:49:00,536 - INFO - Resurrection successful! Guardian continues... 💎
💎 2025-08-03 14:49:30,537 - WARNING - Bot is dead! Resurrection attempt #130 💎
💎 2025-08-03 14:49:30,539 - WARNING - Bot has died! RESURRECTING... 💎
💎 2025-08-03 14:49:40,540 - INFO - Starting IMMORTAL Discord Community Global Launcher... 💎
💎 2025-08-03 14:49:40,548 - INFO - IMMORTAL Discord bot started with PID: 16912 💎
💎 2025-08-03 14:49:40,550 - INFO - RESURRECTION SUCCESSFUL! Restart #130 💎
💎 2025-08-03 14:49:40,551 - INFO - Resurrection successful! Guardian continues... 💎
💎 2025-08-03 14:49:58,800 - INFO - IMMORTAL STATUS: Bot restarts: 130 💎
💎 2025-08-03 14:50:10,552 - WARNING - Bot is dead! Resurrection attempt #131 💎
💎 2025-08-03 14:50:10,552 - WARNING - Bot has died! RESURRECTING... 💎
💎 2025-08-03 14:50:20,553 - INFO - Starting IMMORTAL Discord Community Global Launcher... 💎
💎 2025-08-03 14:50:20,565 - INFO - IMMORTAL Discord bot started with PID: 1504 💎
💎 2025-08-03 14:50:20,567 - INFO - RESURRECTION SUCCESSFUL! Restart #131 💎
💎 2025-08-03 14:50:20,567 - INFO - Resurrection successful! Guardian continues... 💎
💎 2025-08-03 14:50:50,568 - WARNING - Bot is dead! Resurrection attempt #132 💎
💎 2025-08-03 14:50:50,569 - WARNING - Bot has died! RESURRECTING... 💎
💎 2025-08-03 14:50:58,801 - INFO - IMMORTAL STATUS: Bot restarts: 132 💎
💎 2025-08-03 14:51:00,569 - INFO - Starting IMMORTAL Discord Community Global Launcher... 💎
💎 2025-08-03 14:51:00,579 - INFO - IMMORTAL Discord bot started with PID: 9132 💎
💎 2025-08-03 14:51:00,580 - INFO - RESURRECTION SUCCESSFUL! Restart #132 💎
💎 2025-08-03 14:51:00,581 - INFO - Resurrection successful! Guardian continues... 💎
💎 2025-08-03 14:51:30,582 - WARNING - Bot is dead! Resurrection attempt #133 💎
💎 2025-08-03 14:51:30,583 - WARNING - Bot has died! RESURRECTING... 💎
💎 2025-08-03 14:51:40,583 - INFO - Starting IMMORTAL Discord Community Global Launcher... 💎
💎 2025-08-03 14:51:40,592 - INFO - IMMORTAL Discord bot started with PID: 5768 💎
💎 2025-08-03 14:51:40,593 - INFO - RESURRECTION SUCCESSFUL! Restart #133 💎
💎 2025-08-03 14:51:40,594 - INFO - Resurrection successful! Guardian continues... 💎
💎 2025-08-03 14:51:58,802 - INFO - IMMORTAL STATUS: Bot restarts: 133 💎
💎 2025-08-03 14:52:10,596 - WARNING - Bot is dead! Resurrection attempt #134 💎
💎 2025-08-03 14:52:10,596 - WARNING - Bot has died! RESURRECTING... 💎
💎 2025-08-03 14:52:20,596 - INFO - Starting IMMORTAL Discord Community Global Launcher... 💎
💎 2025-08-03 14:52:20,605 - INFO - IMMORTAL Discord bot started with PID: 280 💎
💎 2025-08-03 14:52:20,607 - INFO - RESURRECTION SUCCESSFUL! Restart #134 💎
💎 2025-08-03 14:52:20,607 - INFO - Resurrection successful! Guardian continues... 💎
💎 2025-08-03 14:52:50,608 - WARNING - Bot is dead! Resurrection attempt #135 💎
💎 2025-08-03 14:52:50,608 - WARNING - Bot has died! RESURRECTING... 💎
💎 2025-08-03 14:52:58,803 - INFO - IMMORTAL STATUS: Bot restarts: 135 💎
💎 2025-08-03 14:53:00,609 - INFO - Starting IMMORTAL Discord Community Global Launcher... 💎
💎 2025-08-03 14:53:00,618 - INFO - IMMORTAL Discord bot started with PID: 9984 💎
💎 2025-08-03 14:53:00,620 - INFO - RESURRECTION SUCCESSFUL! Restart #135 💎
💎 2025-08-03 14:53:00,621 - INFO - Resurrection successful! Guardian continues... 💎
💎 2025-08-03 14:53:30,621 - WARNING - Bot is dead! Resurrection attempt #136 💎
💎 2025-08-03 14:53:30,622 - WARNING - Bot has died! RESURRECTING... 💎
💎 2025-08-03 14:53:40,622 - INFO - Starting IMMORTAL Discord Community Global Launcher... 💎
💎 2025-08-03 14:53:40,629 - INFO - IMMORTAL Discord bot started with PID: 20152 💎
💎 2025-08-03 14:53:40,630 - INFO - RESURRECTION SUCCESSFUL! Restart #136 💎
💎 2025-08-03 14:53:40,631 - INFO - Resurrection successful! Guardian continues... 💎
💎 2025-08-03 14:53:58,804 - INFO - IMMORTAL STATUS: Bot restarts: 136 💎
💎 2025-08-03 14:54:10,632 - WARNING - Bot is dead! Resurrection attempt #137 💎
💎 2025-08-03 14:54:10,632 - WARNING - Bot has died! RESURRECTING... 💎
💎 2025-08-03 14:54:20,632 - INFO - Starting IMMORTAL Discord Community Global Launcher... 💎
💎 2025-08-03 14:54:20,641 - INFO - IMMORTAL Discord bot started with PID: 13872 💎
💎 2025-08-03 14:54:20,642 - INFO - RESURRECTION SUCCESSFUL! Restart #137 💎
💎 2025-08-03 14:54:20,643 - INFO - Resurrection successful! Guardian continues... 💎
💎 2025-08-03 14:54:50,643 - WARNING - Bot is dead! Resurrection attempt #138 💎
💎 2025-08-03 14:54:50,644 - WARNING - Bot has died! RESURRECTING... 💎
💎 2025-08-03 14:54:58,804 - INFO - IMMORTAL STATUS: Bot restarts: 138 💎
💎 2025-08-03 14:55:00,646 - INFO - Starting IMMORTAL Discord Community Global Launcher... 💎
💎 2025-08-03 14:55:00,672 - INFO - IMMORTAL Discord bot started with PID: 9272 💎
💎 2025-08-03 14:55:00,674 - INFO - RESURRECTION SUCCESSFUL! Restart #138 💎
💎 2025-08-03 14:55:00,674 - INFO - Resurrection successful! Guardian continues... 💎
💎 2025-08-03 14:55:30,675 - WARNING - Bot is dead! Resurrection attempt #139 💎
💎 2025-08-03 14:55:30,676 - WARNING - Bot has died! RESURRECTING... 💎
💎 2025-08-03 14:55:40,677 - INFO - Starting IMMORTAL Discord Community Global Launcher... 💎
💎 2025-08-03 14:55:40,687 - INFO - IMMORTAL Discord bot started with PID: 19732 💎
💎 2025-08-03 14:55:40,688 - INFO - RESURRECTION SUCCESSFUL! Restart #139 💎
💎 2025-08-03 14:55:40,689 - INFO - Resurrection successful! Guardian continues... 💎
💎 2025-08-03 14:55:58,805 - INFO - IMMORTAL STATUS: Bot restarts: 139 💎
💎 2025-08-03 14:56:10,689 - WARNING - Bot is dead! Resurrection attempt #140 💎
💎 2025-08-03 14:56:10,689 - WARNING - Bot has died! RESURRECTING... 💎
💎 2025-08-03 14:56:20,690 - INFO - Starting IMMORTAL Discord Community Global Launcher... 💎
💎 2025-08-03 14:56:20,698 - INFO - IMMORTAL Discord bot started with PID: 19920 💎
💎 2025-08-03 14:56:20,699 - INFO - RESURRECTION SUCCESSFUL! Restart #140 💎
💎 2025-08-03 14:56:20,700 - INFO - Resurrection successful! Guardian continues... 💎
💎 2025-08-03 14:56:50,701 - WARNING - Bot is dead! Resurrection attempt #141 💎
💎 2025-08-03 14:56:50,701 - WARNING - Bot has died! RESURRECTING... 💎
💎 2025-08-03 14:56:58,806 - INFO - IMMORTAL STATUS: Bot restarts: 141 💎
💎 2025-08-03 14:57:00,702 - INFO - Starting IMMORTAL Discord Community Global Launcher... 💎
💎 2025-08-03 14:57:00,709 - INFO - IMMORTAL Discord bot started with PID: 15056 💎
💎 2025-08-03 14:57:00,710 - INFO - RESURRECTION SUCCESSFUL! Restart #141 💎
💎 2025-08-03 14:57:00,711 - INFO - Resurrection successful! Guardian continues... 💎
💎 2025-08-03 14:57:30,711 - WARNING - Bot is dead! Resurrection attempt #142 💎
💎 2025-08-03 14:57:30,712 - WARNING - Bot has died! RESURRECTING... 💎
💎 2025-08-03 14:57:40,712 - INFO - Starting IMMORTAL Discord Community Global Launcher... 💎
💎 2025-08-03 14:57:40,722 - INFO - IMMORTAL Discord bot started with PID: 836 💎
💎 2025-08-03 14:57:40,726 - INFO - RESURRECTION SUCCESSFUL! Restart #142 💎
💎 2025-08-03 14:57:40,727 - INFO - Resurrection successful! Guardian continues... 💎
💎 2025-08-03 14:57:58,807 - INFO - IMMORTAL STATUS: Bot restarts: 142 💎
💎 2025-08-03 14:58:10,728 - WARNING - Bot is dead! Resurrection attempt #143 💎
💎 2025-08-03 14:58:10,729 - WARNING - Bot has died! RESURRECTING... 💎
💎 2025-08-03 14:58:20,729 - INFO - Starting IMMORTAL Discord Community Global Launcher... 💎
💎 2025-08-03 14:58:20,737 - INFO - IMMORTAL Discord bot started with PID: 10968 💎
💎 2025-08-03 14:58:20,739 - INFO - RESURRECTION SUCCESSFUL! Restart #143 💎
💎 2025-08-03 14:58:20,740 - INFO - Resurrection successful! Guardian continues... 💎
💎 2025-08-03 14:58:50,741 - WARNING - Bot is dead! Resurrection attempt #144 💎
💎 2025-08-03 14:58:50,741 - WARNING - Bot has died! RESURRECTING... 💎
💎 2025-08-03 14:58:58,808 - INFO - IMMORTAL STATUS: Bot restarts: 144 💎
💎 2025-08-03 14:59:00,742 - INFO - Starting IMMORTAL Discord Community Global Launcher... 💎
💎 2025-08-03 14:59:00,750 - INFO - IMMORTAL Discord bot started with PID: 15832 💎
💎 2025-08-03 14:59:00,752 - INFO - RESURRECTION SUCCESSFUL! Restart #144 💎
💎 2025-08-03 14:59:00,752 - INFO - Resurrection successful! Guardian continues... 💎
💎 2025-08-03 14:59:30,753 - WARNING - Bot is dead! Resurrection attempt #145 💎
💎 2025-08-03 14:59:30,754 - WARNING - Bot has died! RESURRECTING... 💎
💎 2025-08-03 14:59:40,754 - INFO - Starting IMMORTAL Discord Community Global Launcher... 💎
💎 2025-08-03 14:59:40,763 - INFO - IMMORTAL Discord bot started with PID: 1296 💎
💎 2025-08-03 14:59:40,765 - INFO - RESURRECTION SUCCESSFUL! Restart #145 💎
💎 2025-08-03 14:59:40,766 - INFO - Resurrection successful! Guardian continues... 💎
💎 2025-08-03 14:59:58,808 - INFO - IMMORTAL STATUS: Bot restarts: 145 💎
💎 2025-08-03 15:00:10,767 - WARNING - Bot is dead! Resurrection attempt #146 💎
💎 2025-08-03 15:00:10,767 - WARNING - Bot has died! RESURRECTING... 💎
💎 2025-08-03 15:00:20,768 - INFO - Starting IMMORTAL Discord Community Global Launcher... 💎
💎 2025-08-03 15:00:20,777 - INFO - IMMORTAL Discord bot started with PID: 18592 💎
💎 2025-08-03 15:00:20,779 - INFO - RESURRECTION SUCCESSFUL! Restart #146 💎
💎 2025-08-03 15:00:20,779 - INFO - Resurrection successful! Guardian continues... 💎
💎 2025-08-03 15:00:50,780 - WARNING - Bot is dead! Resurrection attempt #147 💎
💎 2025-08-03 15:00:50,780 - WARNING - Bot has died! RESURRECTING... 💎
💎 2025-08-03 15:00:58,809 - INFO - IMMORTAL STATUS: Bot restarts: 147 💎
💎 2025-08-03 15:01:00,781 - INFO - Starting IMMORTAL Discord Community Global Launcher... 💎
💎 2025-08-03 15:01:00,789 - INFO - IMMORTAL Discord bot started with PID: 17808 💎
💎 2025-08-03 15:01:00,791 - INFO - RESURRECTION SUCCESSFUL! Restart #147 💎
💎 2025-08-03 15:01:00,791 - INFO - Resurrection successful! Guardian continues... 💎
💎 2025-08-03 15:01:30,792 - WARNING - Bot is dead! Resurrection attempt #148 💎
💎 2025-08-03 15:01:30,792 - WARNING - Bot has died! RESURRECTING... 💎
💎 2025-08-03 15:01:40,793 - INFO - Starting IMMORTAL Discord Community Global Launcher... 💎
💎 2025-08-03 15:01:40,802 - INFO - IMMORTAL Discord bot started with PID: 280 💎
💎 2025-08-03 15:01:40,803 - INFO - RESURRECTION SUCCESSFUL! Restart #148 💎
💎 2025-08-03 15:01:40,804 - INFO - Resurrection successful! Guardian continues... 💎
💎 2025-08-03 15:01:58,810 - INFO - IMMORTAL STATUS: Bot restarts: 148 💎
💎 2025-08-03 15:02:10,805 - WARNING - Bot is dead! Resurrection attempt #149 💎
💎 2025-08-03 15:02:10,806 - WARNING - Bot has died! RESURRECTING... 💎
💎 2025-08-03 15:02:20,807 - INFO - Starting IMMORTAL Discord Community Global Launcher... 💎
💎 2025-08-03 15:02:20,822 - INFO - IMMORTAL Discord bot started with PID: 18768 💎
💎 2025-08-03 15:02:20,825 - INFO - RESURRECTION SUCCESSFUL! Restart #149 💎
💎 2025-08-03 15:02:20,827 - INFO - Resurrection successful! Guardian continues... 💎
💎 2025-08-03 15:02:50,828 - WARNING - Bot is dead! Resurrection attempt #150 💎
💎 2025-08-03 15:02:50,828 - WARNING - Bot has died! RESURRECTING... 💎
💎 2025-08-03 15:02:58,811 - INFO - IMMORTAL STATUS: Bot restarts: 150 💎
💎 2025-08-03 15:03:00,829 - INFO - Starting IMMORTAL Discord Community Global Launcher... 💎
💎 2025-08-03 15:03:00,839 - INFO - IMMORTAL Discord bot started with PID: 9344 💎
💎 2025-08-03 15:03:00,840 - INFO - RESURRECTION SUCCESSFUL! Restart #150 💎
💎 2025-08-03 15:03:00,841 - INFO - Resurrection successful! Guardian continues... 💎
💎 2025-08-03 15:03:30,841 - WARNING - Bot is dead! Resurrection attempt #151 💎
💎 2025-08-03 15:03:30,842 - WARNING - Bot has died! RESURRECTING... 💎
💎 2025-08-03 15:03:40,843 - INFO - Starting IMMORTAL Discord Community Global Launcher... 💎
💎 2025-08-03 15:03:40,852 - INFO - IMMORTAL Discord bot started with PID: 7316 💎
💎 2025-08-03 15:03:40,854 - INFO - RESURRECTION SUCCESSFUL! Restart #151 💎
💎 2025-08-03 15:03:40,854 - INFO - Resurrection successful! Guardian continues... 💎
💎 2025-08-03 15:03:58,812 - INFO - IMMORTAL STATUS: Bot restarts: 151 💎
💎 2025-08-03 15:04:10,855 - WARNING - Bot is dead! Resurrection attempt #152 💎
💎 2025-08-03 15:04:10,856 - WARNING - Bot has died! RESURRECTING... 💎
💎 2025-08-03 15:04:20,856 - INFO - Starting IMMORTAL Discord Community Global Launcher... 💎
💎 2025-08-03 15:04:20,868 - INFO - IMMORTAL Discord bot started with PID: 19792 💎
💎 2025-08-03 15:04:20,870 - INFO - RESURRECTION SUCCESSFUL! Restart #152 💎
💎 2025-08-03 15:04:20,871 - INFO - Resurrection successful! Guardian continues... 💎
💎 2025-08-03 15:04:50,872 - WARNING - Bot is dead! Resurrection attempt #153 💎
💎 2025-08-03 15:04:50,872 - WARNING - Bot has died! RESURRECTING... 💎
💎 2025-08-03 15:04:58,813 - INFO - IMMORTAL STATUS: Bot restarts: 153 💎
💎 2025-08-03 15:05:00,873 - INFO - Starting IMMORTAL Discord Community Global Launcher... 💎
💎 2025-08-03 15:05:00,880 - INFO - IMMORTAL Discord bot started with PID: 16344 💎
💎 2025-08-03 15:05:00,882 - INFO - RESURRECTION SUCCESSFUL! Restart #153 💎
💎 2025-08-03 15:05:00,882 - INFO - Resurrection successful! Guardian continues... 💎
💎 2025-08-03 15:05:30,883 - WARNING - Bot is dead! Resurrection attempt #154 💎
💎 2025-08-03 15:05:30,883 - WARNING - Bot has died! RESURRECTING... 💎
💎 2025-08-03 15:05:40,884 - INFO - Starting IMMORTAL Discord Community Global Launcher... 💎
💎 2025-08-03 15:05:40,894 - INFO - IMMORTAL Discord bot started with PID: 13696 💎
💎 2025-08-03 15:05:40,895 - INFO - RESURRECTION SUCCESSFUL! Restart #154 💎
💎 2025-08-03 15:05:40,896 - INFO - Resurrection successful! Guardian continues... 💎
💎 2025-08-03 15:05:58,813 - INFO - IMMORTAL STATUS: Bot restarts: 154 💎
💎 2025-08-03 15:06:10,897 - WARNING - Bot is dead! Resurrection attempt #155 💎
💎 2025-08-03 15:06:10,897 - WARNING - Bot has died! RESURRECTING... 💎
💎 2025-08-03 15:06:20,898 - INFO - Starting IMMORTAL Discord Community Global Launcher... 💎
💎 2025-08-03 15:06:20,905 - INFO - IMMORTAL Discord bot started with PID: 16284 💎
💎 2025-08-03 15:06:20,906 - INFO - RESURRECTION SUCCESSFUL! Restart #155 💎
💎 2025-08-03 15:06:20,907 - INFO - Resurrection successful! Guardian continues... 💎
💎 2025-08-03 15:06:50,908 - WARNING - Bot is dead! Resurrection attempt #156 💎
💎 2025-08-03 15:06:50,909 - WARNING - Bot has died! RESURRECTING... 💎
💎 2025-08-03 15:06:58,815 - INFO - IMMORTAL STATUS: Bot restarts: 156 💎
💎 2025-08-03 15:07:00,909 - INFO - Starting IMMORTAL Discord Community Global Launcher... 💎
💎 2025-08-03 15:07:00,917 - INFO - IMMORTAL Discord bot started with PID: 19616 💎
💎 2025-08-03 15:07:00,919 - INFO - RESURRECTION SUCCESSFUL! Restart #156 💎
💎 2025-08-03 15:07:00,920 - INFO - Resurrection successful! Guardian continues... 💎
💎 2025-08-03 15:07:30,920 - WARNING - Bot is dead! Resurrection attempt #157 💎
💎 2025-08-03 15:07:30,921 - WARNING - Bot has died! RESURRECTING... 💎
💎 2025-08-03 15:07:40,922 - INFO - Starting IMMORTAL Discord Community Global Launcher... 💎
💎 2025-08-03 15:07:40,929 - INFO - IMMORTAL Discord bot started with PID: 11544 💎
💎 2025-08-03 15:07:40,931 - INFO - RESURRECTION SUCCESSFUL! Restart #157 💎
💎 2025-08-03 15:07:40,931 - INFO - Resurrection successful! Guardian continues... 💎
💎 2025-08-03 15:07:58,815 - INFO - IMMORTAL STATUS: Bot restarts: 157 💎
💎 2025-08-03 15:08:10,932 - WARNING - Bot is dead! Resurrection attempt #158 💎
💎 2025-08-03 15:08:10,932 - WARNING - Bot has died! RESURRECTING... 💎
💎 2025-08-03 15:08:20,933 - INFO - Starting IMMORTAL Discord Community Global Launcher... 💎
💎 2025-08-03 15:08:20,941 - INFO - IMMORTAL Discord bot started with PID: 17268 💎
💎 2025-08-03 15:08:20,942 - INFO - RESURRECTION SUCCESSFUL! Restart #158 💎
💎 2025-08-03 15:08:20,943 - INFO - Resurrection successful! Guardian continues... 💎
💎 2025-08-03 15:08:50,944 - WARNING - Bot is dead! Resurrection attempt #159 💎
💎 2025-08-03 15:08:50,944 - WARNING - Bot has died! RESURRECTING... 💎
💎 2025-08-03 15:08:58,816 - INFO - IMMORTAL STATUS: Bot restarts: 159 💎
💎 2025-08-03 15:09:00,945 - INFO - Starting IMMORTAL Discord Community Global Launcher... 💎
💎 2025-08-03 15:09:00,953 - INFO - IMMORTAL Discord bot started with PID: 20396 💎
💎 2025-08-03 15:09:00,954 - INFO - RESURRECTION SUCCESSFUL! Restart #159 💎
💎 2025-08-03 15:09:00,955 - INFO - Resurrection successful! Guardian continues... 💎
💎 2025-08-03 15:09:30,956 - WARNING - Bot is dead! Resurrection attempt #160 💎
💎 2025-08-03 15:09:30,957 - WARNING - Bot has died! RESURRECTING... 💎
💎 2025-08-03 15:09:40,957 - INFO - Starting IMMORTAL Discord Community Global Launcher... 💎
💎 2025-08-03 15:09:40,966 - INFO - IMMORTAL Discord bot started with PID: 8816 💎
💎 2025-08-03 15:09:40,968 - INFO - RESURRECTION SUCCESSFUL! Restart #160 💎
💎 2025-08-03 15:09:40,968 - INFO - Resurrection successful! Guardian continues... 💎
💎 2025-08-03 15:09:58,816 - INFO - IMMORTAL STATUS: Bot restarts: 160 💎
💎 2025-08-03 15:10:10,971 - WARNING - Bot is dead! Resurrection attempt #161 💎
💎 2025-08-03 15:10:10,972 - WARNING - Bot has died! RESURRECTING... 💎
💎 2025-08-03 15:10:20,972 - INFO - Starting IMMORTAL Discord Community Global Launcher... 💎
💎 2025-08-03 15:10:20,980 - INFO - IMMORTAL Discord bot started with PID: 9344 💎
💎 2025-08-03 15:10:20,982 - INFO - RESURRECTION SUCCESSFUL! Restart #161 💎
💎 2025-08-03 15:10:20,983 - INFO - Resurrection successful! Guardian continues... 💎
💎 2025-08-03 15:10:50,984 - WARNING - Bot is dead! Resurrection attempt #162 💎
💎 2025-08-03 15:10:50,985 - WARNING - Bot has died! RESURRECTING... 💎
💎 2025-08-03 15:10:58,817 - INFO - IMMORTAL STATUS: Bot restarts: 162 💎
💎 2025-08-03 15:11:00,985 - INFO - Starting IMMORTAL Discord Community Global Launcher... 💎
💎 2025-08-03 15:11:00,994 - INFO - IMMORTAL Discord bot started with PID: 16296 💎
💎 2025-08-03 15:11:00,996 - INFO - RESURRECTION SUCCESSFUL! Restart #162 💎
💎 2025-08-03 15:11:00,996 - INFO - Resurrection successful! Guardian continues... 💎
💎 2025-08-03 15:11:30,996 - WARNING - Bot is dead! Resurrection attempt #163 💎
💎 2025-08-03 15:11:30,997 - WARNING - Bot has died! RESURRECTING... 💎
💎 2025-08-03 15:11:40,998 - INFO - Starting IMMORTAL Discord Community Global Launcher... 💎
💎 2025-08-03 15:11:41,006 - INFO - IMMORTAL Discord bot started with PID: 15672 💎
💎 2025-08-03 15:11:41,008 - INFO - RESURRECTION SUCCESSFUL! Restart #163 💎
💎 2025-08-03 15:11:41,008 - INFO - Resurrection successful! Guardian continues... 💎
💎 2025-08-03 15:11:58,817 - INFO - IMMORTAL STATUS: Bot restarts: 163 💎
💎 2025-08-03 15:12:11,009 - WARNING - Bot is dead! Resurrection attempt #164 💎
💎 2025-08-03 15:12:11,010 - WARNING - Bot has died! RESURRECTING... 💎
💎 2025-08-03 15:12:21,010 - INFO - Starting IMMORTAL Discord Community Global Launcher... 💎
💎 2025-08-03 15:12:21,019 - INFO - IMMORTAL Discord bot started with PID: 4804 💎
💎 2025-08-03 15:12:21,021 - INFO - RESURRECTION SUCCESSFUL! Restart #164 💎
💎 2025-08-03 15:12:21,021 - INFO - Resurrection successful! Guardian continues... 💎
💎 2025-08-03 15:12:51,022 - WARNING - Bot is dead! Resurrection attempt #165 💎
💎 2025-08-03 15:12:51,023 - WARNING - Bot has died! RESURRECTING... 💎
💎 2025-08-03 15:12:58,818 - INFO - IMMORTAL STATUS: Bot restarts: 165 💎
💎 2025-08-03 15:13:01,023 - INFO - Starting IMMORTAL Discord Community Global Launcher... 💎
💎 2025-08-03 15:13:01,034 - INFO - IMMORTAL Discord bot started with PID: 9416 💎
💎 2025-08-03 15:13:01,036 - INFO - RESURRECTION SUCCESSFUL! Restart #165 💎
💎 2025-08-03 15:13:01,037 - INFO - Resurrection successful! Guardian continues... 💎
💎 2025-08-03 15:13:31,038 - WARNING - Bot is dead! Resurrection attempt #166 💎
💎 2025-08-03 15:13:31,039 - WARNING - Bot has died! RESURRECTING... 💎
💎 2025-08-03 15:13:41,039 - INFO - Starting IMMORTAL Discord Community Global Launcher... 💎
💎 2025-08-03 15:13:41,049 - INFO - IMMORTAL Discord bot started with PID: 11544 💎
💎 2025-08-03 15:13:41,050 - INFO - RESURRECTION SUCCESSFUL! Restart #166 💎
💎 2025-08-03 15:13:41,051 - INFO - Resurrection successful! Guardian continues... 💎
💎 2025-08-03 15:13:58,819 - INFO - IMMORTAL STATUS: Bot restarts: 166 💎
💎 2025-08-03 15:14:11,052 - WARNING - Bot is dead! Resurrection attempt #167 💎
💎 2025-08-03 15:14:11,052 - WARNING - Bot has died! RESURRECTING... 💎
💎 2025-08-03 15:14:21,053 - INFO - Starting IMMORTAL Discord Community Global Launcher... 💎
💎 2025-08-03 15:14:21,063 - INFO - IMMORTAL Discord bot started with PID: 6612 💎
💎 2025-08-03 15:14:21,064 - INFO - RESURRECTION SUCCESSFUL! Restart #167 💎
💎 2025-08-03 15:14:21,065 - INFO - Resurrection successful! Guardian continues... 💎
💎 2025-08-03 15:14:51,066 - WARNING - Bot is dead! Resurrection attempt #168 💎
💎 2025-08-03 15:14:51,066 - WARNING - Bot has died! RESURRECTING... 💎
💎 2025-08-03 15:14:58,820 - INFO - IMMORTAL STATUS: Bot restarts: 168 💎
💎 2025-08-03 15:15:01,067 - INFO - Starting IMMORTAL Discord Community Global Launcher... 💎
💎 2025-08-03 15:15:01,075 - INFO - IMMORTAL Discord bot started with PID: 3616 💎
💎 2025-08-03 15:15:01,077 - INFO - RESURRECTION SUCCESSFUL! Restart #168 💎
💎 2025-08-03 15:15:01,077 - INFO - Resurrection successful! Guardian continues... 💎
💎 2025-08-03 15:15:31,078 - WARNING - Bot is dead! Resurrection attempt #169 💎
💎 2025-08-03 15:15:31,079 - WARNING - Bot has died! RESURRECTING... 💎
💎 2025-08-03 15:15:41,079 - INFO - Starting IMMORTAL Discord Community Global Launcher... 💎
💎 2025-08-03 15:15:41,086 - INFO - IMMORTAL Discord bot started with PID: 20056 💎
💎 2025-08-03 15:15:41,087 - INFO - RESURRECTION SUCCESSFUL! Restart #169 💎
💎 2025-08-03 15:15:41,088 - INFO - Resurrection successful! Guardian continues... 💎
💎 2025-08-03 15:15:58,821 - INFO - IMMORTAL STATUS: Bot restarts: 169 💎
💎 2025-08-03 15:16:11,089 - WARNING - Bot is dead! Resurrection attempt #170 💎
💎 2025-08-03 15:16:11,089 - WARNING - Bot has died! RESURRECTING... 💎
💎 2025-08-03 15:16:21,090 - INFO - Starting IMMORTAL Discord Community Global Launcher... 💎
💎 2025-08-03 15:16:21,100 - INFO - IMMORTAL Discord bot started with PID: 14852 💎
💎 2025-08-03 15:16:21,101 - INFO - RESURRECTION SUCCESSFUL! Restart #170 💎
💎 2025-08-03 15:16:21,102 - INFO - Resurrection successful! Guardian continues... 💎
💎 2025-08-03 15:16:51,103 - WARNING - Bot is dead! Resurrection attempt #171 💎
💎 2025-08-03 15:16:51,103 - WARNING - Bot has died! RESURRECTING... 💎
💎 2025-08-03 15:16:58,822 - INFO - IMMORTAL STATUS: Bot restarts: 171 💎
💎 2025-08-03 15:17:01,104 - INFO - Starting IMMORTAL Discord Community Global Launcher... 💎
💎 2025-08-03 15:17:01,111 - INFO - IMMORTAL Discord bot started with PID: 15368 💎
💎 2025-08-03 15:17:01,113 - INFO - RESURRECTION SUCCESSFUL! Restart #171 💎
💎 2025-08-03 15:17:01,114 - INFO - Resurrection successful! Guardian continues... 💎
💎 2025-08-03 15:17:31,115 - WARNING - Bot is dead! Resurrection attempt #172 💎
💎 2025-08-03 15:17:31,115 - WARNING - Bot has died! RESURRECTING... 💎
💎 2025-08-03 15:17:41,116 - INFO - Starting IMMORTAL Discord Community Global Launcher... 💎
💎 2025-08-03 15:17:41,124 - INFO - IMMORTAL Discord bot started with PID: 14140 💎
💎 2025-08-03 15:17:41,125 - INFO - RESURRECTION SUCCESSFUL! Restart #172 💎
💎 2025-08-03 15:17:41,125 - INFO - Resurrection successful! Guardian continues... 💎
💎 2025-08-03 15:17:58,823 - INFO - IMMORTAL STATUS: Bot restarts: 172 💎
💎 2025-08-03 15:18:11,126 - WARNING - Bot is dead! Resurrection attempt #173 💎
💎 2025-08-03 15:18:11,127 - WARNING - Bot has died! RESURRECTING... 💎
💎 2025-08-03 15:18:21,128 - INFO - Starting IMMORTAL Discord Community Global Launcher... 💎
💎 2025-08-03 15:18:21,135 - INFO - IMMORTAL Discord bot started with PID: 14752 💎
💎 2025-08-03 15:18:21,136 - INFO - RESURRECTION SUCCESSFUL! Restart #173 💎
💎 2025-08-03 15:18:21,137 - INFO - Resurrection successful! Guardian continues... 💎
💎 2025-08-03 15:18:51,138 - WARNING - Bot is dead! Resurrection attempt #174 💎
💎 2025-08-03 15:18:51,138 - WARNING - Bot has died! RESURRECTING... 💎
💎 2025-08-03 15:18:58,823 - INFO - IMMORTAL STATUS: Bot restarts: 174 💎
💎 2025-08-03 15:19:01,139 - INFO - Starting IMMORTAL Discord Community Global Launcher... 💎
💎 2025-08-03 15:19:01,146 - INFO - IMMORTAL Discord bot started with PID: 14864 💎
💎 2025-08-03 15:19:01,147 - INFO - RESURRECTION SUCCESSFUL! Restart #174 💎
💎 2025-08-03 15:19:01,148 - INFO - Resurrection successful! Guardian continues... 💎
💎 2025-08-03 15:19:31,149 - WARNING - Bot is dead! Resurrection attempt #175 💎
💎 2025-08-03 15:19:31,149 - WARNING - Bot has died! RESURRECTING... 💎
💎 2025-08-03 15:19:41,150 - INFO - Starting IMMORTAL Discord Community Global Launcher... 💎
💎 2025-08-03 15:19:41,158 - INFO - IMMORTAL Discord bot started with PID: 20380 💎
💎 2025-08-03 15:19:41,159 - INFO - RESURRECTION SUCCESSFUL! Restart #175 💎
💎 2025-08-03 15:19:41,160 - INFO - Resurrection successful! Guardian continues... 💎
💎 2025-08-03 15:19:58,824 - INFO - IMMORTAL STATUS: Bot restarts: 175 💎
💎 2025-08-03 15:20:11,161 - WARNING - Bot is dead! Resurrection attempt #176 💎
💎 2025-08-03 15:20:11,162 - WARNING - Bot has died! RESURRECTING... 💎
💎 2025-08-03 15:20:21,162 - INFO - Starting IMMORTAL Discord Community Global Launcher... 💎
💎 2025-08-03 15:20:21,171 - INFO - IMMORTAL Discord bot started with PID: 19992 💎
💎 2025-08-03 15:20:21,172 - INFO - RESURRECTION SUCCESSFUL! Restart #176 💎
💎 2025-08-03 15:20:21,173 - INFO - Resurrection successful! Guardian continues... 💎
💎 2025-08-03 15:20:51,174 - WARNING - Bot is dead! Resurrection attempt #177 💎
💎 2025-08-03 15:20:51,175 - WARNING - Bot has died! RESURRECTING... 💎
💎 2025-08-03 15:20:58,825 - INFO - IMMORTAL STATUS: Bot restarts: 177 💎
💎 2025-08-03 15:21:01,176 - INFO - Starting IMMORTAL Discord Community Global Launcher... 💎
💎 2025-08-03 15:21:01,184 - INFO - IMMORTAL Discord bot started with PID: 18592 💎
💎 2025-08-03 15:21:01,188 - INFO - RESURRECTION SUCCESSFUL! Restart #177 💎
💎 2025-08-03 15:21:01,189 - INFO - Resurrection successful! Guardian continues... 💎
💎 2025-08-03 15:21:31,190 - WARNING - Bot is dead! Resurrection attempt #178 💎
💎 2025-08-03 15:21:31,190 - WARNING - Bot has died! RESURRECTING... 💎
💎 2025-08-03 15:21:41,191 - INFO - Starting IMMORTAL Discord Community Global Launcher... 💎
💎 2025-08-03 15:21:41,200 - INFO - IMMORTAL Discord bot started with PID: 13508 💎
💎 2025-08-03 15:21:41,202 - INFO - RESURRECTION SUCCESSFUL! Restart #178 💎
💎 2025-08-03 15:21:41,202 - INFO - Resurrection successful! Guardian continues... 💎
💎 2025-08-03 15:21:58,826 - INFO - IMMORTAL STATUS: Bot restarts: 178 💎
💎 2025-08-03 15:22:11,203 - WARNING - Bot is dead! Resurrection attempt #179 💎
💎 2025-08-03 15:22:11,203 - WARNING - Bot has died! RESURRECTING... 💎
💎 2025-08-03 15:22:21,204 - INFO - Starting IMMORTAL Discord Community Global Launcher... 💎
💎 2025-08-03 15:22:21,213 - INFO - IMMORTAL Discord bot started with PID: 17616 💎
💎 2025-08-03 15:22:21,214 - INFO - RESURRECTION SUCCESSFUL! Restart #179 💎
💎 2025-08-03 15:22:21,215 - INFO - Resurrection successful! Guardian continues... 💎
💎 2025-08-03 15:22:51,216 - WARNING - Bot is dead! Resurrection attempt #180 💎
💎 2025-08-03 15:22:51,216 - WARNING - Bot has died! RESURRECTING... 💎
💎 2025-08-03 15:22:58,827 - INFO - IMMORTAL STATUS: Bot restarts: 180 💎
💎 2025-08-03 15:23:01,217 - INFO - Starting IMMORTAL Discord Community Global Launcher... 💎
💎 2025-08-03 15:23:01,226 - INFO - IMMORTAL Discord bot started with PID: 3180 💎
💎 2025-08-03 15:23:01,227 - INFO - RESURRECTION SUCCESSFUL! Restart #180 💎
💎 2025-08-03 15:23:01,228 - INFO - Resurrection successful! Guardian continues... 💎
💎 2025-08-03 15:23:31,229 - WARNING - Bot is dead! Resurrection attempt #181 💎
💎 2025-08-03 15:23:31,230 - WARNING - Bot has died! RESURRECTING... 💎
💎 2025-08-03 15:23:41,230 - INFO - Starting IMMORTAL Discord Community Global Launcher... 💎
💎 2025-08-03 15:23:41,240 - INFO - IMMORTAL Discord bot started with PID: 16060 💎
💎 2025-08-03 15:23:41,242 - INFO - RESURRECTION SUCCESSFUL! Restart #181 💎
💎 2025-08-03 15:23:41,242 - INFO - Resurrection successful! Guardian continues... 💎
💎 2025-08-03 15:23:58,827 - INFO - IMMORTAL STATUS: Bot restarts: 181 💎
💎 2025-08-03 15:24:11,243 - WARNING - Bot is dead! Resurrection attempt #182 💎
💎 2025-08-03 15:24:11,243 - WARNING - Bot has died! RESURRECTING... 💎
💎 2025-08-03 15:24:21,244 - INFO - Starting IMMORTAL Discord Community Global Launcher... 💎
💎 2025-08-03 15:24:21,252 - INFO - IMMORTAL Discord bot started with PID: 15164 💎
💎 2025-08-03 15:24:21,254 - INFO - RESURRECTION SUCCESSFUL! Restart #182 💎
💎 2025-08-03 15:24:21,254 - INFO - Resurrection successful! Guardian continues... 💎
💎 2025-08-03 15:24:51,255 - WARNING - Bot is dead! Resurrection attempt #183 💎
💎 2025-08-03 15:24:51,255 - WARNING - Bot has died! RESURRECTING... 💎
💎 2025-08-03 15:24:58,828 - INFO - IMMORTAL STATUS: Bot restarts: 183 💎
💎 2025-08-03 15:25:01,255 - INFO - Starting IMMORTAL Discord Community Global Launcher... 💎
💎 2025-08-03 15:25:01,265 - INFO - IMMORTAL Discord bot started with PID: 6612 💎
💎 2025-08-03 15:25:01,266 - INFO - RESURRECTION SUCCESSFUL! Restart #183 💎
💎 2025-08-03 15:25:01,267 - INFO - Resurrection successful! Guardian continues... 💎
💎 2025-08-03 15:25:31,268 - WARNING - Bot is dead! Resurrection attempt #184 💎
💎 2025-08-03 15:25:31,268 - WARNING - Bot has died! RESURRECTING... 💎
💎 2025-08-03 15:25:41,269 - INFO - Starting IMMORTAL Discord Community Global Launcher... 💎
💎 2025-08-03 15:25:41,277 - INFO - IMMORTAL Discord bot started with PID: 3452 💎
💎 2025-08-03 15:25:41,279 - INFO - RESURRECTION SUCCESSFUL! Restart #184 💎
💎 2025-08-03 15:25:41,279 - INFO - Resurrection successful! Guardian continues... 💎
💎 2025-08-03 15:25:58,828 - INFO - IMMORTAL STATUS: Bot restarts: 184 💎
💎 2025-08-03 15:26:11,281 - WARNING - Bot is dead! Resurrection attempt #185 💎
💎 2025-08-03 15:26:11,281 - WARNING - Bot has died! RESURRECTING... 💎
💎 2025-08-03 15:26:21,282 - INFO - Starting IMMORTAL Discord Community Global Launcher... 💎
💎 2025-08-03 15:26:21,288 - INFO - IMMORTAL Discord bot started with PID: 14740 💎
💎 2025-08-03 15:26:21,290 - INFO - RESURRECTION SUCCESSFUL! Restart #185 💎
💎 2025-08-03 15:26:21,290 - INFO - Resurrection successful! Guardian continues... 💎
💎 2025-08-03 15:26:51,291 - WARNING - Bot is dead! Resurrection attempt #186 💎
💎 2025-08-03 15:26:51,291 - WARNING - Bot has died! RESURRECTING... 💎
💎 2025-08-03 15:26:58,829 - INFO - IMMORTAL STATUS: Bot restarts: 186 💎
💎 2025-08-03 15:27:01,292 - INFO - Starting IMMORTAL Discord Community Global Launcher... 💎
💎 2025-08-03 15:27:01,300 - INFO - IMMORTAL Discord bot started with PID: 20008 💎
💎 2025-08-03 15:27:01,301 - INFO - RESURRECTION SUCCESSFUL! Restart #186 💎
💎 2025-08-03 15:27:01,302 - INFO - Resurrection successful! Guardian continues... 💎
💎 2025-08-03 15:27:31,302 - WARNING - Bot is dead! Resurrection attempt #187 💎
💎 2025-08-03 15:27:31,303 - WARNING - Bot has died! RESURRECTING... 💎
💎 2025-08-03 15:27:41,303 - INFO - Starting IMMORTAL Discord Community Global Launcher... 💎
💎 2025-08-03 15:27:41,310 - INFO - IMMORTAL Discord bot started with PID: 9148 💎
💎 2025-08-03 15:27:41,312 - INFO - RESURRECTION SUCCESSFUL! Restart #187 💎
💎 2025-08-03 15:27:41,313 - INFO - Resurrection successful! Guardian continues... 💎
💎 2025-08-03 15:27:58,830 - INFO - IMMORTAL STATUS: Bot restarts: 187 💎
💎 2025-08-03 15:28:11,313 - WARNING - Bot is dead! Resurrection attempt #188 💎
💎 2025-08-03 15:28:11,314 - WARNING - Bot has died! RESURRECTING... 💎
💎 2025-08-03 15:28:21,315 - INFO - Starting IMMORTAL Discord Community Global Launcher... 💎
💎 2025-08-03 15:28:21,322 - INFO - IMMORTAL Discord bot started with PID: 18396 💎
💎 2025-08-03 15:28:21,323 - INFO - RESURRECTION SUCCESSFUL! Restart #188 💎
💎 2025-08-03 15:28:21,324 - INFO - Resurrection successful! Guardian continues... 💎
💎 2025-08-03 15:28:51,325 - WARNING - Bot is dead! Resurrection attempt #189 💎
💎 2025-08-03 15:28:51,326 - WARNING - Bot has died! RESURRECTING... 💎
💎 2025-08-03 15:28:58,831 - INFO - IMMORTAL STATUS: Bot restarts: 189 💎
💎 2025-08-03 15:29:01,326 - INFO - Starting IMMORTAL Discord Community Global Launcher... 💎
💎 2025-08-03 15:29:01,334 - INFO - IMMORTAL Discord bot started with PID: 5140 💎
💎 2025-08-03 15:29:01,336 - INFO - RESURRECTION SUCCESSFUL! Restart #189 💎
💎 2025-08-03 15:29:01,336 - INFO - Resurrection successful! Guardian continues... 💎
💎 2025-08-03 15:29:31,337 - WARNING - Bot is dead! Resurrection attempt #190 💎
💎 2025-08-03 15:29:31,338 - WARNING - Bot has died! RESURRECTING... 💎
💎 2025-08-03 15:29:41,339 - INFO - Starting IMMORTAL Discord Community Global Launcher... 💎
💎 2025-08-03 15:29:41,347 - INFO - IMMORTAL Discord bot started with PID: 12020 💎
💎 2025-08-03 15:29:41,348 - INFO - RESURRECTION SUCCESSFUL! Restart #190 💎
💎 2025-08-03 15:29:41,349 - INFO - Resurrection successful! Guardian continues... 💎
💎 2025-08-03 15:29:58,832 - INFO - IMMORTAL STATUS: Bot restarts: 190 💎
💎 2025-08-03 15:30:11,349 - WARNING - Bot is dead! Resurrection attempt #191 💎
💎 2025-08-03 15:30:11,350 - WARNING - Bot has died! RESURRECTING... 💎
💎 2025-08-03 15:30:21,350 - INFO - Starting IMMORTAL Discord Community Global Launcher... 💎
💎 2025-08-03 15:30:21,358 - INFO - IMMORTAL Discord bot started with PID: 15112 💎
💎 2025-08-03 15:30:21,360 - INFO - RESURRECTION SUCCESSFUL! Restart #191 💎
💎 2025-08-03 15:30:21,361 - INFO - Resurrection successful! Guardian continues... 💎
💎 2025-08-03 15:30:51,362 - WARNING - Bot is dead! Resurrection attempt #192 💎
💎 2025-08-03 15:30:51,362 - WARNING - Bot has died! RESURRECTING... 💎
💎 2025-08-03 15:30:58,833 - INFO - IMMORTAL STATUS: Bot restarts: 192 💎
💎 2025-08-03 15:31:01,363 - INFO - Starting IMMORTAL Discord Community Global Launcher... 💎
💎 2025-08-03 15:31:01,370 - INFO - IMMORTAL Discord bot started with PID: 4088 💎
💎 2025-08-03 15:31:01,372 - INFO - RESURRECTION SUCCESSFUL! Restart #192 💎
💎 2025-08-03 15:31:01,373 - INFO - Resurrection successful! Guardian continues... 💎
💎 2025-08-03 15:31:31,374 - WARNING - Bot is dead! Resurrection attempt #193 💎
💎 2025-08-03 15:31:31,374 - WARNING - Bot has died! RESURRECTING... 💎
💎 2025-08-03 15:31:41,375 - INFO - Starting IMMORTAL Discord Community Global Launcher... 💎
💎 2025-08-03 15:31:41,382 - INFO - IMMORTAL Discord bot started with PID: 19564 💎
💎 2025-08-03 15:31:41,384 - INFO - RESURRECTION SUCCESSFUL! Restart #193 💎
💎 2025-08-03 15:31:41,384 - INFO - Resurrection successful! Guardian continues... 💎
💎 2025-08-03 15:31:58,833 - INFO - IMMORTAL STATUS: Bot restarts: 193 💎
💎 2025-08-03 15:32:11,385 - WARNING - Bot is dead! Resurrection attempt #194 💎
💎 2025-08-03 15:32:11,386 - WARNING - Bot has died! RESURRECTING... 💎
💎 2025-08-03 15:32:21,386 - INFO - Starting IMMORTAL Discord Community Global Launcher... 💎
💎 2025-08-03 15:32:21,393 - INFO - IMMORTAL Discord bot started with PID: 3356 💎
💎 2025-08-03 15:32:21,394 - INFO - RESURRECTION SUCCESSFUL! Restart #194 💎
💎 2025-08-03 15:32:21,395 - INFO - Resurrection successful! Guardian continues... 💎
💎 2025-08-03 15:32:51,396 - WARNING - Bot is dead! Resurrection attempt #195 💎
💎 2025-08-03 15:32:51,396 - WARNING - Bot has died! RESURRECTING... 💎
💎 2025-08-03 15:32:58,834 - INFO - IMMORTAL STATUS: Bot restarts: 195 💎
💎 2025-08-03 15:33:01,397 - INFO - Starting IMMORTAL Discord Community Global Launcher... 💎
💎 2025-08-03 15:33:01,404 - INFO - IMMORTAL Discord bot started with PID: 15012 💎
💎 2025-08-03 15:33:01,406 - INFO - RESURRECTION SUCCESSFUL! Restart #195 💎
💎 2025-08-03 15:33:01,407 - INFO - Resurrection successful! Guardian continues... 💎
💎 2025-08-03 15:33:31,408 - WARNING - Bot is dead! Resurrection attempt #196 💎
💎 2025-08-03 15:33:31,408 - WARNING - Bot has died! RESURRECTING... 💎
💎 2025-08-03 15:33:41,409 - INFO - Starting IMMORTAL Discord Community Global Launcher... 💎
💎 2025-08-03 15:33:41,417 - INFO - IMMORTAL Discord bot started with PID: 20104 💎
💎 2025-08-03 15:33:41,418 - INFO - RESURRECTION SUCCESSFUL! Restart #196 💎
💎 2025-08-03 15:33:41,419 - INFO - Resurrection successful! Guardian continues... 💎
💎 2025-08-03 15:33:58,835 - INFO - IMMORTAL STATUS: Bot restarts: 196 💎
💎 2025-08-03 15:34:11,419 - WARNING - Bot is dead! Resurrection attempt #197 💎
💎 2025-08-03 15:34:11,420 - WARNING - Bot has died! RESURRECTING... 💎
💎 2025-08-03 15:34:21,421 - INFO - Starting IMMORTAL Discord Community Global Launcher... 💎
💎 2025-08-03 15:34:21,430 - INFO - IMMORTAL Discord bot started with PID: 1824 💎
💎 2025-08-03 15:34:21,432 - INFO - RESURRECTION SUCCESSFUL! Restart #197 💎
💎 2025-08-03 15:34:21,432 - INFO - Resurrection successful! Guardian continues... 💎
💎 2025-08-03 15:34:51,433 - WARNING - Bot is dead! Resurrection attempt #198 💎
💎 2025-08-03 15:34:51,434 - WARNING - Bot has died! RESURRECTING... 💎
💎 2025-08-03 15:34:58,836 - INFO - IMMORTAL STATUS: Bot restarts: 198 💎
💎 2025-08-03 15:35:01,434 - INFO - Starting IMMORTAL Discord Community Global Launcher... 💎
💎 2025-08-03 15:35:01,443 - INFO - IMMORTAL Discord bot started with PID: 18652 💎
💎 2025-08-03 15:35:01,446 - INFO - RESURRECTION SUCCESSFUL! Restart #198 💎
💎 2025-08-03 15:35:01,446 - INFO - Resurrection successful! Guardian continues... 💎
💎 2025-08-03 15:35:31,447 - WARNING - Bot is dead! Resurrection attempt #199 💎
💎 2025-08-03 15:35:31,447 - WARNING - Bot has died! RESURRECTING... 💎
💎 2025-08-03 15:35:41,448 - INFO - Starting IMMORTAL Discord Community Global Launcher... 💎
💎 2025-08-03 15:35:41,456 - INFO - IMMORTAL Discord bot started with PID: 2272 💎
💎 2025-08-03 15:35:41,458 - INFO - RESURRECTION SUCCESSFUL! Restart #199 💎
💎 2025-08-03 15:35:41,458 - INFO - Resurrection successful! Guardian continues... 💎
💎 2025-08-03 15:35:58,836 - INFO - IMMORTAL STATUS: Bot restarts: 199 💎
💎 2025-08-03 15:36:11,459 - WARNING - Bot is dead! Resurrection attempt #200 💎
💎 2025-08-03 15:36:11,460 - WARNING - Bot has died! RESURRECTING... 💎
💎 2025-08-03 15:36:21,461 - INFO - Starting IMMORTAL Discord Community Global Launcher... 💎
💎 2025-08-03 15:36:21,468 - INFO - IMMORTAL Discord bot started with PID: 19896 💎
💎 2025-08-03 15:36:21,470 - INFO - RESURRECTION SUCCESSFUL! Restart #200 💎
💎 2025-08-03 15:36:21,471 - INFO - Resurrection successful! Guardian continues... 💎
💎 2025-08-03 15:36:51,472 - WARNING - Bot is dead! Resurrection attempt #201 💎
💎 2025-08-03 15:36:51,472 - WARNING - Bot has died! RESURRECTING... 💎
💎 2025-08-03 15:36:58,837 - INFO - IMMORTAL STATUS: Bot restarts: 201 💎
💎 2025-08-03 15:37:01,473 - INFO - Starting IMMORTAL Discord Community Global Launcher... 💎
💎 2025-08-03 15:37:01,518 - INFO - IMMORTAL Discord bot started with PID: 19628 💎
💎 2025-08-03 15:37:01,519 - INFO - RESURRECTION SUCCESSFUL! Restart #201 💎
💎 2025-08-03 15:37:01,520 - INFO - Resurrection successful! Guardian continues... 💎
💎 2025-08-03 15:37:31,521 - WARNING - Bot is dead! Resurrection attempt #202 💎
💎 2025-08-03 15:37:31,521 - WARNING - Bot has died! RESURRECTING... 💎
💎 2025-08-03 15:37:41,521 - INFO - Starting IMMORTAL Discord Community Global Launcher... 💎
💎 2025-08-03 15:37:41,530 - INFO - IMMORTAL Discord bot started with PID: 5248 💎
💎 2025-08-03 15:37:41,532 - INFO - RESURRECTION SUCCESSFUL! Restart #202 💎
💎 2025-08-03 15:37:41,533 - INFO - Resurrection successful! Guardian continues... 💎
💎 2025-08-03 15:37:58,838 - INFO - IMMORTAL STATUS: Bot restarts: 202 💎
💎 2025-08-03 15:38:11,534 - WARNING - Bot is dead! Resurrection attempt #203 💎
💎 2025-08-03 15:38:11,534 - WARNING - Bot has died! RESURRECTING... 💎
💎 2025-08-03 15:38:21,535 - INFO - Starting IMMORTAL Discord Community Global Launcher... 💎
💎 2025-08-03 15:38:21,543 - INFO - IMMORTAL Discord bot started with PID: 19748 💎
💎 2025-08-03 15:38:21,545 - INFO - RESURRECTION SUCCESSFUL! Restart #203 💎
💎 2025-08-03 15:38:21,545 - INFO - Resurrection successful! Guardian continues... 💎
💎 2025-08-03 15:38:51,546 - WARNING - Bot is dead! Resurrection attempt #204 💎
💎 2025-08-03 15:38:51,547 - WARNING - Bot has died! RESURRECTING... 💎
💎 2025-08-03 15:38:58,839 - INFO - IMMORTAL STATUS: Bot restarts: 204 💎
💎 2025-08-03 15:39:01,548 - INFO - Starting IMMORTAL Discord Community Global Launcher... 💎
💎 2025-08-03 15:39:01,557 - INFO - IMMORTAL Discord bot started with PID: 19020 💎
💎 2025-08-03 15:39:01,558 - INFO - RESURRECTION SUCCESSFUL! Restart #204 💎
💎 2025-08-03 15:39:01,559 - INFO - Resurrection successful! Guardian continues... 💎
💎 2025-08-03 15:39:31,560 - WARNING - Bot is dead! Resurrection attempt #205 💎
💎 2025-08-03 15:39:31,560 - WARNING - Bot has died! RESURRECTING... 💎
💎 2025-08-03 15:39:41,561 - INFO - Starting IMMORTAL Discord Community Global Launcher... 💎
💎 2025-08-03 15:39:41,568 - INFO - IMMORTAL Discord bot started with PID: 18116 💎
💎 2025-08-03 15:39:41,570 - INFO - RESURRECTION SUCCESSFUL! Restart #205 💎
💎 2025-08-03 15:39:41,570 - INFO - Resurrection successful! Guardian continues... 💎
💎 2025-08-03 15:39:58,841 - INFO - IMMORTAL STATUS: Bot restarts: 205 💎
💎 2025-08-03 15:40:11,572 - WARNING - Bot is dead! Resurrection attempt #206 💎
💎 2025-08-03 15:40:11,572 - WARNING - Bot has died! RESURRECTING... 💎
💎 2025-08-03 15:40:21,573 - INFO - Starting IMMORTAL Discord Community Global Launcher... 💎
💎 2025-08-03 15:40:21,580 - INFO - IMMORTAL Discord bot started with PID: 7124 💎
💎 2025-08-03 15:40:21,582 - INFO - RESURRECTION SUCCESSFUL! Restart #206 💎
💎 2025-08-03 15:40:21,582 - INFO - Resurrection successful! Guardian continues... 💎
💎 2025-08-03 15:40:51,583 - WARNING - Bot is dead! Resurrection attempt #207 💎
💎 2025-08-03 15:40:51,584 - WARNING - Bot has died! RESURRECTING... 💎
💎 2025-08-03 15:40:58,841 - INFO - IMMORTAL STATUS: Bot restarts: 207 💎
💎 2025-08-03 15:41:01,584 - INFO - Starting IMMORTAL Discord Community Global Launcher... 💎
💎 2025-08-03 15:41:01,592 - INFO - IMMORTAL Discord bot started with PID: 15780 💎
💎 2025-08-03 15:41:01,594 - INFO - RESURRECTION SUCCESSFUL! Restart #207 💎
💎 2025-08-03 15:41:01,594 - INFO - Resurrection successful! Guardian continues... 💎
💎 2025-08-03 15:41:31,595 - WARNING - Bot is dead! Resurrection attempt #208 💎
💎 2025-08-03 15:41:31,596 - WARNING - Bot has died! RESURRECTING... 💎
💎 2025-08-03 15:41:41,596 - INFO - Starting IMMORTAL Discord Community Global Launcher... 💎
💎 2025-08-03 15:41:41,605 - INFO - IMMORTAL Discord bot started with PID: 19540 💎
💎 2025-08-03 15:41:41,607 - INFO - RESURRECTION SUCCESSFUL! Restart #208 💎
💎 2025-08-03 15:41:41,607 - INFO - Resurrection successful! Guardian continues... 💎
💎 2025-08-03 15:41:58,842 - INFO - IMMORTAL STATUS: Bot restarts: 208 💎
💎 2025-08-03 15:42:11,608 - WARNING - Bot is dead! Resurrection attempt #209 💎
💎 2025-08-03 15:42:11,609 - WARNING - Bot has died! RESURRECTING... 💎
💎 2025-08-03 15:42:21,609 - INFO - Starting IMMORTAL Discord Community Global Launcher... 💎
💎 2025-08-03 15:42:21,617 - INFO - IMMORTAL Discord bot started with PID: 16828 💎
💎 2025-08-03 15:42:21,619 - INFO - RESURRECTION SUCCESSFUL! Restart #209 💎
💎 2025-08-03 15:42:21,619 - INFO - Resurrection successful! Guardian continues... 💎
💎 2025-08-03 15:42:51,620 - WARNING - Bot is dead! Resurrection attempt #210 💎
💎 2025-08-03 15:42:51,621 - WARNING - Bot has died! RESURRECTING... 💎
💎 2025-08-03 15:42:58,843 - INFO - IMMORTAL STATUS: Bot restarts: 210 💎
💎 2025-08-03 15:43:01,622 - INFO - Starting IMMORTAL Discord Community Global Launcher... 💎
💎 2025-08-03 15:43:01,630 - INFO - IMMORTAL Discord bot started with PID: 3452 💎
💎 2025-08-03 15:43:01,632 - INFO - RESURRECTION SUCCESSFUL! Restart #210 💎
💎 2025-08-03 15:43:01,632 - INFO - Resurrection successful! Guardian continues... 💎
💎 2025-08-03 15:43:31,633 - WARNING - Bot is dead! Resurrection attempt #211 💎
💎 2025-08-03 15:43:31,633 - WARNING - Bot has died! RESURRECTING... 💎
💎 2025-08-03 15:43:41,634 - INFO - Starting IMMORTAL Discord Community Global Launcher... 💎
💎 2025-08-03 15:43:41,643 - INFO - IMMORTAL Discord bot started with PID: 14216 💎
💎 2025-08-03 15:43:41,645 - INFO - RESURRECTION SUCCESSFUL! Restart #211 💎
💎 2025-08-03 15:43:41,645 - INFO - Resurrection successful! Guardian continues... 💎
💎 2025-08-03 15:43:58,844 - INFO - IMMORTAL STATUS: Bot restarts: 211 💎
💎 2025-08-03 15:44:11,646 - WARNING - Bot is dead! Resurrection attempt #212 💎
💎 2025-08-03 15:44:11,647 - WARNING - Bot has died! RESURRECTING... 💎
💎 2025-08-03 15:44:21,647 - INFO - Starting IMMORTAL Discord Community Global Launcher... 💎
💎 2025-08-03 15:44:21,654 - INFO - IMMORTAL Discord bot started with PID: 15036 💎
💎 2025-08-03 15:44:21,656 - INFO - RESURRECTION SUCCESSFUL! Restart #212 💎
💎 2025-08-03 15:44:21,658 - INFO - Resurrection successful! Guardian continues... 💎
💎 2025-08-03 15:44:51,660 - WARNING - Bot is dead! Resurrection attempt #213 💎
💎 2025-08-03 15:44:51,660 - WARNING - Bot has died! RESURRECTING... 💎
💎 2025-08-03 15:44:58,844 - INFO - IMMORTAL STATUS: Bot restarts: 213 💎
💎 2025-08-03 15:45:01,661 - INFO - Starting IMMORTAL Discord Community Global Launcher... 💎
💎 2025-08-03 15:45:01,669 - INFO - IMMORTAL Discord bot started with PID: 8444 💎
💎 2025-08-03 15:45:01,670 - INFO - RESURRECTION SUCCESSFUL! Restart #213 💎
💎 2025-08-03 15:45:01,671 - INFO - Resurrection successful! Guardian continues... 💎
💎 2025-08-03 15:45:31,671 - WARNING - Bot is dead! Resurrection attempt #214 💎
💎 2025-08-03 15:45:31,672 - WARNING - Bot has died! RESURRECTING... 💎
💎 2025-08-03 15:45:41,672 - INFO - Starting IMMORTAL Discord Community Global Launcher... 💎
💎 2025-08-03 15:45:41,681 - INFO - IMMORTAL Discord bot started with PID: 3468 💎
💎 2025-08-03 15:45:41,682 - INFO - RESURRECTION SUCCESSFUL! Restart #214 💎
💎 2025-08-03 15:45:41,683 - INFO - Resurrection successful! Guardian continues... 💎
💎 2025-08-03 15:45:58,845 - INFO - IMMORTAL STATUS: Bot restarts: 214 💎
💎 2025-08-03 15:46:11,683 - WARNING - Bot is dead! Resurrection attempt #215 💎
💎 2025-08-03 15:46:11,684 - WARNING - Bot has died! RESURRECTING... 💎
💎 2025-08-03 15:46:21,684 - INFO - Starting IMMORTAL Discord Community Global Launcher... 💎
💎 2025-08-03 15:46:21,693 - INFO - IMMORTAL Discord bot started with PID: 12696 💎
💎 2025-08-03 15:46:21,694 - INFO - RESURRECTION SUCCESSFUL! Restart #215 💎
💎 2025-08-03 15:46:21,695 - INFO - Resurrection successful! Guardian continues... 💎
💎 2025-08-03 15:46:51,696 - WARNING - Bot is dead! Resurrection attempt #216 💎
💎 2025-08-03 15:46:51,696 - WARNING - Bot has died! RESURRECTING... 💎
💎 2025-08-03 15:46:58,846 - INFO - IMMORTAL STATUS: Bot restarts: 216 💎
💎 2025-08-03 15:47:01,696 - INFO - Starting IMMORTAL Discord Community Global Launcher... 💎
💎 2025-08-03 15:47:01,704 - INFO - IMMORTAL Discord bot started with PID: 19940 💎
💎 2025-08-03 15:47:01,705 - INFO - RESURRECTION SUCCESSFUL! Restart #216 💎
💎 2025-08-03 15:47:01,706 - INFO - Resurrection successful! Guardian continues... 💎
💎 2025-08-03 15:47:31,707 - WARNING - Bot is dead! Resurrection attempt #217 💎
💎 2025-08-03 15:47:31,707 - WARNING - Bot has died! RESURRECTING... 💎
💎 2025-08-03 15:47:41,708 - INFO - Starting IMMORTAL Discord Community Global Launcher... 💎
💎 2025-08-03 15:47:41,717 - INFO - IMMORTAL Discord bot started with PID: 5408 💎
💎 2025-08-03 15:47:41,719 - INFO - RESURRECTION SUCCESSFUL! Restart #217 💎
💎 2025-08-03 15:47:41,720 - INFO - Resurrection successful! Guardian continues... 💎
💎 2025-08-03 15:47:58,846 - INFO - IMMORTAL STATUS: Bot restarts: 217 💎
💎 2025-08-03 15:48:11,721 - WARNING - Bot is dead! Resurrection attempt #218 💎
💎 2025-08-03 15:48:11,722 - WARNING - Bot has died! RESURRECTING... 💎
💎 2025-08-03 15:48:21,722 - INFO - Starting IMMORTAL Discord Community Global Launcher... 💎
💎 2025-08-03 15:48:21,731 - INFO - IMMORTAL Discord bot started with PID: 8136 💎
💎 2025-08-03 15:48:21,732 - INFO - RESURRECTION SUCCESSFUL! Restart #218 💎
💎 2025-08-03 15:48:21,733 - INFO - Resurrection successful! Guardian continues... 💎
💎 2025-08-03 15:48:51,734 - WARNING - Bot is dead! Resurrection attempt #219 💎
💎 2025-08-03 15:48:51,734 - WARNING - Bot has died! RESURRECTING... 💎
💎 2025-08-03 15:48:58,847 - INFO - IMMORTAL STATUS: Bot restarts: 219 💎
💎 2025-08-03 15:49:01,735 - INFO - Starting IMMORTAL Discord Community Global Launcher... 💎
💎 2025-08-03 15:49:01,743 - INFO - IMMORTAL Discord bot started with PID: 9356 💎
💎 2025-08-03 15:49:01,745 - INFO - RESURRECTION SUCCESSFUL! Restart #219 💎
💎 2025-08-03 15:49:01,745 - INFO - Resurrection successful! Guardian continues... 💎
💎 2025-08-03 15:49:31,746 - WARNING - Bot is dead! Resurrection attempt #220 💎
💎 2025-08-03 15:49:31,747 - WARNING - Bot has died! RESURRECTING... 💎
💎 2025-08-03 15:49:41,747 - INFO - Starting IMMORTAL Discord Community Global Launcher... 💎
💎 2025-08-03 15:49:41,756 - INFO - IMMORTAL Discord bot started with PID: 18684 💎
💎 2025-08-03 15:49:41,757 - INFO - RESURRECTION SUCCESSFUL! Restart #220 💎
💎 2025-08-03 15:49:41,758 - INFO - Resurrection successful! Guardian continues... 💎
💎 2025-08-03 15:49:58,848 - INFO - IMMORTAL STATUS: Bot restarts: 220 💎
💎 2025-08-03 15:50:11,758 - WARNING - Bot is dead! Resurrection attempt #221 💎
💎 2025-08-03 15:50:11,759 - WARNING - Bot has died! RESURRECTING... 💎
💎 2025-08-03 15:50:21,759 - INFO - Starting IMMORTAL Discord Community Global Launcher... 💎
💎 2025-08-03 15:50:21,768 - INFO - IMMORTAL Discord bot started with PID: 15292 💎
💎 2025-08-03 15:50:21,769 - INFO - RESURRECTION SUCCESSFUL! Restart #221 💎
💎 2025-08-03 15:50:21,770 - INFO - Resurrection successful! Guardian continues... 💎
💎 2025-08-03 15:50:51,771 - WARNING - Bot is dead! Resurrection attempt #222 💎
💎 2025-08-03 15:50:51,772 - WARNING - Bot has died! RESURRECTING... 💎
💎 2025-08-03 15:50:58,849 - INFO - IMMORTAL STATUS: Bot restarts: 222 💎
💎 2025-08-03 15:51:01,773 - INFO - Starting IMMORTAL Discord Community Global Launcher... 💎
💎 2025-08-03 15:51:01,781 - INFO - IMMORTAL Discord bot started with PID: 16300 💎
💎 2025-08-03 15:51:01,782 - INFO - RESURRECTION SUCCESSFUL! Restart #222 💎
💎 2025-08-03 15:51:01,783 - INFO - Resurrection successful! Guardian continues... 💎
💎 2025-08-03 15:51:31,784 - WARNING - Bot is dead! Resurrection attempt #223 💎
💎 2025-08-03 15:51:31,785 - WARNING - Bot has died! RESURRECTING... 💎
💎 2025-08-03 15:51:41,785 - INFO - Starting IMMORTAL Discord Community Global Launcher... 💎
💎 2025-08-03 15:51:41,792 - INFO - IMMORTAL Discord bot started with PID: 15936 💎
💎 2025-08-03 15:51:41,793 - INFO - RESURRECTION SUCCESSFUL! Restart #223 💎
💎 2025-08-03 15:51:41,793 - INFO - Resurrection successful! Guardian continues... 💎
💎 2025-08-03 15:51:58,850 - INFO - IMMORTAL STATUS: Bot restarts: 223 💎
💎 2025-08-03 15:52:11,794 - WARNING - Bot is dead! Resurrection attempt #224 💎
💎 2025-08-03 15:52:11,795 - WARNING - Bot has died! RESURRECTING... 💎
💎 2025-08-03 15:52:21,795 - INFO - Starting IMMORTAL Discord Community Global Launcher... 💎
💎 2025-08-03 15:52:21,803 - INFO - IMMORTAL Discord bot started with PID: 19916 💎
💎 2025-08-03 15:52:21,804 - INFO - RESURRECTION SUCCESSFUL! Restart #224 💎
💎 2025-08-03 15:52:21,805 - INFO - Resurrection successful! Guardian continues... 💎
💎 2025-08-03 15:52:51,806 - WARNING - Bot is dead! Resurrection attempt #225 💎
💎 2025-08-03 15:52:51,806 - WARNING - Bot has died! RESURRECTING... 💎
💎 2025-08-03 15:52:58,850 - INFO - IMMORTAL STATUS: Bot restarts: 225 💎
💎 2025-08-03 15:53:01,807 - INFO - Starting IMMORTAL Discord Community Global Launcher... 💎
💎 2025-08-03 15:53:01,815 - INFO - IMMORTAL Discord bot started with PID: 9148 💎
💎 2025-08-03 15:53:01,817 - INFO - RESURRECTION SUCCESSFUL! Restart #225 💎
💎 2025-08-03 15:53:01,817 - INFO - Resurrection successful! Guardian continues... 💎
💎 2025-08-03 15:53:31,818 - WARNING - Bot is dead! Resurrection attempt #226 💎
💎 2025-08-03 15:53:31,819 - WARNING - Bot has died! RESURRECTING... 💎
💎 2025-08-03 15:53:41,820 - INFO - Starting IMMORTAL Discord Community Global Launcher... 💎
💎 2025-08-03 15:53:41,828 - INFO - IMMORTAL Discord bot started with PID: 8104 💎
💎 2025-08-03 15:53:41,831 - INFO - RESURRECTION SUCCESSFUL! Restart #226 💎
💎 2025-08-03 15:53:41,832 - INFO - Resurrection successful! Guardian continues... 💎
💎 2025-08-03 15:53:58,851 - INFO - IMMORTAL STATUS: Bot restarts: 226 💎
💎 2025-08-03 15:54:11,833 - WARNING - Bot is dead! Resurrection attempt #227 💎
💎 2025-08-03 15:54:11,833 - WARNING - Bot has died! RESURRECTING... 💎
💎 2025-08-03 15:54:21,833 - INFO - Starting IMMORTAL Discord Community Global Launcher... 💎
💎 2025-08-03 15:54:21,843 - INFO - IMMORTAL Discord bot started with PID: 19884 💎
💎 2025-08-03 15:54:21,844 - INFO - RESURRECTION SUCCESSFUL! Restart #227 💎
💎 2025-08-03 15:54:21,846 - INFO - Resurrection successful! Guardian continues... 💎
💎 2025-08-03 15:54:51,847 - WARNING - Bot is dead! Resurrection attempt #228 💎
💎 2025-08-03 15:54:51,848 - WARNING - Bot has died! RESURRECTING... 💎
💎 2025-08-03 15:54:58,852 - INFO - IMMORTAL STATUS: Bot restarts: 228 💎
💎 2025-08-03 15:55:01,849 - INFO - Starting IMMORTAL Discord Community Global Launcher... 💎
💎 2025-08-03 15:55:01,857 - INFO - IMMORTAL Discord bot started with PID: 9164 💎
💎 2025-08-03 15:55:01,859 - INFO - RESURRECTION SUCCESSFUL! Restart #228 💎
💎 2025-08-03 15:55:01,859 - INFO - Resurrection successful! Guardian continues... 💎
💎 2025-08-03 15:55:31,860 - WARNING - Bot is dead! Resurrection attempt #229 💎
💎 2025-08-03 15:55:31,860 - WARNING - Bot has died! RESURRECTING... 💎
💎 2025-08-03 15:55:41,861 - INFO - Starting IMMORTAL Discord Community Global Launcher... 💎
💎 2025-08-03 15:55:41,869 - INFO - IMMORTAL Discord bot started with PID: 4112 💎
💎 2025-08-03 15:55:41,870 - INFO - RESURRECTION SUCCESSFUL! Restart #229 💎
💎 2025-08-03 15:55:41,871 - INFO - Resurrection successful! Guardian continues... 💎
💎 2025-08-03 15:55:58,853 - INFO - IMMORTAL STATUS: Bot restarts: 229 💎
💎 2025-08-03 15:56:11,872 - WARNING - Bot is dead! Resurrection attempt #230 💎
💎 2025-08-03 15:56:11,872 - WARNING - Bot has died! RESURRECTING... 💎
💎 2025-08-03 15:56:21,873 - INFO - Starting IMMORTAL Discord Community Global Launcher... 💎
💎 2025-08-03 15:56:21,881 - INFO - IMMORTAL Discord bot started with PID: 19488 💎
💎 2025-08-03 15:56:21,883 - INFO - RESURRECTION SUCCESSFUL! Restart #230 💎
💎 2025-08-03 15:56:21,883 - INFO - Resurrection successful! Guardian continues... 💎
💎 2025-08-03 15:56:51,884 - WARNING - Bot is dead! Resurrection attempt #231 💎
💎 2025-08-03 15:56:51,885 - WARNING - Bot has died! RESURRECTING... 💎
💎 2025-08-03 15:56:58,854 - INFO - IMMORTAL STATUS: Bot restarts: 231 💎
💎 2025-08-03 15:57:01,885 - INFO - Starting IMMORTAL Discord Community Global Launcher... 💎
💎 2025-08-03 15:57:01,894 - INFO - IMMORTAL Discord bot started with PID: 18028 💎
💎 2025-08-03 15:57:01,895 - INFO - RESURRECTION SUCCESSFUL! Restart #231 💎
💎 2025-08-03 15:57:01,896 - INFO - Resurrection successful! Guardian continues... 💎
💎 2025-08-03 15:57:31,897 - WARNING - Bot is dead! Resurrection attempt #232 💎
💎 2025-08-03 15:57:31,897 - WARNING - Bot has died! RESURRECTING... 💎
💎 2025-08-03 15:57:41,898 - INFO - Starting IMMORTAL Discord Community Global Launcher... 💎
💎 2025-08-03 15:57:41,906 - INFO - IMMORTAL Discord bot started with PID: 9220 💎
💎 2025-08-03 15:57:41,907 - INFO - RESURRECTION SUCCESSFUL! Restart #232 💎
💎 2025-08-03 15:57:41,908 - INFO - Resurrection successful! Guardian continues... 💎
💎 2025-08-03 15:57:58,855 - INFO - IMMORTAL STATUS: Bot restarts: 232 💎
💎 2025-08-03 15:58:11,909 - WARNING - Bot is dead! Resurrection attempt #233 💎
💎 2025-08-03 15:58:11,909 - WARNING - Bot has died! RESURRECTING... 💎
💎 2025-08-03 15:58:21,910 - INFO - Starting IMMORTAL Discord Community Global Launcher... 💎
💎 2025-08-03 15:58:21,917 - INFO - IMMORTAL Discord bot started with PID: 9468 💎
💎 2025-08-03 15:58:21,919 - INFO - RESURRECTION SUCCESSFUL! Restart #233 💎
💎 2025-08-03 15:58:21,919 - INFO - Resurrection successful! Guardian continues... 💎
💎 2025-08-03 15:58:51,920 - WARNING - Bot is dead! Resurrection attempt #234 💎
💎 2025-08-03 15:58:51,920 - WARNING - Bot has died! RESURRECTING... 💎
💎 2025-08-03 15:58:58,855 - INFO - IMMORTAL STATUS: Bot restarts: 234 💎
💎 2025-08-03 15:59:01,921 - INFO - Starting IMMORTAL Discord Community Global Launcher... 💎
💎 2025-08-03 15:59:01,929 - INFO - IMMORTAL Discord bot started with PID: 11796 💎
💎 2025-08-03 15:59:01,931 - INFO - RESURRECTION SUCCESSFUL! Restart #234 💎
💎 2025-08-03 15:59:01,931 - INFO - Resurrection successful! Guardian continues... 💎
💎 2025-08-03 15:59:31,932 - WARNING - Bot is dead! Resurrection attempt #235 💎
💎 2025-08-03 15:59:31,932 - WARNING - Bot has died! RESURRECTING... 💎
💎 2025-08-03 15:59:41,933 - INFO - Starting IMMORTAL Discord Community Global Launcher... 💎
💎 2025-08-03 15:59:41,939 - INFO - IMMORTAL Discord bot started with PID: 17616 💎
💎 2025-08-03 15:59:41,941 - INFO - RESURRECTION SUCCESSFUL! Restart #235 💎
💎 2025-08-03 15:59:41,941 - INFO - Resurrection successful! Guardian continues... 💎
💎 2025-08-03 15:59:58,856 - INFO - IMMORTAL STATUS: Bot restarts: 235 💎
💎 2025-08-03 16:00:11,942 - WARNING - Bot is dead! Resurrection attempt #236 💎
💎 2025-08-03 16:00:11,942 - WARNING - Bot has died! RESURRECTING... 💎
💎 2025-08-03 16:00:21,943 - INFO - Starting IMMORTAL Discord Community Global Launcher... 💎
💎 2025-08-03 16:00:21,952 - INFO - IMMORTAL Discord bot started with PID: 19628 💎
💎 2025-08-03 16:00:21,954 - INFO - RESURRECTION SUCCESSFUL! Restart #236 💎
💎 2025-08-03 16:00:21,954 - INFO - Resurrection successful! Guardian continues... 💎
💎 2025-08-03 16:00:51,954 - WARNING - Bot is dead! Resurrection attempt #237 💎
💎 2025-08-03 16:00:51,955 - WARNING - Bot has died! RESURRECTING... 💎
💎 2025-08-03 16:00:58,857 - INFO - IMMORTAL STATUS: Bot restarts: 237 💎
💎 2025-08-03 16:01:01,956 - INFO - Starting IMMORTAL Discord Community Global Launcher... 💎
💎 2025-08-03 16:01:01,964 - INFO - IMMORTAL Discord bot started with PID: 18480 💎
💎 2025-08-03 16:01:01,966 - INFO - RESURRECTION SUCCESSFUL! Restart #237 💎
💎 2025-08-03 16:01:01,967 - INFO - Resurrection successful! Guardian continues... 💎
💎 2025-08-03 16:01:31,968 - WARNING - Bot is dead! Resurrection attempt #238 💎
💎 2025-08-03 16:01:31,968 - WARNING - Bot has died! RESURRECTING... 💎
💎 2025-08-03 16:01:41,969 - INFO - Starting IMMORTAL Discord Community Global Launcher... 💎
💎 2025-08-03 16:01:41,980 - INFO - IMMORTAL Discord bot started with PID: 15160 💎
💎 2025-08-03 16:01:41,981 - INFO - RESURRECTION SUCCESSFUL! Restart #238 💎
💎 2025-08-03 16:01:41,982 - INFO - Resurrection successful! Guardian continues... 💎
💎 2025-08-03 16:01:58,858 - INFO - IMMORTAL STATUS: Bot restarts: 238 💎
💎 2025-08-03 16:02:11,983 - WARNING - Bot is dead! Resurrection attempt #239 💎
💎 2025-08-03 16:02:11,983 - WARNING - Bot has died! RESURRECTING... 💎
💎 2025-08-03 16:02:21,984 - INFO - Starting IMMORTAL Discord Community Global Launcher... 💎
💎 2025-08-03 16:02:21,991 - INFO - IMMORTAL Discord bot started with PID: 11620 💎
💎 2025-08-03 16:02:21,992 - INFO - RESURRECTION SUCCESSFUL! Restart #239 💎
💎 2025-08-03 16:02:21,993 - INFO - Resurrection successful! Guardian continues... 💎
💎 2025-08-03 16:02:51,994 - WARNING - Bot is dead! Resurrection attempt #240 💎
💎 2025-08-03 16:02:51,994 - WARNING - Bot has died! RESURRECTING... 💎
💎 2025-08-03 16:02:58,859 - INFO - IMMORTAL STATUS: Bot restarts: 240 💎
💎 2025-08-03 16:03:01,995 - INFO - Starting IMMORTAL Discord Community Global Launcher... 💎
💎 2025-08-03 16:03:02,004 - INFO - IMMORTAL Discord bot started with PID: 1504 💎
💎 2025-08-03 16:03:02,006 - INFO - RESURRECTION SUCCESSFUL! Restart #240 💎
💎 2025-08-03 16:03:02,006 - INFO - Resurrection successful! Guardian continues... 💎
💎 2025-08-03 16:03:32,007 - WARNING - Bot is dead! Resurrection attempt #241 💎
💎 2025-08-03 16:03:32,008 - WARNING - Bot has died! RESURRECTING... 💎
💎 2025-08-03 16:03:42,009 - INFO - Starting IMMORTAL Discord Community Global Launcher... 💎
💎 2025-08-03 16:03:42,018 - INFO - IMMORTAL Discord bot started with PID: 1904 💎
💎 2025-08-03 16:03:42,022 - INFO - RESURRECTION SUCCESSFUL! Restart #241 💎
💎 2025-08-03 16:03:42,023 - INFO - Resurrection successful! Guardian continues... 💎
💎 2025-08-03 16:03:58,860 - INFO - IMMORTAL STATUS: Bot restarts: 241 💎
💎 2025-08-03 16:04:12,024 - WARNING - Bot is dead! Resurrection attempt #242 💎
💎 2025-08-03 16:04:12,024 - WARNING - Bot has died! RESURRECTING... 💎
💎 2025-08-03 16:04:22,025 - INFO - Starting IMMORTAL Discord Community Global Launcher... 💎
💎 2025-08-03 16:04:22,035 - INFO - IMMORTAL Discord bot started with PID: 5920 💎
💎 2025-08-03 16:04:22,037 - INFO - RESURRECTION SUCCESSFUL! Restart #242 💎
💎 2025-08-03 16:04:22,037 - INFO - Resurrection successful! Guardian continues... 💎
💎 2025-08-03 16:04:52,038 - WARNING - Bot is dead! Resurrection attempt #243 💎
💎 2025-08-03 16:04:52,038 - WARNING - Bot has died! RESURRECTING... 💎
💎 2025-08-03 16:04:58,861 - INFO - IMMORTAL STATUS: Bot restarts: 243 💎
💎 2025-08-03 16:05:02,039 - INFO - Starting IMMORTAL Discord Community Global Launcher... 💎
💎 2025-08-03 16:05:02,050 - INFO - IMMORTAL Discord bot started with PID: 20048 💎
💎 2025-08-03 16:05:02,052 - INFO - RESURRECTION SUCCESSFUL! Restart #243 💎
💎 2025-08-03 16:05:02,053 - INFO - Resurrection successful! Guardian continues... 💎
💎 2025-08-03 16:05:32,054 - WARNING - Bot is dead! Resurrection attempt #244 💎
💎 2025-08-03 16:05:32,054 - WARNING - Bot has died! RESURRECTING... 💎
💎 2025-08-03 16:05:42,055 - INFO - Starting IMMORTAL Discord Community Global Launcher... 💎
💎 2025-08-03 16:05:42,063 - INFO - IMMORTAL Discord bot started with PID: 20368 💎
💎 2025-08-03 16:05:42,065 - INFO - RESURRECTION SUCCESSFUL! Restart #244 💎
💎 2025-08-03 16:05:42,065 - INFO - Resurrection successful! Guardian continues... 💎
💎 2025-08-03 16:05:58,861 - INFO - IMMORTAL STATUS: Bot restarts: 244 💎
💎 2025-08-03 16:06:12,066 - WARNING - Bot is dead! Resurrection attempt #245 💎
💎 2025-08-03 16:06:12,067 - WARNING - Bot has died! RESURRECTING... 💎
💎 2025-08-03 16:06:22,068 - INFO - Starting IMMORTAL Discord Community Global Launcher... 💎
💎 2025-08-03 16:06:22,075 - INFO - IMMORTAL Discord bot started with PID: 20020 💎
💎 2025-08-03 16:06:22,076 - INFO - RESURRECTION SUCCESSFUL! Restart #245 💎
💎 2025-08-03 16:06:22,077 - INFO - Resurrection successful! Guardian continues... 💎
💎 2025-08-03 16:06:52,078 - WARNING - Bot is dead! Resurrection attempt #246 💎
💎 2025-08-03 16:06:52,078 - WARNING - Bot has died! RESURRECTING... 💎
💎 2025-08-03 16:06:58,862 - INFO - IMMORTAL STATUS: Bot restarts: 246 💎
💎 2025-08-03 16:07:02,079 - INFO - Starting IMMORTAL Discord Community Global Launcher... 💎
💎 2025-08-03 16:07:02,090 - INFO - IMMORTAL Discord bot started with PID: 2272 💎
💎 2025-08-03 16:07:02,092 - INFO - RESURRECTION SUCCESSFUL! Restart #246 💎
💎 2025-08-03 16:07:02,092 - INFO - Resurrection successful! Guardian continues... 💎
💎 2025-08-03 16:07:32,093 - WARNING - Bot is dead! Resurrection attempt #247 💎
💎 2025-08-03 16:07:32,094 - WARNING - Bot has died! RESURRECTING... 💎
💎 2025-08-03 16:07:42,094 - INFO - Starting IMMORTAL Discord Community Global Launcher... 💎
💎 2025-08-03 16:07:42,104 - INFO - IMMORTAL Discord bot started with PID: 2844 💎
💎 2025-08-03 16:07:42,106 - INFO - RESURRECTION SUCCESSFUL! Restart #247 💎
💎 2025-08-03 16:07:42,106 - INFO - Resurrection successful! Guardian continues... 💎
💎 2025-08-03 16:07:58,863 - INFO - IMMORTAL STATUS: Bot restarts: 247 💎
💎 2025-08-03 16:08:12,107 - WARNING - Bot is dead! Resurrection attempt #248 💎
💎 2025-08-03 16:08:12,108 - WARNING - Bot has died! RESURRECTING... 💎
💎 2025-08-03 16:08:22,109 - INFO - Starting IMMORTAL Discord Community Global Launcher... 💎
💎 2025-08-03 16:08:22,117 - INFO - IMMORTAL Discord bot started with PID: 20228 💎
💎 2025-08-03 16:08:22,119 - INFO - RESURRECTION SUCCESSFUL! Restart #248 💎
💎 2025-08-03 16:08:22,121 - INFO - Resurrection successful! Guardian continues... 💎
💎 2025-08-03 16:08:52,123 - WARNING - Bot is dead! Resurrection attempt #249 💎
💎 2025-08-03 16:08:52,124 - WARNING - Bot has died! RESURRECTING... 💎
💎 2025-08-03 16:08:58,864 - INFO - IMMORTAL STATUS: Bot restarts: 249 💎
💎 2025-08-03 16:09:02,125 - INFO - Starting IMMORTAL Discord Community Global Launcher... 💎
💎 2025-08-03 16:09:02,134 - INFO - IMMORTAL Discord bot started with PID: 4044 💎
💎 2025-08-03 16:09:02,136 - INFO - RESURRECTION SUCCESSFUL! Restart #249 💎
💎 2025-08-03 16:09:02,137 - INFO - Resurrection successful! Guardian continues... 💎
💎 2025-08-03 16:09:32,138 - WARNING - Bot is dead! Resurrection attempt #250 💎
💎 2025-08-03 16:09:32,138 - WARNING - Bot has died! RESURRECTING... 💎
💎 2025-08-03 16:09:42,138 - INFO - Starting IMMORTAL Discord Community Global Launcher... 💎
💎 2025-08-03 16:09:42,148 - INFO - IMMORTAL Discord bot started with PID: 10448 💎
💎 2025-08-03 16:09:42,152 - INFO - RESURRECTION SUCCESSFUL! Restart #250 💎
💎 2025-08-03 16:09:42,152 - INFO - Resurrection successful! Guardian continues... 💎
💎 2025-08-03 16:09:58,865 - INFO - IMMORTAL STATUS: Bot restarts: 250 💎
💎 2025-08-03 16:10:12,153 - WARNING - Bot is dead! Resurrection attempt #251 💎
💎 2025-08-03 16:10:12,153 - WARNING - Bot has died! RESURRECTING... 💎
💎 2025-08-03 16:10:22,154 - INFO - Starting IMMORTAL Discord Community Global Launcher... 💎
💎 2025-08-03 16:10:22,160 - INFO - IMMORTAL Discord bot started with PID: 18304 💎
💎 2025-08-03 16:10:22,162 - INFO - RESURRECTION SUCCESSFUL! Restart #251 💎
💎 2025-08-03 16:10:22,162 - INFO - Resurrection successful! Guardian continues... 💎
💎 2025-08-03 16:10:52,163 - WARNING - Bot is dead! Resurrection attempt #252 💎
💎 2025-08-03 16:10:52,164 - WARNING - Bot has died! RESURRECTING... 💎
💎 2025-08-03 16:10:58,866 - INFO - IMMORTAL STATUS: Bot restarts: 252 💎
💎 2025-08-03 16:11:02,164 - INFO - Starting IMMORTAL Discord Community Global Launcher... 💎
💎 2025-08-03 16:11:02,171 - INFO - IMMORTAL Discord bot started with PID: 16876 💎
💎 2025-08-03 16:11:02,173 - INFO - RESURRECTION SUCCESSFUL! Restart #252 💎
💎 2025-08-03 16:11:02,174 - INFO - Resurrection successful! Guardian continues... 💎
💎 2025-08-03 16:11:32,175 - WARNING - Bot is dead! Resurrection attempt #253 💎
💎 2025-08-03 16:11:32,175 - WARNING - Bot has died! RESURRECTING... 💎
💎 2025-08-03 16:11:42,176 - INFO - Starting IMMORTAL Discord Community Global Launcher... 💎
💎 2025-08-03 16:11:42,184 - INFO - IMMORTAL Discord bot started with PID: 13916 💎
💎 2025-08-03 16:11:42,186 - INFO - RESURRECTION SUCCESSFUL! Restart #253 💎
💎 2025-08-03 16:11:42,186 - INFO - Resurrection successful! Guardian continues... 💎
💎 2025-08-03 16:11:58,867 - INFO - IMMORTAL STATUS: Bot restarts: 253 💎
💎 2025-08-03 16:12:12,186 - WARNING - Bot is dead! Resurrection attempt #254 💎
💎 2025-08-03 16:12:12,187 - WARNING - Bot has died! RESURRECTING... 💎
💎 2025-08-03 16:12:22,188 - INFO - Starting IMMORTAL Discord Community Global Launcher... 💎
💎 2025-08-03 16:12:22,195 - INFO - IMMORTAL Discord bot started with PID: 18900 💎
💎 2025-08-03 16:12:22,197 - INFO - RESURRECTION SUCCESSFUL! Restart #254 💎
💎 2025-08-03 16:12:22,197 - INFO - Resurrection successful! Guardian continues... 💎
💎 2025-08-03 16:12:52,199 - WARNING - Bot is dead! Resurrection attempt #255 💎
💎 2025-08-03 16:12:52,199 - WARNING - Bot has died! RESURRECTING... 💎
💎 2025-08-03 16:12:58,868 - INFO - IMMORTAL STATUS: Bot restarts: 255 💎
💎 2025-08-03 16:13:02,200 - INFO - Starting IMMORTAL Discord Community Global Launcher... 💎
💎 2025-08-03 16:13:02,211 - INFO - IMMORTAL Discord bot started with PID: 7028 💎
💎 2025-08-03 16:13:02,213 - INFO - RESURRECTION SUCCESSFUL! Restart #255 💎
💎 2025-08-03 16:13:02,213 - INFO - Resurrection successful! Guardian continues... 💎
💎 2025-08-03 16:13:32,214 - WARNING - Bot is dead! Resurrection attempt #256 💎
💎 2025-08-03 16:13:32,215 - WARNING - Bot has died! RESURRECTING... 💎
💎 2025-08-03 16:13:42,215 - INFO - Starting IMMORTAL Discord Community Global Launcher... 💎
💎 2025-08-03 16:13:42,222 - INFO - IMMORTAL Discord bot started with PID: 2548 💎
💎 2025-08-03 16:13:42,224 - INFO - RESURRECTION SUCCESSFUL! Restart #256 💎
💎 2025-08-03 16:13:42,225 - INFO - Resurrection successful! Guardian continues... 💎
💎 2025-08-03 16:13:58,869 - INFO - IMMORTAL STATUS: Bot restarts: 256 💎
💎 2025-08-03 16:14:12,225 - WARNING - Bot is dead! Resurrection attempt #257 💎
💎 2025-08-03 16:14:12,226 - WARNING - Bot has died! RESURRECTING... 💎
💎 2025-08-03 16:14:22,226 - INFO - Starting IMMORTAL Discord Community Global Launcher... 💎
💎 2025-08-03 16:14:22,233 - INFO - IMMORTAL Discord bot started with PID: 9344 💎
💎 2025-08-03 16:14:22,234 - INFO - RESURRECTION SUCCESSFUL! Restart #257 💎
💎 2025-08-03 16:14:22,235 - INFO - Resurrection successful! Guardian continues... 💎
💎 2025-08-03 16:14:52,236 - WARNING - Bot is dead! Resurrection attempt #258 💎
💎 2025-08-03 16:14:52,236 - WARNING - Bot has died! RESURRECTING... 💎
💎 2025-08-03 16:14:58,871 - INFO - IMMORTAL STATUS: Bot restarts: 258 💎
💎 2025-08-03 16:15:02,237 - INFO - Starting IMMORTAL Discord Community Global Launcher... 💎
💎 2025-08-03 16:15:02,245 - INFO - IMMORTAL Discord bot started with PID: 7580 💎
💎 2025-08-03 16:15:02,246 - INFO - RESURRECTION SUCCESSFUL! Restart #258 💎
💎 2025-08-03 16:15:02,246 - INFO - Resurrection successful! Guardian continues... 💎
💎 2025-08-03 16:15:32,247 - WARNING - Bot is dead! Resurrection attempt #259 💎
💎 2025-08-03 16:15:32,247 - WARNING - Bot has died! RESURRECTING... 💎
💎 2025-08-03 16:15:42,248 - INFO - Starting IMMORTAL Discord Community Global Launcher... 💎
💎 2025-08-03 16:15:42,261 - INFO - IMMORTAL Discord bot started with PID: 10196 💎
💎 2025-08-03 16:15:42,265 - INFO - RESURRECTION SUCCESSFUL! Restart #259 💎
💎 2025-08-03 16:15:42,266 - INFO - Resurrection successful! Guardian continues... 💎
💎 2025-08-03 16:15:58,871 - INFO - IMMORTAL STATUS: Bot restarts: 259 💎
💎 2025-08-03 16:16:12,268 - WARNING - Bot is dead! Resurrection attempt #260 💎
💎 2025-08-03 16:16:12,268 - WARNING - Bot has died! RESURRECTING... 💎
💎 2025-08-03 16:16:22,269 - INFO - Starting IMMORTAL Discord Community Global Launcher... 💎
💎 2025-08-03 16:16:22,281 - INFO - IMMORTAL Discord bot started with PID: 15668 💎
💎 2025-08-03 16:16:22,283 - INFO - RESURRECTION SUCCESSFUL! Restart #260 💎
💎 2025-08-03 16:16:22,283 - INFO - Resurrection successful! Guardian continues... 💎
💎 2025-08-03 16:16:52,285 - WARNING - Bot is dead! Resurrection attempt #261 💎
💎 2025-08-03 16:16:52,285 - WARNING - Bot has died! RESURRECTING... 💎
💎 2025-08-03 16:16:58,872 - INFO - IMMORTAL STATUS: Bot restarts: 261 💎
💎 2025-08-03 16:17:02,287 - INFO - Starting IMMORTAL Discord Community Global Launcher... 💎
💎 2025-08-03 16:17:02,298 - INFO - IMMORTAL Discord bot started with PID: 8900 💎
💎 2025-08-03 16:17:02,301 - INFO - RESURRECTION SUCCESSFUL! Restart #261 💎
💎 2025-08-03 16:17:02,301 - INFO - Resurrection successful! Guardian continues... 💎
💎 2025-08-03 16:17:32,302 - WARNING - Bot is dead! Resurrection attempt #262 💎
💎 2025-08-03 16:17:32,303 - WARNING - Bot has died! RESURRECTING... 💎
💎 2025-08-03 16:17:42,303 - INFO - Starting IMMORTAL Discord Community Global Launcher... 💎
💎 2025-08-03 16:17:42,312 - INFO - IMMORTAL Discord bot started with PID: 20464 💎
💎 2025-08-03 16:17:42,314 - INFO - RESURRECTION SUCCESSFUL! Restart #262 💎
💎 2025-08-03 16:17:42,315 - INFO - Resurrection successful! Guardian continues... 💎
💎 2025-08-03 16:17:58,872 - INFO - IMMORTAL STATUS: Bot restarts: 262 💎
💎 2025-08-03 16:18:12,316 - WARNING - Bot is dead! Resurrection attempt #263 💎
💎 2025-08-03 16:18:12,317 - WARNING - Bot has died! RESURRECTING... 💎
💎 2025-08-03 16:18:22,317 - INFO - Starting IMMORTAL Discord Community Global Launcher... 💎
💎 2025-08-03 16:18:22,326 - INFO - IMMORTAL Discord bot started with PID: 19908 💎
💎 2025-08-03 16:18:22,328 - INFO - RESURRECTION SUCCESSFUL! Restart #263 💎
💎 2025-08-03 16:18:22,328 - INFO - Resurrection successful! Guardian continues... 💎
💎 2025-08-03 16:18:52,340 - WARNING - Bot is dead! Resurrection attempt #264 💎
💎 2025-08-03 16:18:52,353 - WARNING - Bot has died! RESURRECTING... 💎
💎 2025-08-03 16:18:58,874 - INFO - IMMORTAL STATUS: Bot restarts: 264 💎
💎 2025-08-03 16:19:02,359 - INFO - Starting IMMORTAL Discord Community Global Launcher... 💎
💎 2025-08-03 16:19:02,367 - INFO - IMMORTAL Discord bot started with PID: 3348 💎
💎 2025-08-03 16:19:02,369 - INFO - RESURRECTION SUCCESSFUL! Restart #264 💎
💎 2025-08-03 16:19:02,369 - INFO - Resurrection successful! Guardian continues... 💎
💎 2025-08-03 16:19:32,370 - WARNING - Bot is dead! Resurrection attempt #265 💎
💎 2025-08-03 16:19:32,371 - WARNING - Bot has died! RESURRECTING... 💎
💎 2025-08-03 16:19:42,371 - INFO - Starting IMMORTAL Discord Community Global Launcher... 💎
💎 2025-08-03 16:19:42,385 - INFO - IMMORTAL Discord bot started with PID: 3040 💎
💎 2025-08-03 16:19:42,390 - INFO - RESURRECTION SUCCESSFUL! Restart #265 💎
💎 2025-08-03 16:19:42,391 - INFO - Resurrection successful! Guardian continues... 💎
💎 2025-08-03 16:19:58,874 - INFO - IMMORTAL STATUS: Bot restarts: 265 💎
💎 2025-08-03 16:20:12,392 - WARNING - Bot is dead! Resurrection attempt #266 💎
💎 2025-08-03 16:20:12,392 - WARNING - Bot has died! RESURRECTING... 💎
💎 2025-08-03 16:20:22,393 - INFO - Starting IMMORTAL Discord Community Global Launcher... 💎
💎 2025-08-03 16:20:22,400 - INFO - IMMORTAL Discord bot started with PID: 15056 💎
💎 2025-08-03 16:20:22,402 - INFO - RESURRECTION SUCCESSFUL! Restart #266 💎
💎 2025-08-03 16:20:22,403 - INFO - Resurrection successful! Guardian continues... 💎
💎 2025-08-03 16:20:52,404 - WARNING - Bot is dead! Resurrection attempt #267 💎
💎 2025-08-03 16:20:52,404 - WARNING - Bot has died! RESURRECTING... 💎
💎 2025-08-03 16:20:58,875 - INFO - IMMORTAL STATUS: Bot restarts: 267 💎
💎 2025-08-03 16:21:02,405 - INFO - Starting IMMORTAL Discord Community Global Launcher... 💎
💎 2025-08-03 16:21:02,411 - INFO - IMMORTAL Discord bot started with PID: 13508 💎
💎 2025-08-03 16:21:02,413 - INFO - RESURRECTION SUCCESSFUL! Restart #267 💎
💎 2025-08-03 16:21:02,414 - INFO - Resurrection successful! Guardian continues... 💎
💎 2025-08-03 16:21:32,414 - WARNING - Bot is dead! Resurrection attempt #268 💎
💎 2025-08-03 16:21:32,415 - WARNING - Bot has died! RESURRECTING... 💎
💎 2025-08-03 16:21:42,416 - INFO - Starting IMMORTAL Discord Community Global Launcher... 💎
💎 2025-08-03 16:21:42,425 - INFO - IMMORTAL Discord bot started with PID: 12816 💎
💎 2025-08-03 16:21:42,427 - INFO - RESURRECTION SUCCESSFUL! Restart #268 💎
💎 2025-08-03 16:21:42,428 - INFO - Resurrection successful! Guardian continues... 💎
💎 2025-08-03 16:21:58,876 - INFO - IMMORTAL STATUS: Bot restarts: 268 💎
💎 2025-08-03 16:22:12,429 - WARNING - Bot is dead! Resurrection attempt #269 💎
💎 2025-08-03 16:22:12,429 - WARNING - Bot has died! RESURRECTING... 💎
💎 2025-08-03 16:22:22,430 - INFO - Starting IMMORTAL Discord Community Global Launcher... 💎
💎 2025-08-03 16:22:22,441 - INFO - IMMORTAL Discord bot started with PID: 4252 💎
💎 2025-08-03 16:22:22,442 - INFO - RESURRECTION SUCCESSFUL! Restart #269 💎
💎 2025-08-03 16:22:22,442 - INFO - Resurrection successful! Guardian continues... 💎
💎 2025-08-03 16:22:52,443 - WARNING - Bot is dead! Resurrection attempt #270 💎
💎 2025-08-03 16:22:52,443 - WARNING - Bot has died! RESURRECTING... 💎
💎 2025-08-03 16:22:58,877 - INFO - IMMORTAL STATUS: Bot restarts: 270 💎
💎 2025-08-03 16:23:02,444 - INFO - Starting IMMORTAL Discord Community Global Launcher... 💎
💎 2025-08-03 16:23:02,451 - INFO - IMMORTAL Discord bot started with PID: 10656 💎
💎 2025-08-03 16:23:02,453 - INFO - RESURRECTION SUCCESSFUL! Restart #270 💎
💎 2025-08-03 16:23:02,453 - INFO - Resurrection successful! Guardian continues... 💎
💎 2025-08-03 16:23:32,454 - WARNING - Bot is dead! Resurrection attempt #271 💎
💎 2025-08-03 16:23:32,454 - WARNING - Bot has died! RESURRECTING... 💎
💎 2025-08-03 16:23:42,455 - INFO - Starting IMMORTAL Discord Community Global Launcher... 💎
💎 2025-08-03 16:23:42,464 - INFO - IMMORTAL Discord bot started with PID: 11848 💎
💎 2025-08-03 16:23:42,465 - INFO - RESURRECTION SUCCESSFUL! Restart #271 💎
💎 2025-08-03 16:23:42,466 - INFO - Resurrection successful! Guardian continues... 💎
💎 2025-08-03 16:23:58,877 - INFO - IMMORTAL STATUS: Bot restarts: 271 💎
💎 2025-08-03 16:24:12,467 - WARNING - Bot is dead! Resurrection attempt #272 💎
💎 2025-08-03 16:24:12,467 - WARNING - Bot has died! RESURRECTING... 💎
💎 2025-08-03 16:24:22,468 - INFO - Starting IMMORTAL Discord Community Global Launcher... 💎
💎 2025-08-03 16:24:22,476 - INFO - IMMORTAL Discord bot started with PID: 10800 💎
💎 2025-08-03 16:24:22,477 - INFO - RESURRECTION SUCCESSFUL! Restart #272 💎
💎 2025-08-03 16:24:22,479 - INFO - Resurrection successful! Guardian continues... 💎
💎 2025-08-03 16:24:52,480 - WARNING - Bot is dead! Resurrection attempt #273 💎
💎 2025-08-03 16:24:52,480 - WARNING - Bot has died! RESURRECTING... 💎
💎 2025-08-03 16:24:58,878 - INFO - IMMORTAL STATUS: Bot restarts: 273 💎
💎 2025-08-03 16:25:02,481 - INFO - Starting IMMORTAL Discord Community Global Launcher... 💎
💎 2025-08-03 16:25:02,488 - INFO - IMMORTAL Discord bot started with PID: 1996 💎
💎 2025-08-03 16:25:02,490 - INFO - RESURRECTION SUCCESSFUL! Restart #273 💎
💎 2025-08-03 16:25:02,491 - INFO - Resurrection successful! Guardian continues... 💎
💎 2025-08-03 16:25:32,491 - WARNING - Bot is dead! Resurrection attempt #274 💎
💎 2025-08-03 16:25:32,491 - WARNING - Bot has died! RESURRECTING... 💎
💎 2025-08-03 16:25:42,492 - INFO - Starting IMMORTAL Discord Community Global Launcher... 💎
💎 2025-08-03 16:25:42,499 - INFO - IMMORTAL Discord bot started with PID: 6244 💎
💎 2025-08-03 16:25:42,500 - INFO - RESURRECTION SUCCESSFUL! Restart #274 💎
💎 2025-08-03 16:25:42,501 - INFO - Resurrection successful! Guardian continues... 💎
💎 2025-08-03 16:25:58,879 - INFO - IMMORTAL STATUS: Bot restarts: 274 💎
💎 2025-08-03 16:26:12,502 - WARNING - Bot is dead! Resurrection attempt #275 💎
💎 2025-08-03 16:26:12,502 - WARNING - Bot has died! RESURRECTING... 💎
💎 2025-08-03 16:26:22,503 - INFO - Starting IMMORTAL Discord Community Global Launcher... 💎
💎 2025-08-03 16:26:22,510 - INFO - IMMORTAL Discord bot started with PID: 11796 💎
💎 2025-08-03 16:26:22,512 - INFO - RESURRECTION SUCCESSFUL! Restart #275 💎
💎 2025-08-03 16:26:22,512 - INFO - Resurrection successful! Guardian continues... 💎
💎 2025-08-03 16:26:52,513 - WARNING - Bot is dead! Resurrection attempt #276 💎
💎 2025-08-03 16:26:52,513 - WARNING - Bot has died! RESURRECTING... 💎
💎 2025-08-03 16:26:58,880 - INFO - IMMORTAL STATUS: Bot restarts: 276 💎
💎 2025-08-03 16:27:02,513 - INFO - Starting IMMORTAL Discord Community Global Launcher... 💎
💎 2025-08-03 16:27:02,523 - INFO - IMMORTAL Discord bot started with PID: 11484 💎
💎 2025-08-03 16:27:02,525 - INFO - RESURRECTION SUCCESSFUL! Restart #276 💎
💎 2025-08-03 16:27:02,526 - INFO - Resurrection successful! Guardian continues... 💎
💎 2025-08-03 16:27:32,527 - WARNING - Bot is dead! Resurrection attempt #277 💎
💎 2025-08-03 16:27:32,527 - WARNING - Bot has died! RESURRECTING... 💎
💎 2025-08-03 16:27:42,527 - INFO - Starting IMMORTAL Discord Community Global Launcher... 💎
💎 2025-08-03 16:27:42,535 - INFO - IMMORTAL Discord bot started with PID: 836 💎
💎 2025-08-03 16:27:42,536 - INFO - RESURRECTION SUCCESSFUL! Restart #277 💎
💎 2025-08-03 16:27:42,538 - INFO - Resurrection successful! Guardian continues... 💎
💎 2025-08-03 16:27:58,880 - INFO - IMMORTAL STATUS: Bot restarts: 277 💎
💎 2025-08-03 16:28:12,539 - WARNING - Bot is dead! Resurrection attempt #278 💎
💎 2025-08-03 16:28:12,539 - WARNING - Bot has died! RESURRECTING... 💎
💎 2025-08-03 16:28:22,540 - INFO - Starting IMMORTAL Discord Community Global Launcher... 💎
💎 2025-08-03 16:28:22,548 - INFO - IMMORTAL Discord bot started with PID: 1836 💎
💎 2025-08-03 16:28:22,549 - INFO - RESURRECTION SUCCESSFUL! Restart #278 💎
💎 2025-08-03 16:28:22,550 - INFO - Resurrection successful! Guardian continues... 💎
💎 2025-08-03 16:28:52,550 - WARNING - Bot is dead! Resurrection attempt #279 💎
💎 2025-08-03 16:28:52,551 - WARNING - Bot has died! RESURRECTING... 💎
💎 2025-08-03 16:28:58,881 - INFO - IMMORTAL STATUS: Bot restarts: 279 💎
💎 2025-08-03 16:29:02,552 - INFO - Starting IMMORTAL Discord Community Global Launcher... 💎
💎 2025-08-03 16:29:02,560 - INFO - IMMORTAL Discord bot started with PID: 5264 💎
💎 2025-08-03 16:29:02,562 - INFO - RESURRECTION SUCCESSFUL! Restart #279 💎
💎 2025-08-03 16:29:02,563 - INFO - Resurrection successful! Guardian continues... 💎
💎 2025-08-03 16:29:32,565 - WARNING - Bot is dead! Resurrection attempt #280 💎
💎 2025-08-03 16:29:32,565 - WARNING - Bot has died! RESURRECTING... 💎
💎 2025-08-03 16:29:42,565 - INFO - Starting IMMORTAL Discord Community Global Launcher... 💎
💎 2025-08-03 16:29:42,574 - INFO - IMMORTAL Discord bot started with PID: 15100 💎
💎 2025-08-03 16:29:42,576 - INFO - RESURRECTION SUCCESSFUL! Restart #280 💎
💎 2025-08-03 16:29:42,576 - INFO - Resurrection successful! Guardian continues... 💎
💎 2025-08-03 16:29:58,882 - INFO - IMMORTAL STATUS: Bot restarts: 280 💎
💎 2025-08-03 16:30:12,577 - WARNING - Bot is dead! Resurrection attempt #281 💎
💎 2025-08-03 16:30:12,577 - WARNING - Bot has died! RESURRECTING... 💎
💎 2025-08-03 16:30:22,578 - INFO - Starting IMMORTAL Discord Community Global Launcher... 💎
💎 2025-08-03 16:30:22,586 - INFO - IMMORTAL Discord bot started with PID: 8632 💎
💎 2025-08-03 16:30:22,588 - INFO - RESURRECTION SUCCESSFUL! Restart #281 💎
💎 2025-08-03 16:30:22,588 - INFO - Resurrection successful! Guardian continues... 💎
💎 2025-08-03 16:30:52,589 - WARNING - Bot is dead! Resurrection attempt #282 💎
💎 2025-08-03 16:30:52,590 - WARNING - Bot has died! RESURRECTING... 💎
💎 2025-08-03 16:30:58,883 - INFO - IMMORTAL STATUS: Bot restarts: 282 💎
💎 2025-08-03 16:31:02,591 - INFO - Starting IMMORTAL Discord Community Global Launcher... 💎
💎 2025-08-03 16:31:02,599 - INFO - IMMORTAL Discord bot started with PID: 4648 💎
💎 2025-08-03 16:31:02,601 - INFO - RESURRECTION SUCCESSFUL! Restart #282 💎
💎 2025-08-03 16:31:02,601 - INFO - Resurrection successful! Guardian continues... 💎
💎 2025-08-03 16:31:32,602 - WARNING - Bot is dead! Resurrection attempt #283 💎
💎 2025-08-03 16:31:32,603 - WARNING - Bot has died! RESURRECTING... 💎
💎 2025-08-03 16:31:42,604 - INFO - Starting IMMORTAL Discord Community Global Launcher... 💎
💎 2025-08-03 16:31:42,611 - INFO - IMMORTAL Discord bot started with PID: 14904 💎
💎 2025-08-03 16:31:42,612 - INFO - RESURRECTION SUCCESSFUL! Restart #283 💎
💎 2025-08-03 16:31:42,613 - INFO - Resurrection successful! Guardian continues... 💎
💎 2025-08-03 16:31:58,884 - INFO - IMMORTAL STATUS: Bot restarts: 283 💎
💎 2025-08-03 16:32:12,614 - WARNING - Bot is dead! Resurrection attempt #284 💎
💎 2025-08-03 16:32:12,614 - WARNING - Bot has died! RESURRECTING... 💎
💎 2025-08-03 16:32:22,615 - INFO - Starting IMMORTAL Discord Community Global Launcher... 💎
💎 2025-08-03 16:32:22,623 - INFO - IMMORTAL Discord bot started with PID: 6852 💎
💎 2025-08-03 16:32:22,624 - INFO - RESURRECTION SUCCESSFUL! Restart #284 💎
💎 2025-08-03 16:32:22,625 - INFO - Resurrection successful! Guardian continues... 💎
💎 2025-08-03 16:32:52,625 - WARNING - Bot is dead! Resurrection attempt #285 💎
💎 2025-08-03 16:32:52,626 - WARNING - Bot has died! RESURRECTING... 💎
💎 2025-08-03 16:32:58,885 - INFO - IMMORTAL STATUS: Bot restarts: 285 💎
💎 2025-08-03 16:33:02,626 - INFO - Starting IMMORTAL Discord Community Global Launcher... 💎
💎 2025-08-03 16:33:02,634 - INFO - IMMORTAL Discord bot started with PID: 6756 💎
💎 2025-08-03 16:33:02,636 - INFO - RESURRECTION SUCCESSFUL! Restart #285 💎
💎 2025-08-03 16:33:02,637 - INFO - Resurrection successful! Guardian continues... 💎
💎 2025-08-03 16:33:32,637 - WARNING - Bot is dead! Resurrection attempt #286 💎
💎 2025-08-03 16:33:32,638 - WARNING - Bot has died! RESURRECTING... 💎
💎 2025-08-03 16:33:42,639 - INFO - Starting IMMORTAL Discord Community Global Launcher... 💎
💎 2025-08-03 16:33:42,645 - INFO - IMMORTAL Discord bot started with PID: 11248 💎
💎 2025-08-03 16:33:42,647 - INFO - RESURRECTION SUCCESSFUL! Restart #286 💎
💎 2025-08-03 16:33:42,647 - INFO - Resurrection successful! Guardian continues... 💎
💎 2025-08-03 16:33:58,886 - INFO - IMMORTAL STATUS: Bot restarts: 286 💎
💎 2025-08-03 16:34:12,649 - WARNING - Bot is dead! Resurrection attempt #287 💎
💎 2025-08-03 16:34:12,649 - WARNING - Bot has died! RESURRECTING... 💎
💎 2025-08-03 16:34:22,650 - INFO - Starting IMMORTAL Discord Community Global Launcher... 💎
💎 2025-08-03 16:34:22,658 - INFO - IMMORTAL Discord bot started with PID: 11208 💎
💎 2025-08-03 16:34:22,660 - INFO - RESURRECTION SUCCESSFUL! Restart #287 💎
💎 2025-08-03 16:34:22,661 - INFO - Resurrection successful! Guardian continues... 💎
💎 2025-08-03 16:34:52,662 - WARNING - Bot is dead! Resurrection attempt #288 💎
💎 2025-08-03 16:34:52,662 - WARNING - Bot has died! RESURRECTING... 💎
💎 2025-08-03 16:34:58,886 - INFO - IMMORTAL STATUS: Bot restarts: 288 💎
💎 2025-08-03 16:35:02,663 - INFO - Starting IMMORTAL Discord Community Global Launcher... 💎
💎 2025-08-03 16:35:02,671 - INFO - IMMORTAL Discord bot started with PID: 12648 💎
💎 2025-08-03 16:35:02,672 - INFO - RESURRECTION SUCCESSFUL! Restart #288 💎
💎 2025-08-03 16:35:02,673 - INFO - Resurrection successful! Guardian continues... 💎
💎 2025-08-03 16:35:32,674 - WARNING - Bot is dead! Resurrection attempt #289 💎
💎 2025-08-03 16:35:32,674 - WARNING - Bot has died! RESURRECTING... 💎
💎 2025-08-03 16:35:42,675 - INFO - Starting IMMORTAL Discord Community Global Launcher... 💎
💎 2025-08-03 16:35:42,685 - INFO - IMMORTAL Discord bot started with PID: 15104 💎
💎 2025-08-03 16:35:42,688 - INFO - RESURRECTION SUCCESSFUL! Restart #289 💎
💎 2025-08-03 16:35:42,688 - INFO - Resurrection successful! Guardian continues... 💎
💎 2025-08-03 16:35:58,887 - INFO - IMMORTAL STATUS: Bot restarts: 289 💎
💎 2025-08-03 16:36:12,690 - WARNING - Bot is dead! Resurrection attempt #290 💎
💎 2025-08-03 16:36:12,690 - WARNING - Bot has died! RESURRECTING... 💎
💎 2025-08-03 16:36:22,691 - INFO - Starting IMMORTAL Discord Community Global Launcher... 💎
💎 2025-08-03 16:36:22,699 - INFO - IMMORTAL Discord bot started with PID: 2052 💎
💎 2025-08-03 16:36:22,701 - INFO - RESURRECTION SUCCESSFUL! Restart #290 💎
💎 2025-08-03 16:36:22,701 - INFO - Resurrection successful! Guardian continues... 💎
💎 2025-08-03 16:36:52,703 - WARNING - Bot is dead! Resurrection attempt #291 💎
💎 2025-08-03 16:36:52,703 - WARNING - Bot has died! RESURRECTING... 💎
💎 2025-08-03 16:36:58,888 - INFO - IMMORTAL STATUS: Bot restarts: 291 💎
💎 2025-08-03 16:37:02,704 - INFO - Starting IMMORTAL Discord Community Global Launcher... 💎
💎 2025-08-03 16:37:02,711 - INFO - IMMORTAL Discord bot started with PID: 19444 💎
💎 2025-08-03 16:37:02,713 - INFO - RESURRECTION SUCCESSFUL! Restart #291 💎
💎 2025-08-03 16:37:02,713 - INFO - Resurrection successful! Guardian continues... 💎
💎 2025-08-03 16:37:32,714 - WARNING - Bot is dead! Resurrection attempt #292 💎
💎 2025-08-03 16:37:32,715 - WARNING - Bot has died! RESURRECTING... 💎
💎 2025-08-03 16:37:42,716 - INFO - Starting IMMORTAL Discord Community Global Launcher... 💎
💎 2025-08-03 16:37:42,724 - INFO - IMMORTAL Discord bot started with PID: 12596 💎
💎 2025-08-03 16:37:42,726 - INFO - RESURRECTION SUCCESSFUL! Restart #292 💎
💎 2025-08-03 16:37:42,726 - INFO - Resurrection successful! Guardian continues... 💎
💎 2025-08-03 16:37:58,889 - INFO - IMMORTAL STATUS: Bot restarts: 292 💎
💎 2025-08-03 16:38:12,727 - WARNING - Bot is dead! Resurrection attempt #293 💎
💎 2025-08-03 16:38:12,727 - WARNING - Bot has died! RESURRECTING... 💎
💎 2025-08-03 16:38:22,728 - INFO - Starting IMMORTAL Discord Community Global Launcher... 💎
💎 2025-08-03 16:38:22,736 - INFO - IMMORTAL Discord bot started with PID: 9696 💎
💎 2025-08-03 16:38:22,737 - INFO - RESURRECTION SUCCESSFUL! Restart #293 💎
💎 2025-08-03 16:38:22,738 - INFO - Resurrection successful! Guardian continues... 💎
💎 2025-08-03 16:38:52,739 - WARNING - Bot is dead! Resurrection attempt #294 💎
💎 2025-08-03 16:38:52,739 - WARNING - Bot has died! RESURRECTING... 💎
💎 2025-08-03 16:38:58,890 - INFO - IMMORTAL STATUS: Bot restarts: 294 💎
💎 2025-08-03 16:39:02,740 - INFO - Starting IMMORTAL Discord Community Global Launcher... 💎
💎 2025-08-03 16:39:02,748 - INFO - IMMORTAL Discord bot started with PID: 8360 💎
💎 2025-08-03 16:39:02,750 - INFO - RESURRECTION SUCCESSFUL! Restart #294 💎
💎 2025-08-03 16:39:02,751 - INFO - Resurrection successful! Guardian continues... 💎
💎 2025-08-03 16:39:32,752 - WARNING - Bot is dead! Resurrection attempt #295 💎
💎 2025-08-03 16:39:32,752 - WARNING - Bot has died! RESURRECTING... 💎
💎 2025-08-03 16:39:42,752 - INFO - Starting IMMORTAL Discord Community Global Launcher... 💎
💎 2025-08-03 16:39:42,761 - INFO - IMMORTAL Discord bot started with PID: 13568 💎
💎 2025-08-03 16:39:42,762 - INFO - RESURRECTION SUCCESSFUL! Restart #295 💎
💎 2025-08-03 16:39:42,763 - INFO - Resurrection successful! Guardian continues... 💎
💎 2025-08-03 16:39:58,891 - INFO - IMMORTAL STATUS: Bot restarts: 295 💎
💎 2025-08-03 16:40:12,764 - WARNING - Bot is dead! Resurrection attempt #296 💎
💎 2025-08-03 16:40:12,764 - WARNING - Bot has died! RESURRECTING... 💎
💎 2025-08-03 16:40:22,765 - INFO - Starting IMMORTAL Discord Community Global Launcher... 💎
💎 2025-08-03 16:40:22,774 - INFO - IMMORTAL Discord bot started with PID: 14776 💎
💎 2025-08-03 16:40:22,776 - INFO - RESURRECTION SUCCESSFUL! Restart #296 💎
💎 2025-08-03 16:40:22,776 - INFO - Resurrection successful! Guardian continues... 💎
💎 2025-08-03 16:40:52,777 - WARNING - Bot is dead! Resurrection attempt #297 💎
💎 2025-08-03 16:40:52,777 - WARNING - Bot has died! RESURRECTING... 💎
💎 2025-08-03 16:40:58,892 - INFO - IMMORTAL STATUS: Bot restarts: 297 💎
💎 2025-08-03 16:41:02,778 - INFO - Starting IMMORTAL Discord Community Global Launcher... 💎
💎 2025-08-03 16:41:02,787 - INFO - IMMORTAL Discord bot started with PID: 13056 💎
💎 2025-08-03 16:41:02,789 - INFO - RESURRECTION SUCCESSFUL! Restart #297 💎
💎 2025-08-03 16:41:02,789 - INFO - Resurrection successful! Guardian continues... 💎
💎 2025-08-03 16:41:32,790 - WARNING - Bot is dead! Resurrection attempt #298 💎
💎 2025-08-03 16:41:32,791 - WARNING - Bot has died! RESURRECTING... 💎
💎 2025-08-03 16:41:42,792 - INFO - Starting IMMORTAL Discord Community Global Launcher... 💎
💎 2025-08-03 16:41:42,799 - INFO - IMMORTAL Discord bot started with PID: 6032 💎
💎 2025-08-03 16:41:42,800 - INFO - RESURRECTION SUCCESSFUL! Restart #298 💎
💎 2025-08-03 16:41:42,801 - INFO - Resurrection successful! Guardian continues... 💎
💎 2025-08-03 16:41:58,892 - INFO - IMMORTAL STATUS: Bot restarts: 298 💎
💎 2025-08-03 16:42:12,802 - WARNING - Bot is dead! Resurrection attempt #299 💎
💎 2025-08-03 16:42:12,802 - WARNING - Bot has died! RESURRECTING... 💎
💎 2025-08-03 16:42:22,803 - INFO - Starting IMMORTAL Discord Community Global Launcher... 💎
💎 2025-08-03 16:42:22,810 - INFO - IMMORTAL Discord bot started with PID: 11344 💎
💎 2025-08-03 16:42:22,812 - INFO - RESURRECTION SUCCESSFUL! Restart #299 💎
💎 2025-08-03 16:42:22,812 - INFO - Resurrection successful! Guardian continues... 💎
💎 2025-08-03 16:42:52,813 - WARNING - Bot is dead! Resurrection attempt #300 💎
💎 2025-08-03 16:42:52,813 - WARNING - Bot has died! RESURRECTING... 💎
💎 2025-08-03 16:42:58,893 - INFO - IMMORTAL STATUS: Bot restarts: 300 💎
💎 2025-08-03 16:43:02,814 - INFO - Starting IMMORTAL Discord Community Global Launcher... 💎
💎 2025-08-03 16:43:02,822 - INFO - IMMORTAL Discord bot started with PID: 100 💎
💎 2025-08-03 16:43:02,824 - INFO - RESURRECTION SUCCESSFUL! Restart #300 💎
💎 2025-08-03 16:43:02,824 - INFO - Resurrection successful! Guardian continues... 💎
💎 2025-08-03 16:43:32,825 - WARNING - Bot is dead! Resurrection attempt #301 💎
💎 2025-08-03 16:43:32,826 - WARNING - Bot has died! RESURRECTING... 💎
💎 2025-08-03 16:43:42,827 - INFO - Starting IMMORTAL Discord Community Global Launcher... 💎
💎 2025-08-03 16:43:42,834 - INFO - IMMORTAL Discord bot started with PID: 15404 💎
💎 2025-08-03 16:43:42,835 - INFO - RESURRECTION SUCCESSFUL! Restart #301 💎
💎 2025-08-03 16:43:42,836 - INFO - Resurrection successful! Guardian continues... 💎
💎 2025-08-03 16:43:58,894 - INFO - IMMORTAL STATUS: Bot restarts: 301 💎
💎 2025-08-03 16:44:12,837 - WARNING - Bot is dead! Resurrection attempt #302 💎
💎 2025-08-03 16:44:12,838 - WARNING - Bot has died! RESURRECTING... 💎
💎 2025-08-03 16:44:22,838 - INFO - Starting IMMORTAL Discord Community Global Launcher... 💎
💎 2025-08-03 16:44:22,846 - INFO - IMMORTAL Discord bot started with PID: 17076 💎
💎 2025-08-03 16:44:22,847 - INFO - RESURRECTION SUCCESSFUL! Restart #302 💎
💎 2025-08-03 16:44:22,848 - INFO - Resurrection successful! Guardian continues... 💎
💎 2025-08-03 16:44:52,848 - WARNING - Bot is dead! Resurrection attempt #303 💎
💎 2025-08-03 16:44:52,849 - WARNING - Bot has died! RESURRECTING... 💎
💎 2025-08-03 16:44:58,894 - INFO - IMMORTAL STATUS: Bot restarts: 303 💎
💎 2025-08-03 16:45:02,850 - INFO - Starting IMMORTAL Discord Community Global Launcher... 💎
💎 2025-08-03 16:45:02,858 - INFO - IMMORTAL Discord bot started with PID: 16132 💎
💎 2025-08-03 16:45:02,860 - INFO - RESURRECTION SUCCESSFUL! Restart #303 💎
💎 2025-08-03 16:45:02,860 - INFO - Resurrection successful! Guardian continues... 💎
💎 2025-08-03 16:45:32,861 - WARNING - Bot is dead! Resurrection attempt #304 💎
💎 2025-08-03 16:45:32,862 - WARNING - Bot has died! RESURRECTING... 💎
💎 2025-08-03 16:45:42,862 - INFO - Starting IMMORTAL Discord Community Global Launcher... 💎
💎 2025-08-03 16:45:42,874 - INFO - IMMORTAL Discord bot started with PID: 11208 💎
💎 2025-08-03 16:45:42,876 - INFO - RESURRECTION SUCCESSFUL! Restart #304 💎
💎 2025-08-03 16:45:42,876 - INFO - Resurrection successful! Guardian continues... 💎
💎 2025-08-03 16:45:58,895 - INFO - IMMORTAL STATUS: Bot restarts: 304 💎
💎 2025-08-03 16:46:12,877 - WARNING - Bot is dead! Resurrection attempt #305 💎
💎 2025-08-03 16:46:12,877 - WARNING - Bot has died! RESURRECTING... 💎
💎 2025-08-03 16:46:22,878 - INFO - Starting IMMORTAL Discord Community Global Launcher... 💎
💎 2025-08-03 16:46:22,887 - INFO - IMMORTAL Discord bot started with PID: 20028 💎
💎 2025-08-03 16:46:22,889 - INFO - RESURRECTION SUCCESSFUL! Restart #305 💎
💎 2025-08-03 16:46:22,889 - INFO - Resurrection successful! Guardian continues... 💎
💎 2025-08-03 16:46:52,890 - WARNING - Bot is dead! Resurrection attempt #306 💎
💎 2025-08-03 16:46:52,891 - WARNING - Bot has died! RESURRECTING... 💎
💎 2025-08-03 16:46:58,896 - INFO - IMMORTAL STATUS: Bot restarts: 306 💎
💎 2025-08-03 16:47:02,891 - INFO - Starting IMMORTAL Discord Community Global Launcher... 💎
💎 2025-08-03 16:47:02,901 - INFO - IMMORTAL Discord bot started with PID: 11928 💎
💎 2025-08-03 16:47:02,903 - INFO - RESURRECTION SUCCESSFUL! Restart #306 💎
💎 2025-08-03 16:47:02,903 - INFO - Resurrection successful! Guardian continues... 💎
💎 2025-08-03 16:47:32,904 - WARNING - Bot is dead! Resurrection attempt #307 💎
💎 2025-08-03 16:47:32,904 - WARNING - Bot has died! RESURRECTING... 💎
💎 2025-08-03 16:47:42,905 - INFO - Starting IMMORTAL Discord Community Global Launcher... 💎
💎 2025-08-03 16:47:42,914 - INFO - IMMORTAL Discord bot started with PID: 13524 💎
💎 2025-08-03 16:47:42,915 - INFO - RESURRECTION SUCCESSFUL! Restart #307 💎
💎 2025-08-03 16:47:42,916 - INFO - Resurrection successful! Guardian continues... 💎
💎 2025-08-03 16:47:58,897 - INFO - IMMORTAL STATUS: Bot restarts: 307 💎
💎 2025-08-03 16:48:12,916 - WARNING - Bot is dead! Resurrection attempt #308 💎
💎 2025-08-03 16:48:12,917 - WARNING - Bot has died! RESURRECTING... 💎
💎 2025-08-03 16:48:22,918 - INFO - Starting IMMORTAL Discord Community Global Launcher... 💎
💎 2025-08-03 16:48:22,925 - INFO - IMMORTAL Discord bot started with PID: 16876 💎
💎 2025-08-03 16:48:22,927 - INFO - RESURRECTION SUCCESSFUL! Restart #308 💎
💎 2025-08-03 16:48:22,928 - INFO - Resurrection successful! Guardian continues... 💎
💎 2025-08-03 16:48:52,928 - WARNING - Bot is dead! Resurrection attempt #309 💎
💎 2025-08-03 16:48:52,929 - WARNING - Bot has died! RESURRECTING... 💎
💎 2025-08-03 16:48:58,897 - INFO - IMMORTAL STATUS: Bot restarts: 309 💎
💎 2025-08-03 16:49:02,930 - INFO - Starting IMMORTAL Discord Community Global Launcher... 💎
💎 2025-08-03 16:49:02,936 - INFO - IMMORTAL Discord bot started with PID: 3892 💎
💎 2025-08-03 16:49:02,938 - INFO - RESURRECTION SUCCESSFUL! Restart #309 💎
💎 2025-08-03 16:49:02,938 - INFO - Resurrection successful! Guardian continues... 💎
💎 2025-08-03 16:49:32,940 - WARNING - Bot is dead! Resurrection attempt #310 💎
💎 2025-08-03 16:49:32,941 - WARNING - Bot has died! RESURRECTING... 💎
💎 2025-08-03 16:49:42,943 - INFO - Starting IMMORTAL Discord Community Global Launcher... 💎
💎 2025-08-03 16:49:42,954 - INFO - IMMORTAL Discord bot started with PID: 19616 💎
💎 2025-08-03 16:49:42,955 - INFO - RESURRECTION SUCCESSFUL! Restart #310 💎
💎 2025-08-03 16:49:42,956 - INFO - Resurrection successful! Guardian continues... 💎
💎 2025-08-03 16:49:58,898 - INFO - IMMORTAL STATUS: Bot restarts: 310 💎
💎 2025-08-03 16:50:12,957 - WARNING - Bot is dead! Resurrection attempt #311 💎
💎 2025-08-03 16:50:12,958 - WARNING - Bot has died! RESURRECTING... 💎
💎 2025-08-03 16:50:22,958 - INFO - Starting IMMORTAL Discord Community Global Launcher... 💎
💎 2025-08-03 16:50:22,967 - INFO - IMMORTAL Discord bot started with PID: 19560 💎
💎 2025-08-03 16:50:22,968 - INFO - RESURRECTION SUCCESSFUL! Restart #311 💎
💎 2025-08-03 16:50:22,969 - INFO - Resurrection successful! Guardian continues... 💎
💎 2025-08-03 16:50:52,970 - WARNING - Bot is dead! Resurrection attempt #312 💎
💎 2025-08-03 16:50:52,971 - WARNING - Bot has died! RESURRECTING... 💎
💎 2025-08-03 16:50:58,899 - INFO - IMMORTAL STATUS: Bot restarts: 312 💎
💎 2025-08-03 16:51:02,971 - INFO - Starting IMMORTAL Discord Community Global Launcher... 💎
💎 2025-08-03 16:51:02,979 - INFO - IMMORTAL Discord bot started with PID: 19880 💎
💎 2025-08-03 16:51:02,981 - INFO - RESURRECTION SUCCESSFUL! Restart #312 💎
💎 2025-08-03 16:51:02,981 - INFO - Resurrection successful! Guardian continues... 💎
💎 2025-08-03 16:51:32,982 - WARNING - Bot is dead! Resurrection attempt #313 💎
💎 2025-08-03 16:51:32,982 - WARNING - Bot has died! RESURRECTING... 💎
💎 2025-08-03 16:51:42,983 - INFO - Starting IMMORTAL Discord Community Global Launcher... 💎
💎 2025-08-03 16:51:42,991 - INFO - IMMORTAL Discord bot started with PID: 15980 💎
💎 2025-08-03 16:51:42,993 - INFO - RESURRECTION SUCCESSFUL! Restart #313 💎
💎 2025-08-03 16:51:42,994 - INFO - Resurrection successful! Guardian continues... 💎
💎 2025-08-03 16:51:58,900 - INFO - IMMORTAL STATUS: Bot restarts: 313 💎
💎 2025-08-03 16:52:12,995 - WARNING - Bot is dead! Resurrection attempt #314 💎
💎 2025-08-03 16:52:12,995 - WARNING - Bot has died! RESURRECTING... 💎
💎 2025-08-03 16:52:22,997 - INFO - Starting IMMORTAL Discord Community Global Launcher... 💎
💎 2025-08-03 16:52:23,005 - INFO - IMMORTAL Discord bot started with PID: 3180 💎
💎 2025-08-03 16:52:23,006 - INFO - RESURRECTION SUCCESSFUL! Restart #314 💎
💎 2025-08-03 16:52:23,007 - INFO - Resurrection successful! Guardian continues... 💎
💎 2025-08-03 16:52:53,009 - WARNING - Bot is dead! Resurrection attempt #315 💎
💎 2025-08-03 16:52:53,009 - WARNING - Bot has died! RESURRECTING... 💎
💎 2025-08-03 16:52:58,900 - INFO - IMMORTAL STATUS: Bot restarts: 315 💎
💎 2025-08-03 16:53:03,010 - INFO - Starting IMMORTAL Discord Community Global Launcher... 💎
💎 2025-08-03 16:53:03,020 - INFO - IMMORTAL Discord bot started with PID: 14640 💎
💎 2025-08-03 16:53:03,022 - INFO - RESURRECTION SUCCESSFUL! Restart #315 💎
💎 2025-08-03 16:53:03,023 - INFO - Resurrection successful! Guardian continues... 💎
💎 2025-08-03 16:53:33,024 - WARNING - Bot is dead! Resurrection attempt #316 💎
💎 2025-08-03 16:53:33,025 - WARNING - Bot has died! RESURRECTING... 💎
💎 2025-08-03 16:53:43,026 - INFO - Starting IMMORTAL Discord Community Global Launcher... 💎
💎 2025-08-03 16:53:43,033 - INFO - IMMORTAL Discord bot started with PID: 5908 💎
💎 2025-08-03 16:53:43,035 - INFO - RESURRECTION SUCCESSFUL! Restart #316 💎
💎 2025-08-03 16:53:43,035 - INFO - Resurrection successful! Guardian continues... 💎
💎 2025-08-03 16:53:58,901 - INFO - IMMORTAL STATUS: Bot restarts: 316 💎
💎 2025-08-03 16:54:13,036 - WARNING - Bot is dead! Resurrection attempt #317 💎
💎 2025-08-03 16:54:13,036 - WARNING - Bot has died! RESURRECTING... 💎
💎 2025-08-03 16:54:23,037 - INFO - Starting IMMORTAL Discord Community Global Launcher... 💎
💎 2025-08-03 16:54:23,046 - INFO - IMMORTAL Discord bot started with PID: 15796 💎
💎 2025-08-03 16:54:23,048 - INFO - RESURRECTION SUCCESSFUL! Restart #317 💎
💎 2025-08-03 16:54:23,048 - INFO - Resurrection successful! Guardian continues... 💎
💎 2025-08-03 16:54:53,049 - WARNING - Bot is dead! Resurrection attempt #318 💎
💎 2025-08-03 16:54:53,049 - WARNING - Bot has died! RESURRECTING... 💎
💎 2025-08-03 16:54:58,902 - INFO - IMMORTAL STATUS: Bot restarts: 318 💎
💎 2025-08-03 16:55:03,050 - INFO - Starting IMMORTAL Discord Community Global Launcher... 💎
💎 2025-08-03 16:55:03,056 - INFO - IMMORTAL Discord bot started with PID: 17884 💎
💎 2025-08-03 16:55:03,057 - INFO - RESURRECTION SUCCESSFUL! Restart #318 💎
💎 2025-08-03 16:55:03,058 - INFO - Resurrection successful! Guardian continues... 💎
💎 2025-08-03 16:55:33,059 - WARNING - Bot is dead! Resurrection attempt #319 💎
💎 2025-08-03 16:55:33,059 - WARNING - Bot has died! RESURRECTING... 💎
💎 2025-08-03 16:55:43,060 - INFO - Starting IMMORTAL Discord Community Global Launcher... 💎
💎 2025-08-03 16:55:43,069 - INFO - IMMORTAL Discord bot started with PID: 11216 💎
💎 2025-08-03 16:55:43,070 - INFO - RESURRECTION SUCCESSFUL! Restart #319 💎
💎 2025-08-03 16:55:43,071 - INFO - Resurrection successful! Guardian continues... 💎
💎 2025-08-03 16:55:58,903 - INFO - IMMORTAL STATUS: Bot restarts: 319 💎
💎 2025-08-03 16:56:13,072 - WARNING - Bot is dead! Resurrection attempt #320 💎
💎 2025-08-03 16:56:13,072 - WARNING - Bot has died! RESURRECTING... 💎
💎 2025-08-03 16:56:23,073 - INFO - Starting IMMORTAL Discord Community Global Launcher... 💎
💎 2025-08-03 16:56:23,081 - INFO - IMMORTAL Discord bot started with PID: 744 💎
💎 2025-08-03 16:56:23,083 - INFO - RESURRECTION SUCCESSFUL! Restart #320 💎
💎 2025-08-03 16:56:23,083 - INFO - Resurrection successful! Guardian continues... 💎
💎 2025-08-03 16:56:53,084 - WARNING - Bot is dead! Resurrection attempt #321 💎
💎 2025-08-03 16:56:53,085 - WARNING - Bot has died! RESURRECTING... 💎
💎 2025-08-03 16:56:58,904 - INFO - IMMORTAL STATUS: Bot restarts: 321 💎
💎 2025-08-03 16:57:03,085 - INFO - Starting IMMORTAL Discord Community Global Launcher... 💎
💎 2025-08-03 16:57:03,095 - INFO - IMMORTAL Discord bot started with PID: 1116 💎
💎 2025-08-03 16:57:03,097 - INFO - RESURRECTION SUCCESSFUL! Restart #321 💎
💎 2025-08-03 16:57:03,097 - INFO - Resurrection successful! Guardian continues... 💎
💎 2025-08-03 16:57:33,098 - WARNING - Bot is dead! Resurrection attempt #322 💎
💎 2025-08-03 16:57:33,098 - WARNING - Bot has died! RESURRECTING... 💎
💎 2025-08-03 16:57:43,099 - INFO - Starting IMMORTAL Discord Community Global Launcher... 💎
💎 2025-08-03 16:57:43,107 - INFO - IMMORTAL Discord bot started with PID: 12696 💎
💎 2025-08-03 16:57:43,108 - INFO - RESURRECTION SUCCESSFUL! Restart #322 💎
💎 2025-08-03 16:57:43,109 - INFO - Resurrection successful! Guardian continues... 💎
💎 2025-08-03 16:57:58,905 - INFO - IMMORTAL STATUS: Bot restarts: 322 💎
💎 2025-08-03 16:58:13,110 - WARNING - Bot is dead! Resurrection attempt #323 💎
💎 2025-08-03 16:58:13,110 - WARNING - Bot has died! RESURRECTING... 💎
💎 2025-08-03 16:58:23,111 - INFO - Starting IMMORTAL Discord Community Global Launcher... 💎
💎 2025-08-03 16:58:23,119 - INFO - IMMORTAL Discord bot started with PID: 14292 💎
💎 2025-08-03 16:58:23,121 - INFO - RESURRECTION SUCCESSFUL! Restart #323 💎
💎 2025-08-03 16:58:23,121 - INFO - Resurrection successful! Guardian continues... 💎
💎 2025-08-03 16:58:53,122 - WARNING - Bot is dead! Resurrection attempt #324 💎
💎 2025-08-03 16:58:53,122 - WARNING - Bot has died! RESURRECTING... 💎
💎 2025-08-03 16:58:58,905 - INFO - IMMORTAL STATUS: Bot restarts: 324 💎
💎 2025-08-03 16:59:03,123 - INFO - Starting IMMORTAL Discord Community Global Launcher... 💎
💎 2025-08-03 16:59:03,131 - INFO - IMMORTAL Discord bot started with PID: 5264 💎
💎 2025-08-03 16:59:03,132 - INFO - RESURRECTION SUCCESSFUL! Restart #324 💎
💎 2025-08-03 16:59:03,133 - INFO - Resurrection successful! Guardian continues... 💎
💎 2025-08-03 16:59:33,134 - WARNING - Bot is dead! Resurrection attempt #325 💎
💎 2025-08-03 16:59:33,135 - WARNING - Bot has died! RESURRECTING... 💎
💎 2025-08-03 16:59:43,135 - INFO - Starting IMMORTAL Discord Community Global Launcher... 💎
💎 2025-08-03 16:59:43,144 - INFO - IMMORTAL Discord bot started with PID: 3020 💎
💎 2025-08-03 16:59:43,146 - INFO - RESURRECTION SUCCESSFUL! Restart #325 💎
💎 2025-08-03 16:59:43,146 - INFO - Resurrection successful! Guardian continues... 💎
💎 2025-08-03 16:59:58,906 - INFO - IMMORTAL STATUS: Bot restarts: 325 💎
💎 2025-08-03 17:00:13,147 - WARNING - Bot is dead! Resurrection attempt #326 💎
💎 2025-08-03 17:00:13,147 - WARNING - Bot has died! RESURRECTING... 💎
💎 2025-08-03 17:00:23,148 - INFO - Starting IMMORTAL Discord Community Global Launcher... 💎
💎 2025-08-03 17:00:23,156 - INFO - IMMORTAL Discord bot started with PID: 12532 💎
💎 2025-08-03 17:00:23,157 - INFO - RESURRECTION SUCCESSFUL! Restart #326 💎
💎 2025-08-03 17:00:23,158 - INFO - Resurrection successful! Guardian continues... 💎
💎 2025-08-03 17:00:53,159 - WARNING - Bot is dead! Resurrection attempt #327 💎
💎 2025-08-03 17:00:53,160 - WARNING - Bot has died! RESURRECTING... 💎
💎 2025-08-03 17:00:58,907 - INFO - IMMORTAL STATUS: Bot restarts: 327 💎
💎 2025-08-03 17:01:03,161 - INFO - Starting IMMORTAL Discord Community Global Launcher... 💎
💎 2025-08-03 17:01:03,168 - INFO - IMMORTAL Discord bot started with PID: 7740 💎
💎 2025-08-03 17:01:03,170 - INFO - RESURRECTION SUCCESSFUL! Restart #327 💎
💎 2025-08-03 17:01:03,170 - INFO - Resurrection successful! Guardian continues... 💎
💎 2025-08-03 17:01:33,171 - WARNING - Bot is dead! Resurrection attempt #328 💎
💎 2025-08-03 17:01:33,172 - WARNING - Bot has died! RESURRECTING... 💎
💎 2025-08-03 17:01:43,173 - INFO - Starting IMMORTAL Discord Community Global Launcher... 💎
💎 2025-08-03 17:01:43,180 - INFO - IMMORTAL Discord bot started with PID: 15520 💎
💎 2025-08-03 17:01:43,182 - INFO - RESURRECTION SUCCESSFUL! Restart #328 💎
💎 2025-08-03 17:01:43,182 - INFO - Resurrection successful! Guardian continues... 💎
💎 2025-08-03 17:01:58,908 - INFO - IMMORTAL STATUS: Bot restarts: 328 💎
💎 2025-08-03 17:02:13,183 - WARNING - Bot is dead! Resurrection attempt #329 💎
💎 2025-08-03 17:02:13,184 - WARNING - Bot has died! RESURRECTING... 💎
💎 2025-08-03 17:02:23,185 - INFO - Starting IMMORTAL Discord Community Global Launcher... 💎
💎 2025-08-03 17:02:23,194 - INFO - IMMORTAL Discord bot started with PID: 5920 💎
💎 2025-08-03 17:02:23,195 - INFO - RESURRECTION SUCCESSFUL! Restart #329 💎
💎 2025-08-03 17:02:23,195 - INFO - Resurrection successful! Guardian continues... 💎
💎 2025-08-03 17:02:53,196 - WARNING - Bot is dead! Resurrection attempt #330 💎
💎 2025-08-03 17:02:53,197 - WARNING - Bot has died! RESURRECTING... 💎
💎 2025-08-03 17:02:58,908 - INFO - IMMORTAL STATUS: Bot restarts: 330 💎
💎 2025-08-03 17:03:03,197 - INFO - Starting IMMORTAL Discord Community Global Launcher... 💎
💎 2025-08-03 17:03:03,205 - INFO - IMMORTAL Discord bot started with PID: 15008 💎
💎 2025-08-03 17:03:03,206 - INFO - RESURRECTION SUCCESSFUL! Restart #330 💎
💎 2025-08-03 17:03:03,207 - INFO - Resurrection successful! Guardian continues... 💎
💎 2025-08-03 17:03:33,207 - WARNING - Bot is dead! Resurrection attempt #331 💎
💎 2025-08-03 17:03:33,208 - WARNING - Bot has died! RESURRECTING... 💎
💎 2025-08-03 17:03:43,208 - INFO - Starting IMMORTAL Discord Community Global Launcher... 💎
💎 2025-08-03 17:03:43,216 - INFO - IMMORTAL Discord bot started with PID: 2076 💎
💎 2025-08-03 17:03:43,217 - INFO - RESURRECTION SUCCESSFUL! Restart #331 💎
💎 2025-08-03 17:03:43,218 - INFO - Resurrection successful! Guardian continues... 💎
💎 2025-08-03 17:03:58,910 - INFO - IMMORTAL STATUS: Bot restarts: 331 💎
💎 2025-08-03 17:04:13,219 - WARNING - Bot is dead! Resurrection attempt #332 💎
💎 2025-08-03 17:04:13,219 - WARNING - Bot has died! RESURRECTING... 💎
💎 2025-08-03 17:04:23,220 - INFO - Starting IMMORTAL Discord Community Global Launcher... 💎
💎 2025-08-03 17:04:23,228 - INFO - IMMORTAL Discord bot started with PID: 15120 💎
💎 2025-08-03 17:04:23,229 - INFO - RESURRECTION SUCCESSFUL! Restart #332 💎
💎 2025-08-03 17:04:23,230 - INFO - Resurrection successful! Guardian continues... 💎
💎 2025-08-03 17:04:53,230 - WARNING - Bot is dead! Resurrection attempt #333 💎
💎 2025-08-03 17:04:53,231 - WARNING - Bot has died! RESURRECTING... 💎
💎 2025-08-03 17:04:58,910 - INFO - IMMORTAL STATUS: Bot restarts: 333 💎
💎 2025-08-03 17:05:03,231 - INFO - Starting IMMORTAL Discord Community Global Launcher... 💎
💎 2025-08-03 17:05:03,239 - INFO - IMMORTAL Discord bot started with PID: 744 💎
💎 2025-08-03 17:05:03,241 - INFO - RESURRECTION SUCCESSFUL! Restart #333 💎
💎 2025-08-03 17:05:03,242 - INFO - Resurrection successful! Guardian continues... 💎
💎 2025-08-03 17:05:33,243 - WARNING - Bot is dead! Resurrection attempt #334 💎
💎 2025-08-03 17:05:33,244 - WARNING - Bot has died! RESURRECTING... 💎
💎 2025-08-03 17:05:43,244 - INFO - Starting IMMORTAL Discord Community Global Launcher... 💎
💎 2025-08-03 17:05:43,252 - INFO - IMMORTAL Discord bot started with PID: 4004 💎
💎 2025-08-03 17:05:43,254 - INFO - RESURRECTION SUCCESSFUL! Restart #334 💎
💎 2025-08-03 17:05:43,254 - INFO - Resurrection successful! Guardian continues... 💎
💎 2025-08-03 17:05:58,911 - INFO - IMMORTAL STATUS: Bot restarts: 334 💎
💎 2025-08-03 17:06:13,255 - WARNING - Bot is dead! Resurrection attempt #335 💎
💎 2025-08-03 17:06:13,256 - WARNING - Bot has died! RESURRECTING... 💎
💎 2025-08-03 17:06:23,257 - INFO - Starting IMMORTAL Discord Community Global Launcher... 💎
💎 2025-08-03 17:06:23,266 - INFO - IMMORTAL Discord bot started with PID: 19560 💎
💎 2025-08-03 17:06:23,267 - INFO - RESURRECTION SUCCESSFUL! Restart #335 💎
💎 2025-08-03 17:06:23,268 - INFO - Resurrection successful! Guardian continues... 💎
💎 2025-08-03 17:06:53,269 - WARNING - Bot is dead! Resurrection attempt #336 💎
💎 2025-08-03 17:06:53,269 - WARNING - Bot has died! RESURRECTING... 💎
💎 2025-08-03 17:06:58,912 - INFO - IMMORTAL STATUS: Bot restarts: 336 💎
💎 2025-08-03 17:07:03,270 - INFO - Starting IMMORTAL Discord Community Global Launcher... 💎
💎 2025-08-03 17:07:03,277 - INFO - IMMORTAL Discord bot started with PID: 14744 💎
💎 2025-08-03 17:07:03,279 - INFO - RESURRECTION SUCCESSFUL! Restart #336 💎
💎 2025-08-03 17:07:03,279 - INFO - Resurrection successful! Guardian continues... 💎
💎 2025-08-03 17:07:33,280 - WARNING - Bot is dead! Resurrection attempt #337 💎
💎 2025-08-03 17:07:33,281 - WARNING - Bot has died! RESURRECTING... 💎
💎 2025-08-03 17:07:43,282 - INFO - Starting IMMORTAL Discord Community Global Launcher... 💎
💎 2025-08-03 17:07:43,292 - INFO - IMMORTAL Discord bot started with PID: 16024 💎
💎 2025-08-03 17:07:43,294 - INFO - RESURRECTION SUCCESSFUL! Restart #337 💎
💎 2025-08-03 17:07:43,294 - INFO - Resurrection successful! Guardian continues... 💎
💎 2025-08-03 17:07:58,913 - INFO - IMMORTAL STATUS: Bot restarts: 337 💎
💎 2025-08-03 17:08:13,295 - WARNING - Bot is dead! Resurrection attempt #338 💎
💎 2025-08-03 17:08:13,295 - WARNING - Bot has died! RESURRECTING... 💎
💎 2025-08-03 17:08:23,296 - INFO - Starting IMMORTAL Discord Community Global Launcher... 💎
💎 2025-08-03 17:08:23,303 - INFO - IMMORTAL Discord bot started with PID: 15300 💎
💎 2025-08-03 17:08:23,305 - INFO - RESURRECTION SUCCESSFUL! Restart #338 💎
💎 2025-08-03 17:08:23,306 - INFO - Resurrection successful! Guardian continues... 💎
💎 2025-08-03 17:08:53,307 - WARNING - Bot is dead! Resurrection attempt #339 💎
💎 2025-08-03 17:08:53,307 - WARNING - Bot has died! RESURRECTING... 💎
💎 2025-08-03 17:08:58,913 - INFO - IMMORTAL STATUS: Bot restarts: 339 💎
💎 2025-08-03 17:09:03,308 - INFO - Starting IMMORTAL Discord Community Global Launcher... 💎
💎 2025-08-03 17:09:03,314 - INFO - IMMORTAL Discord bot started with PID: 6828 💎
💎 2025-08-03 17:09:03,316 - INFO - RESURRECTION SUCCESSFUL! Restart #339 💎
💎 2025-08-03 17:09:03,317 - INFO - Resurrection successful! Guardian continues... 💎
💎 2025-08-03 17:09:33,318 - WARNING - Bot is dead! Resurrection attempt #340 💎
💎 2025-08-03 17:09:33,318 - WARNING - Bot has died! RESURRECTING... 💎
💎 2025-08-03 17:09:43,319 - INFO - Starting IMMORTAL Discord Community Global Launcher... 💎
💎 2025-08-03 17:09:43,327 - INFO - IMMORTAL Discord bot started with PID: 19772 💎
💎 2025-08-03 17:09:43,328 - INFO - RESURRECTION SUCCESSFUL! Restart #340 💎
💎 2025-08-03 17:09:43,329 - INFO - Resurrection successful! Guardian continues... 💎
💎 2025-08-03 17:09:58,914 - INFO - IMMORTAL STATUS: Bot restarts: 340 💎
💎 2025-08-03 17:10:13,330 - WARNING - Bot is dead! Resurrection attempt #341 💎
💎 2025-08-03 17:10:13,330 - WARNING - Bot has died! RESURRECTING... 💎
💎 2025-08-03 17:10:23,331 - INFO - Starting IMMORTAL Discord Community Global Launcher... 💎
💎 2025-08-03 17:10:23,339 - INFO - IMMORTAL Discord bot started with PID: 1796 💎
💎 2025-08-03 17:10:23,341 - INFO - RESURRECTION SUCCESSFUL! Restart #341 💎
💎 2025-08-03 17:10:23,342 - INFO - Resurrection successful! Guardian continues... 💎
💎 2025-08-03 17:10:53,343 - WARNING - Bot is dead! Resurrection attempt #342 💎
💎 2025-08-03 17:10:53,343 - WARNING - Bot has died! RESURRECTING... 💎
💎 2025-08-03 17:10:58,915 - INFO - IMMORTAL STATUS: Bot restarts: 342 💎
💎 2025-08-03 17:11:03,345 - INFO - Starting IMMORTAL Discord Community Global Launcher... 💎
💎 2025-08-03 17:11:03,352 - INFO - IMMORTAL Discord bot started with PID: 20284 💎
💎 2025-08-03 17:11:03,356 - INFO - RESURRECTION SUCCESSFUL! Restart #342 💎
💎 2025-08-03 17:11:03,356 - INFO - Resurrection successful! Guardian continues... 💎
💎 2025-08-03 17:11:33,358 - WARNING - Bot is dead! Resurrection attempt #343 💎
💎 2025-08-03 17:11:33,358 - WARNING - Bot has died! RESURRECTING... 💎
💎 2025-08-03 17:11:43,359 - INFO - Starting IMMORTAL Discord Community Global Launcher... 💎
💎 2025-08-03 17:11:43,367 - INFO - IMMORTAL Discord bot started with PID: 16060 💎
💎 2025-08-03 17:11:43,368 - INFO - RESURRECTION SUCCESSFUL! Restart #343 💎
💎 2025-08-03 17:11:43,369 - INFO - Resurrection successful! Guardian continues... 💎
💎 2025-08-03 17:11:58,916 - INFO - IMMORTAL STATUS: Bot restarts: 343 💎
💎 2025-08-03 17:12:13,370 - WARNING - Bot is dead! Resurrection attempt #344 💎
💎 2025-08-03 17:12:13,370 - WARNING - Bot has died! RESURRECTING... 💎
💎 2025-08-03 17:12:23,371 - INFO - Starting IMMORTAL Discord Community Global Launcher... 💎
💎 2025-08-03 17:12:23,387 - INFO - IMMORTAL Discord bot started with PID: 19156 💎
💎 2025-08-03 17:12:23,392 - INFO - RESURRECTION SUCCESSFUL! Restart #344 💎
💎 2025-08-03 17:12:23,396 - INFO - Resurrection successful! Guardian continues... 💎
💎 2025-08-03 17:12:53,397 - WARNING - Bot is dead! Resurrection attempt #345 💎
💎 2025-08-03 17:12:53,397 - WARNING - Bot has died! RESURRECTING... 💎
💎 2025-08-03 17:12:58,917 - INFO - IMMORTAL STATUS: Bot restarts: 345 💎
💎 2025-08-03 17:13:03,398 - INFO - Starting IMMORTAL Discord Community Global Launcher... 💎
💎 2025-08-03 17:13:03,405 - INFO - IMMORTAL Discord bot started with PID: 6040 💎
💎 2025-08-03 17:13:03,407 - INFO - RESURRECTION SUCCESSFUL! Restart #345 💎
💎 2025-08-03 17:13:03,408 - INFO - Resurrection successful! Guardian continues... 💎
💎 2025-08-03 17:13:33,409 - WARNING - Bot is dead! Resurrection attempt #346 💎
💎 2025-08-03 17:13:33,410 - WARNING - Bot has died! RESURRECTING... 💎
💎 2025-08-03 17:13:43,411 - INFO - Starting IMMORTAL Discord Community Global Launcher... 💎
💎 2025-08-03 17:13:43,420 - INFO - IMMORTAL Discord bot started with PID: 15480 💎
💎 2025-08-03 17:13:43,421 - INFO - RESURRECTION SUCCESSFUL! Restart #346 💎
💎 2025-08-03 17:13:43,422 - INFO - Resurrection successful! Guardian continues... 💎
💎 2025-08-03 17:13:58,919 - INFO - IMMORTAL STATUS: Bot restarts: 346 💎
💎 2025-08-03 17:14:13,423 - WARNING - Bot is dead! Resurrection attempt #347 💎
💎 2025-08-03 17:14:13,423 - WARNING - Bot has died! RESURRECTING... 💎
💎 2025-08-03 17:14:23,424 - INFO - Starting IMMORTAL Discord Community Global Launcher... 💎
💎 2025-08-03 17:14:23,431 - INFO - IMMORTAL Discord bot started with PID: 20408 💎
💎 2025-08-03 17:14:23,432 - INFO - RESURRECTION SUCCESSFUL! Restart #347 💎
💎 2025-08-03 17:14:23,433 - INFO - Resurrection successful! Guardian continues... 💎
💎 2025-08-03 17:14:53,433 - WARNING - Bot is dead! Resurrection attempt #348 💎
💎 2025-08-03 17:14:53,434 - WARNING - Bot has died! RESURRECTING... 💎
💎 2025-08-03 17:14:58,920 - INFO - IMMORTAL STATUS: Bot restarts: 348 💎
💎 2025-08-03 17:15:03,435 - INFO - Starting IMMORTAL Discord Community Global Launcher... 💎
💎 2025-08-03 17:15:03,444 - INFO - IMMORTAL Discord bot started with PID: 19992 💎
💎 2025-08-03 17:15:03,445 - INFO - RESURRECTION SUCCESSFUL! Restart #348 💎
💎 2025-08-03 17:15:03,446 - INFO - Resurrection successful! Guardian continues... 💎
💎 2025-08-03 17:15:33,446 - WARNING - Bot is dead! Resurrection attempt #349 💎
💎 2025-08-03 17:15:33,447 - WARNING - Bot has died! RESURRECTING... 💎
💎 2025-08-03 17:15:43,448 - INFO - Starting IMMORTAL Discord Community Global Launcher... 💎
💎 2025-08-03 17:15:43,455 - INFO - IMMORTAL Discord bot started with PID: 15520 💎
💎 2025-08-03 17:15:43,457 - INFO - RESURRECTION SUCCESSFUL! Restart #349 💎
💎 2025-08-03 17:15:43,458 - INFO - Resurrection successful! Guardian continues... 💎
💎 2025-08-03 17:15:58,921 - INFO - IMMORTAL STATUS: Bot restarts: 349 💎
💎 2025-08-03 17:16:13,459 - WARNING - Bot is dead! Resurrection attempt #350 💎
💎 2025-08-03 17:16:13,459 - WARNING - Bot has died! RESURRECTING... 💎
💎 2025-08-03 17:16:23,460 - INFO - Starting IMMORTAL Discord Community Global Launcher... 💎
💎 2025-08-03 17:16:23,468 - INFO - IMMORTAL Discord bot started with PID: 16344 💎
💎 2025-08-03 17:16:23,470 - INFO - RESURRECTION SUCCESSFUL! Restart #350 💎
💎 2025-08-03 17:16:23,471 - INFO - Resurrection successful! Guardian continues... 💎
💎 2025-08-03 17:16:53,472 - WARNING - Bot is dead! Resurrection attempt #351 💎
💎 2025-08-03 17:16:53,473 - WARNING - Bot has died! RESURRECTING... 💎
💎 2025-08-03 17:16:58,922 - INFO - IMMORTAL STATUS: Bot restarts: 351 💎
💎 2025-08-03 17:17:03,473 - INFO - Starting IMMORTAL Discord Community Global Launcher... 💎
💎 2025-08-03 17:17:03,481 - INFO - IMMORTAL Discord bot started with PID: 7580 💎
💎 2025-08-03 17:17:03,483 - INFO - RESURRECTION SUCCESSFUL! Restart #351 💎
💎 2025-08-03 17:17:03,483 - INFO - Resurrection successful! Guardian continues... 💎
💎 2025-08-03 17:17:33,484 - WARNING - Bot is dead! Resurrection attempt #352 💎
💎 2025-08-03 17:17:33,484 - WARNING - Bot has died! RESURRECTING... 💎
💎 2025-08-03 17:17:43,485 - INFO - Starting IMMORTAL Discord Community Global Launcher... 💎
💎 2025-08-03 17:17:43,494 - INFO - IMMORTAL Discord bot started with PID: 11972 💎
💎 2025-08-03 17:17:43,495 - INFO - RESURRECTION SUCCESSFUL! Restart #352 💎
💎 2025-08-03 17:17:43,495 - INFO - Resurrection successful! Guardian continues... 💎
💎 2025-08-03 17:17:58,922 - INFO - IMMORTAL STATUS: Bot restarts: 352 💎
💎 2025-08-03 17:18:13,496 - WARNING - Bot is dead! Resurrection attempt #353 💎
💎 2025-08-03 17:18:13,496 - WARNING - Bot has died! RESURRECTING... 💎
💎 2025-08-03 17:18:23,496 - INFO - Starting IMMORTAL Discord Community Global Launcher... 💎
💎 2025-08-03 17:18:23,504 - INFO - IMMORTAL Discord bot started with PID: 10036 💎
💎 2025-08-03 17:18:23,506 - INFO - RESURRECTION SUCCESSFUL! Restart #353 💎
💎 2025-08-03 17:18:23,506 - INFO - Resurrection successful! Guardian continues... 💎
💎 2025-08-03 17:18:53,508 - WARNING - Bot is dead! Resurrection attempt #354 💎
💎 2025-08-03 17:18:53,508 - WARNING - Bot has died! RESURRECTING... 💎
💎 2025-08-03 17:18:58,924 - INFO - IMMORTAL STATUS: Bot restarts: 354 💎
💎 2025-08-03 17:19:03,509 - INFO - Starting IMMORTAL Discord Community Global Launcher... 💎
💎 2025-08-03 17:19:03,517 - INFO - IMMORTAL Discord bot started with PID: 11860 💎
💎 2025-08-03 17:19:03,518 - INFO - RESURRECTION SUCCESSFUL! Restart #354 💎
💎 2025-08-03 17:19:03,519 - INFO - Resurrection successful! Guardian continues... 💎
💎 2025-08-03 17:19:33,521 - WARNING - Bot is dead! Resurrection attempt #355 💎
💎 2025-08-03 17:19:33,521 - WARNING - Bot has died! RESURRECTING... 💎
💎 2025-08-03 17:19:43,522 - INFO - Starting IMMORTAL Discord Community Global Launcher... 💎
💎 2025-08-03 17:19:43,530 - INFO - IMMORTAL Discord bot started with PID: 14116 💎
💎 2025-08-03 17:19:43,531 - INFO - RESURRECTION SUCCESSFUL! Restart #355 💎
💎 2025-08-03 17:19:43,531 - INFO - Resurrection successful! Guardian continues... 💎
💎 2025-08-03 17:19:58,924 - INFO - IMMORTAL STATUS: Bot restarts: 355 💎
💎 2025-08-03 17:20:13,532 - WARNING - Bot is dead! Resurrection attempt #356 💎
💎 2025-08-03 17:20:13,533 - WARNING - Bot has died! RESURRECTING... 💎
💎 2025-08-03 17:20:23,534 - INFO - Starting IMMORTAL Discord Community Global Launcher... 💎
💎 2025-08-03 17:20:23,541 - INFO - IMMORTAL Discord bot started with PID: 9852 💎
💎 2025-08-03 17:20:23,542 - INFO - RESURRECTION SUCCESSFUL! Restart #356 💎
💎 2025-08-03 17:20:23,543 - INFO - Resurrection successful! Guardian continues... 💎
💎 2025-08-03 17:20:53,544 - WARNING - Bot is dead! Resurrection attempt #357 💎
💎 2025-08-03 17:20:53,544 - WARNING - Bot has died! RESURRECTING... 💎
💎 2025-08-03 17:20:58,925 - INFO - IMMORTAL STATUS: Bot restarts: 357 💎
💎 2025-08-03 17:21:03,545 - INFO - Starting IMMORTAL Discord Community Global Launcher... 💎
💎 2025-08-03 17:21:03,554 - INFO - IMMORTAL Discord bot started with PID: 14560 💎
💎 2025-08-03 17:21:03,555 - INFO - RESURRECTION SUCCESSFUL! Restart #357 💎
💎 2025-08-03 17:21:03,556 - INFO - Resurrection successful! Guardian continues... 💎
💎 2025-08-03 17:21:33,557 - WARNING - Bot is dead! Resurrection attempt #358 💎
💎 2025-08-03 17:21:33,558 - WARNING - Bot has died! RESURRECTING... 💎
💎 2025-08-03 17:21:43,559 - INFO - Starting IMMORTAL Discord Community Global Launcher... 💎
💎 2025-08-03 17:21:43,566 - INFO - IMMORTAL Discord bot started with PID: 15356 💎
💎 2025-08-03 17:21:43,568 - INFO - RESURRECTION SUCCESSFUL! Restart #358 💎
💎 2025-08-03 17:21:43,569 - INFO - Resurrection successful! Guardian continues... 💎
💎 2025-08-03 17:21:58,926 - INFO - IMMORTAL STATUS: Bot restarts: 358 💎
💎 2025-08-03 17:22:13,570 - WARNING - Bot is dead! Resurrection attempt #359 💎
💎 2025-08-03 17:22:13,570 - WARNING - Bot has died! RESURRECTING... 💎
💎 2025-08-03 17:22:23,571 - INFO - Starting IMMORTAL Discord Community Global Launcher... 💎
💎 2025-08-03 17:22:23,579 - INFO - IMMORTAL Discord bot started with PID: 19020 💎
💎 2025-08-03 17:22:23,581 - INFO - RESURRECTION SUCCESSFUL! Restart #359 💎
💎 2025-08-03 17:22:23,581 - INFO - Resurrection successful! Guardian continues... 💎
💎 2025-08-03 17:22:53,582 - WARNING - Bot is dead! Resurrection attempt #360 💎
💎 2025-08-03 17:22:53,583 - WARNING - Bot has died! RESURRECTING... 💎
💎 2025-08-03 17:22:58,927 - INFO - IMMORTAL STATUS: Bot restarts: 360 💎
💎 2025-08-03 17:23:03,584 - INFO - Starting IMMORTAL Discord Community Global Launcher... 💎
💎 2025-08-03 17:23:03,592 - INFO - IMMORTAL Discord bot started with PID: 12756 💎
💎 2025-08-03 17:23:03,594 - INFO - RESURRECTION SUCCESSFUL! Restart #360 💎
💎 2025-08-03 17:23:03,595 - INFO - Resurrection successful! Guardian continues... 💎
💎 2025-08-03 17:23:33,596 - WARNING - Bot is dead! Resurrection attempt #361 💎
💎 2025-08-03 17:23:33,596 - WARNING - Bot has died! RESURRECTING... 💎
💎 2025-08-03 17:23:43,597 - INFO - Starting IMMORTAL Discord Community Global Launcher... 💎
💎 2025-08-03 17:23:43,605 - INFO - IMMORTAL Discord bot started with PID: 20060 💎
💎 2025-08-03 17:23:43,607 - INFO - RESURRECTION SUCCESSFUL! Restart #361 💎
💎 2025-08-03 17:23:43,607 - INFO - Resurrection successful! Guardian continues... 💎
💎 2025-08-03 17:23:58,928 - INFO - IMMORTAL STATUS: Bot restarts: 361 💎
💎 2025-08-03 17:24:13,608 - WARNING - Bot is dead! Resurrection attempt #362 💎
💎 2025-08-03 17:24:13,608 - WARNING - Bot has died! RESURRECTING... 💎
💎 2025-08-03 17:24:23,609 - INFO - Starting IMMORTAL Discord Community Global Launcher... 💎
💎 2025-08-03 17:24:23,617 - INFO - IMMORTAL Discord bot started with PID: 2104 💎
💎 2025-08-03 17:24:23,619 - INFO - RESURRECTION SUCCESSFUL! Restart #362 💎
💎 2025-08-03 17:24:23,619 - INFO - Resurrection successful! Guardian continues... 💎
💎 2025-08-03 17:24:53,620 - WARNING - Bot is dead! Resurrection attempt #363 💎
💎 2025-08-03 17:24:53,621 - WARNING - Bot has died! RESURRECTING... 💎
💎 2025-08-03 17:24:58,929 - INFO - IMMORTAL STATUS: Bot restarts: 363 💎
💎 2025-08-03 17:25:03,621 - INFO - Starting IMMORTAL Discord Community Global Launcher... 💎
💎 2025-08-03 17:25:03,629 - INFO - IMMORTAL Discord bot started with PID: 19520 💎
💎 2025-08-03 17:25:03,630 - INFO - RESURRECTION SUCCESSFUL! Restart #363 💎
💎 2025-08-03 17:25:03,631 - INFO - Resurrection successful! Guardian continues... 💎
💎 2025-08-03 17:25:33,632 - WARNING - Bot is dead! Resurrection attempt #364 💎
💎 2025-08-03 17:25:33,632 - WARNING - Bot has died! RESURRECTING... 💎
💎 2025-08-03 17:25:43,633 - INFO - Starting IMMORTAL Discord Community Global Launcher... 💎
💎 2025-08-03 17:25:43,651 - INFO - IMMORTAL Discord bot started with PID: 14928 💎
💎 2025-08-03 17:25:43,660 - INFO - RESURRECTION SUCCESSFUL! Restart #364 💎
💎 2025-08-03 17:25:43,663 - INFO - Resurrection successful! Guardian continues... 💎
💎 2025-08-03 17:25:58,930 - INFO - IMMORTAL STATUS: Bot restarts: 364 💎
💎 2025-08-03 17:26:13,664 - WARNING - Bot is dead! Resurrection attempt #365 💎
💎 2025-08-03 17:26:13,665 - WARNING - Bot has died! RESURRECTING... 💎
💎 2025-08-03 17:26:23,665 - INFO - Starting IMMORTAL Discord Community Global Launcher... 💎
💎 2025-08-03 17:26:23,673 - INFO - IMMORTAL Discord bot started with PID: 6584 💎
💎 2025-08-03 17:26:23,674 - INFO - RESURRECTION SUCCESSFUL! Restart #365 💎
💎 2025-08-03 17:26:23,674 - INFO - Resurrection successful! Guardian continues... 💎
💎 2025-08-03 17:26:53,675 - WARNING - Bot is dead! Resurrection attempt #366 💎
💎 2025-08-03 17:26:53,675 - WARNING - Bot has died! RESURRECTING... 💎
💎 2025-08-03 17:26:58,931 - INFO - IMMORTAL STATUS: Bot restarts: 366 💎
💎 2025-08-03 17:27:03,676 - INFO - Starting IMMORTAL Discord Community Global Launcher... 💎
💎 2025-08-03 17:27:03,684 - INFO - IMMORTAL Discord bot started with PID: 8876 💎
💎 2025-08-03 17:27:03,686 - INFO - RESURRECTION SUCCESSFUL! Restart #366 💎
💎 2025-08-03 17:27:03,687 - INFO - Resurrection successful! Guardian continues... 💎
💎 2025-08-03 17:27:33,688 - WARNING - Bot is dead! Resurrection attempt #367 💎
💎 2025-08-03 17:27:33,689 - WARNING - Bot has died! RESURRECTING... 💎
💎 2025-08-03 17:27:43,690 - INFO - Starting IMMORTAL Discord Community Global Launcher... 💎
💎 2025-08-03 17:27:43,697 - INFO - IMMORTAL Discord bot started with PID: 10196 💎
💎 2025-08-03 17:27:43,699 - INFO - RESURRECTION SUCCESSFUL! Restart #367 💎
💎 2025-08-03 17:27:43,700 - INFO - Resurrection successful! Guardian continues... 💎
💎 2025-08-03 17:27:58,932 - INFO - IMMORTAL STATUS: Bot restarts: 367 💎
💎 2025-08-03 17:28:13,701 - WARNING - Bot is dead! Resurrection attempt #368 💎
💎 2025-08-03 17:28:13,701 - WARNING - Bot has died! RESURRECTING... 💎
💎 2025-08-03 17:28:23,702 - INFO - Starting IMMORTAL Discord Community Global Launcher... 💎
💎 2025-08-03 17:28:23,710 - INFO - IMMORTAL Discord bot started with PID: 9972 💎
💎 2025-08-03 17:28:23,712 - INFO - RESURRECTION SUCCESSFUL! Restart #368 💎
💎 2025-08-03 17:28:23,713 - INFO - Resurrection successful! Guardian continues... 💎
💎 2025-08-03 17:28:53,715 - WARNING - Bot is dead! Resurrection attempt #369 💎
💎 2025-08-03 17:28:53,715 - WARNING - Bot has died! RESURRECTING... 💎
💎 2025-08-03 17:28:58,933 - INFO - IMMORTAL STATUS: Bot restarts: 369 💎
💎 2025-08-03 17:29:03,716 - INFO - Starting IMMORTAL Discord Community Global Launcher... 💎
💎 2025-08-03 17:29:03,724 - INFO - IMMORTAL Discord bot started with PID: 4196 💎
💎 2025-08-03 17:29:03,725 - INFO - RESURRECTION SUCCESSFUL! Restart #369 💎
💎 2025-08-03 17:29:03,726 - INFO - Resurrection successful! Guardian continues... 💎
💎 2025-08-03 17:29:33,728 - WARNING - Bot is dead! Resurrection attempt #370 💎
💎 2025-08-03 17:29:33,728 - WARNING - Bot has died! RESURRECTING... 💎
💎 2025-08-03 17:29:43,729 - INFO - Starting IMMORTAL Discord Community Global Launcher... 💎
💎 2025-08-03 17:29:43,736 - INFO - IMMORTAL Discord bot started with PID: 8500 💎
💎 2025-08-03 17:29:43,737 - INFO - RESURRECTION SUCCESSFUL! Restart #370 💎
💎 2025-08-03 17:29:43,738 - INFO - Resurrection successful! Guardian continues... 💎
💎 2025-08-03 17:29:58,933 - INFO - IMMORTAL STATUS: Bot restarts: 370 💎
💎 2025-08-03 17:30:13,738 - WARNING - Bot is dead! Resurrection attempt #371 💎
💎 2025-08-03 17:30:13,739 - WARNING - Bot has died! RESURRECTING... 💎
💎 2025-08-03 17:30:23,739 - INFO - Starting IMMORTAL Discord Community Global Launcher... 💎
💎 2025-08-03 17:30:23,748 - INFO - IMMORTAL Discord bot started with PID: 20164 💎
💎 2025-08-03 17:30:23,749 - INFO - RESURRECTION SUCCESSFUL! Restart #371 💎
💎 2025-08-03 17:30:23,750 - INFO - Resurrection successful! Guardian continues... 💎
💎 2025-08-03 17:30:53,751 - WARNING - Bot is dead! Resurrection attempt #372 💎
💎 2025-08-03 17:30:53,751 - WARNING - Bot has died! RESURRECTING... 💎
💎 2025-08-03 17:30:58,934 - INFO - IMMORTAL STATUS: Bot restarts: 372 💎
💎 2025-08-03 17:31:03,752 - INFO - Starting IMMORTAL Discord Community Global Launcher... 💎
💎 2025-08-03 17:31:03,760 - INFO - IMMORTAL Discord bot started with PID: 15112 💎
💎 2025-08-03 17:31:03,761 - INFO - RESURRECTION SUCCESSFUL! Restart #372 💎
💎 2025-08-03 17:31:03,761 - INFO - Resurrection successful! Guardian continues... 💎
💎 2025-08-03 17:31:33,762 - WARNING - Bot is dead! Resurrection attempt #373 💎
💎 2025-08-03 17:31:33,763 - WARNING - Bot has died! RESURRECTING... 💎
💎 2025-08-03 17:31:43,763 - INFO - Starting IMMORTAL Discord Community Global Launcher... 💎
💎 2025-08-03 17:31:43,771 - INFO - IMMORTAL Discord bot started with PID: 2080 💎
💎 2025-08-03 17:31:43,774 - INFO - RESURRECTION SUCCESSFUL! Restart #373 💎
💎 2025-08-03 17:31:43,775 - INFO - Resurrection successful! Guardian continues... 💎
💎 2025-08-03 17:31:58,935 - INFO - IMMORTAL STATUS: Bot restarts: 373 💎
💎 2025-08-03 17:32:13,775 - WARNING - Bot is dead! Resurrection attempt #374 💎
💎 2025-08-03 17:32:13,776 - WARNING - Bot has died! RESURRECTING... 💎
💎 2025-08-03 17:32:23,776 - INFO - Starting IMMORTAL Discord Community Global Launcher... 💎
💎 2025-08-03 17:32:23,786 - INFO - IMMORTAL Discord bot started with PID: 18632 💎
💎 2025-08-03 17:32:23,787 - INFO - RESURRECTION SUCCESSFUL! Restart #374 💎
💎 2025-08-03 17:32:23,788 - INFO - Resurrection successful! Guardian continues... 💎
💎 2025-08-03 17:32:53,789 - WARNING - Bot is dead! Resurrection attempt #375 💎
💎 2025-08-03 17:32:53,789 - WARNING - Bot has died! RESURRECTING... 💎
💎 2025-08-03 17:32:58,935 - INFO - IMMORTAL STATUS: Bot restarts: 375 💎
💎 2025-08-03 17:33:03,790 - INFO - Starting IMMORTAL Discord Community Global Launcher... 💎
💎 2025-08-03 17:33:03,800 - INFO - IMMORTAL Discord bot started with PID: 15664 💎
💎 2025-08-03 17:33:03,802 - INFO - RESURRECTION SUCCESSFUL! Restart #375 💎
💎 2025-08-03 17:33:03,802 - INFO - Resurrection successful! Guardian continues... 💎
💎 2025-08-03 17:33:33,803 - WARNING - Bot is dead! Resurrection attempt #376 💎
💎 2025-08-03 17:33:33,804 - WARNING - Bot has died! RESURRECTING... 💎
💎 2025-08-03 17:33:43,805 - INFO - Starting IMMORTAL Discord Community Global Launcher... 💎
💎 2025-08-03 17:33:43,813 - INFO - IMMORTAL Discord bot started with PID: 7204 💎
💎 2025-08-03 17:33:43,814 - INFO - RESURRECTION SUCCESSFUL! Restart #376 💎
💎 2025-08-03 17:33:43,815 - INFO - Resurrection successful! Guardian continues... 💎
💎 2025-08-03 17:33:58,936 - INFO - IMMORTAL STATUS: Bot restarts: 376 💎
💎 2025-08-03 17:34:13,816 - WARNING - Bot is dead! Resurrection attempt #377 💎
💎 2025-08-03 17:34:13,817 - WARNING - Bot has died! RESURRECTING... 💎
💎 2025-08-03 17:34:23,817 - INFO - Starting IMMORTAL Discord Community Global Launcher... 💎
💎 2025-08-03 17:34:23,826 - INFO - IMMORTAL Discord bot started with PID: 12492 💎
💎 2025-08-03 17:34:23,827 - INFO - RESURRECTION SUCCESSFUL! Restart #377 💎
💎 2025-08-03 17:34:23,828 - INFO - Resurrection successful! Guardian continues... 💎
💎 2025-08-03 17:34:53,829 - WARNING - Bot is dead! Resurrection attempt #378 💎
💎 2025-08-03 17:34:53,830 - WARNING - Bot has died! RESURRECTING... 💎
💎 2025-08-03 17:34:58,937 - INFO - IMMORTAL STATUS: Bot restarts: 378 💎
💎 2025-08-03 17:35:03,830 - INFO - Starting IMMORTAL Discord Community Global Launcher... 💎
💎 2025-08-03 17:35:03,838 - INFO - IMMORTAL Discord bot started with PID: 18528 💎
💎 2025-08-03 17:35:03,840 - INFO - RESURRECTION SUCCESSFUL! Restart #378 💎
💎 2025-08-03 17:35:03,840 - INFO - Resurrection successful! Guardian continues... 💎
💎 2025-08-03 17:35:33,841 - WARNING - Bot is dead! Resurrection attempt #379 💎
💎 2025-08-03 17:35:33,841 - WARNING - Bot has died! RESURRECTING... 💎
💎 2025-08-03 17:35:43,842 - INFO - Starting IMMORTAL Discord Community Global Launcher... 💎
💎 2025-08-03 17:35:43,851 - INFO - IMMORTAL Discord bot started with PID: 20276 💎
💎 2025-08-03 17:35:43,853 - INFO - RESURRECTION SUCCESSFUL! Restart #379 💎
💎 2025-08-03 17:35:43,854 - INFO - Resurrection successful! Guardian continues... 💎
💎 2025-08-03 17:35:58,938 - INFO - IMMORTAL STATUS: Bot restarts: 379 💎
💎 2025-08-03 17:36:13,855 - WARNING - Bot is dead! Resurrection attempt #380 💎
💎 2025-08-03 17:36:13,855 - WARNING - Bot has died! RESURRECTING... 💎
💎 2025-08-03 17:36:23,856 - INFO - Starting IMMORTAL Discord Community Global Launcher... 💎
💎 2025-08-03 17:36:23,863 - INFO - IMMORTAL Discord bot started with PID: 4156 💎
💎 2025-08-03 17:36:23,864 - INFO - RESURRECTION SUCCESSFUL! Restart #380 💎
💎 2025-08-03 17:36:23,865 - INFO - Resurrection successful! Guardian continues... 💎
💎 2025-08-03 17:36:53,866 - WARNING - Bot is dead! Resurrection attempt #381 💎
💎 2025-08-03 17:36:53,866 - WARNING - Bot has died! RESURRECTING... 💎
💎 2025-08-03 17:36:58,939 - INFO - IMMORTAL STATUS: Bot restarts: 381 💎
💎 2025-08-03 17:37:03,867 - INFO - Starting IMMORTAL Discord Community Global Launcher... 💎
💎 2025-08-03 17:37:03,876 - INFO - IMMORTAL Discord bot started with PID: 2056 💎
💎 2025-08-03 17:37:03,878 - INFO - RESURRECTION SUCCESSFUL! Restart #381 💎
💎 2025-08-03 17:37:03,879 - INFO - Resurrection successful! Guardian continues... 💎
💎 2025-08-03 17:37:33,879 - WARNING - Bot is dead! Resurrection attempt #382 💎
💎 2025-08-03 17:37:33,880 - WARNING - Bot has died! RESURRECTING... 💎
💎 2025-08-03 17:37:43,881 - INFO - Starting IMMORTAL Discord Community Global Launcher... 💎
💎 2025-08-03 17:37:43,888 - INFO - IMMORTAL Discord bot started with PID: 2104 💎
💎 2025-08-03 17:37:43,890 - INFO - RESURRECTION SUCCESSFUL! Restart #382 💎
💎 2025-08-03 17:37:43,890 - INFO - Resurrection successful! Guardian continues... 💎
💎 2025-08-03 17:37:58,941 - INFO - IMMORTAL STATUS: Bot restarts: 382 💎
💎 2025-08-03 17:38:13,891 - WARNING - Bot is dead! Resurrection attempt #383 💎
💎 2025-08-03 17:38:13,892 - WARNING - Bot has died! RESURRECTING... 💎
💎 2025-08-03 17:38:23,893 - INFO - Starting IMMORTAL Discord Community Global Launcher... 💎
💎 2025-08-03 17:38:23,902 - INFO - IMMORTAL Discord bot started with PID: 6068 💎
💎 2025-08-03 17:38:23,903 - INFO - RESURRECTION SUCCESSFUL! Restart #383 💎
💎 2025-08-03 17:38:23,904 - INFO - Resurrection successful! Guardian continues... 💎
💎 2025-08-03 17:38:53,905 - WARNING - Bot is dead! Resurrection attempt #384 💎
💎 2025-08-03 17:38:53,905 - WARNING - Bot has died! RESURRECTING... 💎
💎 2025-08-03 17:38:58,941 - INFO - IMMORTAL STATUS: Bot restarts: 384 💎
💎 2025-08-03 17:39:03,906 - INFO - Starting IMMORTAL Discord Community Global Launcher... 💎
💎 2025-08-03 17:39:03,914 - INFO - IMMORTAL Discord bot started with PID: 17148 💎
💎 2025-08-03 17:39:03,916 - INFO - RESURRECTION SUCCESSFUL! Restart #384 💎
💎 2025-08-03 17:39:03,916 - INFO - Resurrection successful! Guardian continues... 💎
💎 2025-08-03 17:39:33,917 - WARNING - Bot is dead! Resurrection attempt #385 💎
💎 2025-08-03 17:39:33,917 - WARNING - Bot has died! RESURRECTING... 💎
💎 2025-08-03 17:39:43,918 - INFO - Starting IMMORTAL Discord Community Global Launcher... 💎
💎 2025-08-03 17:39:43,926 - INFO - IMMORTAL Discord bot started with PID: 14976 💎
💎 2025-08-03 17:39:43,927 - INFO - RESURRECTION SUCCESSFUL! Restart #385 💎
💎 2025-08-03 17:39:43,928 - INFO - Resurrection successful! Guardian continues... 💎
💎 2025-08-03 17:39:58,942 - INFO - IMMORTAL STATUS: Bot restarts: 385 💎
💎 2025-08-03 17:40:13,929 - WARNING - Bot is dead! Resurrection attempt #386 💎
💎 2025-08-03 17:40:13,929 - WARNING - Bot has died! RESURRECTING... 💎
💎 2025-08-03 17:40:23,930 - INFO - Starting IMMORTAL Discord Community Global Launcher... 💎
💎 2025-08-03 17:40:23,937 - INFO - IMMORTAL Discord bot started with PID: 12184 💎
💎 2025-08-03 17:40:23,938 - INFO - RESURRECTION SUCCESSFUL! Restart #386 💎
💎 2025-08-03 17:40:23,939 - INFO - Resurrection successful! Guardian continues... 💎
💎 2025-08-03 17:40:53,939 - WARNING - Bot is dead! Resurrection attempt #387 💎
💎 2025-08-03 17:40:53,940 - WARNING - Bot has died! RESURRECTING... 💎
💎 2025-08-03 17:40:58,943 - INFO - IMMORTAL STATUS: Bot restarts: 387 💎
💎 2025-08-03 17:41:03,940 - INFO - Starting IMMORTAL Discord Community Global Launcher... 💎
💎 2025-08-03 17:41:03,949 - INFO - IMMORTAL Discord bot started with PID: 5408 💎
💎 2025-08-03 17:41:03,951 - INFO - RESURRECTION SUCCESSFUL! Restart #387 💎
💎 2025-08-03 17:41:03,952 - INFO - Resurrection successful! Guardian continues... 💎
💎 2025-08-03 17:41:33,953 - WARNING - Bot is dead! Resurrection attempt #388 💎
💎 2025-08-03 17:41:33,953 - WARNING - Bot has died! RESURRECTING... 💎
💎 2025-08-03 17:41:43,953 - INFO - Starting IMMORTAL Discord Community Global Launcher... 💎
💎 2025-08-03 17:41:43,961 - INFO - IMMORTAL Discord bot started with PID: 13708 💎
💎 2025-08-03 17:41:43,963 - INFO - RESURRECTION SUCCESSFUL! Restart #388 💎
💎 2025-08-03 17:41:43,964 - INFO - Resurrection successful! Guardian continues... 💎
💎 2025-08-03 17:41:58,945 - INFO - IMMORTAL STATUS: Bot restarts: 388 💎
💎 2025-08-03 17:42:13,965 - WARNING - Bot is dead! Resurrection attempt #389 💎
💎 2025-08-03 17:42:13,966 - WARNING - Bot has died! RESURRECTING... 💎
💎 2025-08-03 17:42:23,966 - INFO - Starting IMMORTAL Discord Community Global Launcher... 💎
💎 2025-08-03 17:42:23,974 - INFO - IMMORTAL Discord bot started with PID: 9148 💎
💎 2025-08-03 17:42:23,975 - INFO - RESURRECTION SUCCESSFUL! Restart #389 💎
💎 2025-08-03 17:42:23,976 - INFO - Resurrection successful! Guardian continues... 💎
💎 2025-08-03 17:42:53,977 - WARNING - Bot is dead! Resurrection attempt #390 💎
💎 2025-08-03 17:42:53,978 - WARNING - Bot has died! RESURRECTING... 💎
💎 2025-08-03 17:42:58,946 - INFO - IMMORTAL STATUS: Bot restarts: 390 💎
💎 2025-08-03 17:43:03,978 - INFO - Starting IMMORTAL Discord Community Global Launcher... 💎
💎 2025-08-03 17:43:03,986 - INFO - IMMORTAL Discord bot started with PID: 3184 💎
💎 2025-08-03 17:43:03,987 - INFO - RESURRECTION SUCCESSFUL! Restart #390 💎
💎 2025-08-03 17:43:03,988 - INFO - Resurrection successful! Guardian continues... 💎
💎 2025-08-03 17:43:33,989 - WARNING - Bot is dead! Resurrection attempt #391 💎
💎 2025-08-03 17:43:33,989 - WARNING - Bot has died! RESURRECTING... 💎
💎 2025-08-03 17:43:43,990 - INFO - Starting IMMORTAL Discord Community Global Launcher... 💎
💎 2025-08-03 17:43:43,997 - INFO - IMMORTAL Discord bot started with PID: 15112 💎
💎 2025-08-03 17:43:43,999 - INFO - RESURRECTION SUCCESSFUL! Restart #391 💎
💎 2025-08-03 17:43:44,000 - INFO - Resurrection successful! Guardian continues... 💎
💎 2025-08-03 17:43:58,947 - INFO - IMMORTAL STATUS: Bot restarts: 391 💎
💎 2025-08-03 17:44:14,001 - WARNING - Bot is dead! Resurrection attempt #392 💎
💎 2025-08-03 17:44:14,001 - WARNING - Bot has died! RESURRECTING... 💎
💎 2025-08-03 17:44:24,002 - INFO - Starting IMMORTAL Discord Community Global Launcher... 💎
💎 2025-08-03 17:44:24,011 - INFO - IMMORTAL Discord bot started with PID: 15356 💎
💎 2025-08-03 17:44:24,012 - INFO - RESURRECTION SUCCESSFUL! Restart #392 💎
💎 2025-08-03 17:44:24,013 - INFO - Resurrection successful! Guardian continues... 💎
💎 2025-08-03 17:44:54,014 - WARNING - Bot is dead! Resurrection attempt #393 💎
💎 2025-08-03 17:44:54,014 - WARNING - Bot has died! RESURRECTING... 💎
💎 2025-08-03 17:44:58,948 - INFO - IMMORTAL STATUS: Bot restarts: 393 💎
💎 2025-08-03 17:45:04,015 - INFO - Starting IMMORTAL Discord Community Global Launcher... 💎
💎 2025-08-03 17:45:04,024 - INFO - IMMORTAL Discord bot started with PID: 10516 💎
💎 2025-08-03 17:45:04,026 - INFO - RESURRECTION SUCCESSFUL! Restart #393 💎
💎 2025-08-03 17:45:04,027 - INFO - Resurrection successful! Guardian continues... 💎
💎 2025-08-03 17:45:34,028 - WARNING - Bot is dead! Resurrection attempt #394 💎
💎 2025-08-03 17:45:34,028 - WARNING - Bot has died! RESURRECTING... 💎
💎 2025-08-03 17:45:44,029 - INFO - Starting IMMORTAL Discord Community Global Launcher... 💎
💎 2025-08-03 17:45:44,037 - INFO - IMMORTAL Discord bot started with PID: 12528 💎
💎 2025-08-03 17:45:44,038 - INFO - RESURRECTION SUCCESSFUL! Restart #394 💎
💎 2025-08-03 17:45:44,039 - INFO - Resurrection successful! Guardian continues... 💎
💎 2025-08-03 17:45:58,949 - INFO - IMMORTAL STATUS: Bot restarts: 394 💎
💎 2025-08-03 17:46:14,040 - WARNING - Bot is dead! Resurrection attempt #395 💎
💎 2025-08-03 17:46:14,041 - WARNING - Bot has died! RESURRECTING... 💎
💎 2025-08-03 17:46:24,041 - INFO - Starting IMMORTAL Discord Community Global Launcher... 💎
💎 2025-08-03 17:46:24,049 - INFO - IMMORTAL Discord bot started with PID: 20448 💎
💎 2025-08-03 17:46:24,050 - INFO - RESURRECTION SUCCESSFUL! Restart #395 💎
💎 2025-08-03 17:46:24,051 - INFO - Resurrection successful! Guardian continues... 💎
💎 2025-08-03 17:46:54,051 - WARNING - Bot is dead! Resurrection attempt #396 💎
💎 2025-08-03 17:46:54,052 - WARNING - Bot has died! RESURRECTING... 💎
💎 2025-08-03 17:46:58,950 - INFO - IMMORTAL STATUS: Bot restarts: 396 💎
💎 2025-08-03 17:47:04,052 - INFO - Starting IMMORTAL Discord Community Global Launcher... 💎
💎 2025-08-03 17:47:04,060 - INFO - IMMORTAL Discord bot started with PID: 19876 💎
💎 2025-08-03 17:47:04,062 - INFO - RESURRECTION SUCCESSFUL! Restart #396 💎
💎 2025-08-03 17:47:04,062 - INFO - Resurrection successful! Guardian continues... 💎
💎 2025-08-03 17:47:34,064 - WARNING - Bot is dead! Resurrection attempt #397 💎
💎 2025-08-03 17:47:34,064 - WARNING - Bot has died! RESURRECTING... 💎
💎 2025-08-03 17:47:44,064 - INFO - Starting IMMORTAL Discord Community Global Launcher... 💎
💎 2025-08-03 17:47:44,073 - INFO - IMMORTAL Discord bot started with PID: 9132 💎
💎 2025-08-03 17:47:44,074 - INFO - RESURRECTION SUCCESSFUL! Restart #397 💎
💎 2025-08-03 17:47:44,075 - INFO - Resurrection successful! Guardian continues... 💎
💎 2025-08-03 17:47:58,951 - INFO - IMMORTAL STATUS: Bot restarts: 397 💎
💎 2025-08-03 17:48:14,076 - WARNING - Bot is dead! Resurrection attempt #398 💎
💎 2025-08-03 17:48:14,076 - WARNING - Bot has died! RESURRECTING... 💎
💎 2025-08-03 17:48:24,076 - INFO - Starting IMMORTAL Discord Community Global Launcher... 💎
💎 2025-08-03 17:48:24,084 - INFO - IMMORTAL Discord bot started with PID: 19524 💎
💎 2025-08-03 17:48:24,086 - INFO - RESURRECTION SUCCESSFUL! Restart #398 💎
💎 2025-08-03 17:48:24,086 - INFO - Resurrection successful! Guardian continues... 💎
💎 2025-08-03 17:48:54,087 - WARNING - Bot is dead! Resurrection attempt #399 💎
💎 2025-08-03 17:48:54,087 - WARNING - Bot has died! RESURRECTING... 💎
💎 2025-08-03 17:48:58,952 - INFO - IMMORTAL STATUS: Bot restarts: 399 💎
💎 2025-08-03 17:49:04,088 - INFO - Starting IMMORTAL Discord Community Global Launcher... 💎
💎 2025-08-03 17:49:04,096 - INFO - IMMORTAL Discord bot started with PID: 2576 💎
💎 2025-08-03 17:49:04,098 - INFO - RESURRECTION SUCCESSFUL! Restart #399 💎
💎 2025-08-03 17:49:04,098 - INFO - Resurrection successful! Guardian continues... 💎
💎 2025-08-03 17:49:34,100 - WARNING - Bot is dead! Resurrection attempt #400 💎
💎 2025-08-03 17:49:34,100 - WARNING - Bot has died! RESURRECTING... 💎
💎 2025-08-03 17:49:44,101 - INFO - Starting IMMORTAL Discord Community Global Launcher... 💎
💎 2025-08-03 17:49:44,109 - INFO - IMMORTAL Discord bot started with PID: 14292 💎
💎 2025-08-03 17:49:44,110 - INFO - RESURRECTION SUCCESSFUL! Restart #400 💎
💎 2025-08-03 17:49:44,111 - INFO - Resurrection successful! Guardian continues... 💎
💎 2025-08-03 17:49:58,953 - INFO - IMMORTAL STATUS: Bot restarts: 400 💎
💎 2025-08-03 17:50:14,112 - WARNING - Bot is dead! Resurrection attempt #401 💎
💎 2025-08-03 17:50:14,113 - WARNING - Bot has died! RESURRECTING... 💎
💎 2025-08-03 17:50:24,114 - INFO - Starting IMMORTAL Discord Community Global Launcher... 💎
💎 2025-08-03 17:50:24,122 - INFO - IMMORTAL Discord bot started with PID: 11972 💎
💎 2025-08-03 17:50:24,124 - INFO - RESURRECTION SUCCESSFUL! Restart #401 💎
💎 2025-08-03 17:50:24,125 - INFO - Resurrection successful! Guardian continues... 💎
💎 2025-08-03 17:50:54,126 - WARNING - Bot is dead! Resurrection attempt #402 💎
💎 2025-08-03 17:50:54,126 - WARNING - Bot has died! RESURRECTING... 💎
💎 2025-08-03 17:50:58,953 - INFO - IMMORTAL STATUS: Bot restarts: 402 💎
💎 2025-08-03 17:51:04,127 - INFO - Starting IMMORTAL Discord Community Global Launcher... 💎
💎 2025-08-03 17:51:04,136 - INFO - IMMORTAL Discord bot started with PID: 8560 💎
💎 2025-08-03 17:51:04,137 - INFO - RESURRECTION SUCCESSFUL! Restart #402 💎
💎 2025-08-03 17:51:04,138 - INFO - Resurrection successful! Guardian continues... 💎
💎 2025-08-03 17:51:34,139 - WARNING - Bot is dead! Resurrection attempt #403 💎
💎 2025-08-03 17:51:34,139 - WARNING - Bot has died! RESURRECTING... 💎
💎 2025-08-03 17:51:44,140 - INFO - Starting IMMORTAL Discord Community Global Launcher... 💎
💎 2025-08-03 17:51:44,149 - INFO - IMMORTAL Discord bot started with PID: 14296 💎
💎 2025-08-03 17:51:44,151 - INFO - RESURRECTION SUCCESSFUL! Restart #403 💎
💎 2025-08-03 17:51:44,152 - INFO - Resurrection successful! Guardian continues... 💎
💎 2025-08-03 17:51:58,954 - INFO - IMMORTAL STATUS: Bot restarts: 403 💎
💎 2025-08-03 17:52:14,152 - WARNING - Bot is dead! Resurrection attempt #404 💎
💎 2025-08-03 17:52:14,153 - WARNING - Bot has died! RESURRECTING... 💎
💎 2025-08-03 17:52:24,154 - INFO - Starting IMMORTAL Discord Community Global Launcher... 💎
💎 2025-08-03 17:52:24,163 - INFO - IMMORTAL Discord bot started with PID: 5592 💎
💎 2025-08-03 17:52:24,164 - INFO - RESURRECTION SUCCESSFUL! Restart #404 💎
💎 2025-08-03 17:52:24,165 - INFO - Resurrection successful! Guardian continues... 💎
💎 2025-08-03 17:52:54,166 - WARNING - Bot is dead! Resurrection attempt #405 💎
💎 2025-08-03 17:52:54,166 - WARNING - Bot has died! RESURRECTING... 💎
💎 2025-08-03 17:52:58,955 - INFO - IMMORTAL STATUS: Bot restarts: 405 💎
💎 2025-08-03 17:53:04,167 - INFO - Starting IMMORTAL Discord Community Global Launcher... 💎
💎 2025-08-03 17:53:04,176 - INFO - IMMORTAL Discord bot started with PID: 1836 💎
💎 2025-08-03 17:53:04,178 - INFO - RESURRECTION SUCCESSFUL! Restart #405 💎
💎 2025-08-03 17:53:04,179 - INFO - Resurrection successful! Guardian continues... 💎
💎 2025-08-03 17:53:34,181 - WARNING - Bot is dead! Resurrection attempt #406 💎
💎 2025-08-03 17:53:34,181 - WARNING - Bot has died! RESURRECTING... 💎
💎 2025-08-03 17:53:44,182 - INFO - Starting IMMORTAL Discord Community Global Launcher... 💎
💎 2025-08-03 17:53:44,191 - INFO - IMMORTAL Discord bot started with PID: 11244 💎
💎 2025-08-03 17:53:44,193 - INFO - RESURRECTION SUCCESSFUL! Restart #406 💎
💎 2025-08-03 17:53:44,193 - INFO - Resurrection successful! Guardian continues... 💎
💎 2025-08-03 17:53:58,956 - INFO - IMMORTAL STATUS: Bot restarts: 406 💎
💎 2025-08-03 17:54:14,194 - WARNING - Bot is dead! Resurrection attempt #407 💎
💎 2025-08-03 17:54:14,195 - WARNING - Bot has died! RESURRECTING... 💎
💎 2025-08-03 17:54:24,196 - INFO - Starting IMMORTAL Discord Community Global Launcher... 💎
💎 2025-08-03 17:54:24,203 - INFO - IMMORTAL Discord bot started with PID: 7080 💎
💎 2025-08-03 17:54:24,205 - INFO - RESURRECTION SUCCESSFUL! Restart #407 💎
💎 2025-08-03 17:54:24,205 - INFO - Resurrection successful! Guardian continues... 💎
💎 2025-08-03 17:54:54,207 - WARNING - Bot is dead! Resurrection attempt #408 💎
💎 2025-08-03 17:54:54,207 - WARNING - Bot has died! RESURRECTING... 💎
💎 2025-08-03 17:54:58,957 - INFO - IMMORTAL STATUS: Bot restarts: 408 💎
💎 2025-08-03 17:55:04,208 - INFO - Starting IMMORTAL Discord Community Global Launcher... 💎
💎 2025-08-03 17:55:04,217 - INFO - IMMORTAL Discord bot started with PID: 5248 💎
💎 2025-08-03 17:55:04,219 - INFO - RESURRECTION SUCCESSFUL! Restart #408 💎
💎 2025-08-03 17:55:04,220 - INFO - Resurrection successful! Guardian continues... 💎
💎 2025-08-03 17:55:34,221 - WARNING - Bot is dead! Resurrection attempt #409 💎
💎 2025-08-03 17:55:34,221 - WARNING - Bot has died! RESURRECTING... 💎
💎 2025-08-03 17:55:44,222 - INFO - Starting IMMORTAL Discord Community Global Launcher... 💎
💎 2025-08-03 17:55:44,229 - INFO - IMMORTAL Discord bot started with PID: 8876 💎
💎 2025-08-03 17:55:44,231 - INFO - RESURRECTION SUCCESSFUL! Restart #409 💎
💎 2025-08-03 17:55:44,232 - INFO - Resurrection successful! Guardian continues... 💎
💎 2025-08-03 17:55:58,958 - INFO - IMMORTAL STATUS: Bot restarts: 409 💎
💎 2025-08-03 17:56:14,234 - WARNING - Bot is dead! Resurrection attempt #410 💎
💎 2025-08-03 17:56:14,234 - WARNING - Bot has died! RESURRECTING... 💎
💎 2025-08-03 17:56:24,235 - INFO - Starting IMMORTAL Discord Community Global Launcher... 💎
💎 2025-08-03 17:56:24,244 - INFO - IMMORTAL Discord bot started with PID: 17968 💎
💎 2025-08-03 17:56:24,245 - INFO - RESURRECTION SUCCESSFUL! Restart #410 💎
💎 2025-08-03 17:56:24,245 - INFO - Resurrection successful! Guardian continues... 💎
💎 2025-08-03 17:56:54,246 - WARNING - Bot is dead! Resurrection attempt #411 💎
💎 2025-08-03 17:56:54,246 - WARNING - Bot has died! RESURRECTING... 💎
💎 2025-08-03 17:56:58,959 - INFO - IMMORTAL STATUS: Bot restarts: 411 💎
💎 2025-08-03 17:57:04,247 - INFO - Starting IMMORTAL Discord Community Global Launcher... 💎
💎 2025-08-03 17:57:04,254 - INFO - IMMORTAL Discord bot started with PID: 16132 💎
💎 2025-08-03 17:57:04,255 - INFO - RESURRECTION SUCCESSFUL! Restart #411 💎
💎 2025-08-03 17:57:04,256 - INFO - Resurrection successful! Guardian continues... 💎
💎 2025-08-03 17:57:34,257 - WARNING - Bot is dead! Resurrection attempt #412 💎
💎 2025-08-03 17:57:34,257 - WARNING - Bot has died! RESURRECTING... 💎
💎 2025-08-03 17:57:44,258 - INFO - Starting IMMORTAL Discord Community Global Launcher... 💎
💎 2025-08-03 17:57:44,267 - INFO - IMMORTAL Discord bot started with PID: 17992 💎
💎 2025-08-03 17:57:44,268 - INFO - RESURRECTION SUCCESSFUL! Restart #412 💎
💎 2025-08-03 17:57:44,269 - INFO - Resurrection successful! Guardian continues... 💎
💎 2025-08-03 17:57:58,960 - INFO - IMMORTAL STATUS: Bot restarts: 412 💎
💎 2025-08-03 17:58:14,269 - WARNING - Bot is dead! Resurrection attempt #413 💎
💎 2025-08-03 17:58:14,270 - WARNING - Bot has died! RESURRECTING... 💎
💎 2025-08-03 17:58:24,270 - INFO - Starting IMMORTAL Discord Community Global Launcher... 💎
💎 2025-08-03 17:58:24,279 - INFO - IMMORTAL Discord bot started with PID: 2076 💎
💎 2025-08-03 17:58:24,281 - INFO - RESURRECTION SUCCESSFUL! Restart #413 💎
💎 2025-08-03 17:58:24,281 - INFO - Resurrection successful! Guardian continues... 💎
💎 2025-08-03 17:58:54,282 - WARNING - Bot is dead! Resurrection attempt #414 💎
💎 2025-08-03 17:58:54,282 - WARNING - Bot has died! RESURRECTING... 💎
💎 2025-08-03 17:58:58,960 - INFO - IMMORTAL STATUS: Bot restarts: 414 💎
💎 2025-08-03 17:59:04,283 - INFO - Starting IMMORTAL Discord Community Global Launcher... 💎
💎 2025-08-03 17:59:04,291 - INFO - IMMORTAL Discord bot started with PID: 9632 💎
💎 2025-08-03 17:59:04,292 - INFO - RESURRECTION SUCCESSFUL! Restart #414 💎
💎 2025-08-03 17:59:04,293 - INFO - Resurrection successful! Guardian continues... 💎
💎 2025-08-03 17:59:34,294 - WARNING - Bot is dead! Resurrection attempt #415 💎
💎 2025-08-03 17:59:34,294 - WARNING - Bot has died! RESURRECTING... 💎
💎 2025-08-03 17:59:44,295 - INFO - Starting IMMORTAL Discord Community Global Launcher... 💎
💎 2025-08-03 17:59:44,303 - INFO - IMMORTAL Discord bot started with PID: 19396 💎
💎 2025-08-03 17:59:44,305 - INFO - RESURRECTION SUCCESSFUL! Restart #415 💎
💎 2025-08-03 17:59:44,305 - INFO - Resurrection successful! Guardian continues... 💎
💎 2025-08-03 17:59:58,961 - INFO - IMMORTAL STATUS: Bot restarts: 415 💎
💎 2025-08-03 18:00:14,306 - WARNING - Bot is dead! Resurrection attempt #416 💎
💎 2025-08-03 18:00:14,306 - WARNING - Bot has died! RESURRECTING... 💎
💎 2025-08-03 18:00:24,307 - INFO - Starting IMMORTAL Discord Community Global Launcher... 💎
💎 2025-08-03 18:00:24,313 - INFO - IMMORTAL Discord bot started with PID: 14916 💎
💎 2025-08-03 18:00:24,315 - INFO - RESURRECTION SUCCESSFUL! Restart #416 💎
💎 2025-08-03 18:00:24,315 - INFO - Resurrection successful! Guardian continues... 💎
💎 2025-08-03 18:00:54,316 - WARNING - Bot is dead! Resurrection attempt #417 💎
💎 2025-08-03 18:00:54,317 - WARNING - Bot has died! RESURRECTING... 💎
💎 2025-08-03 18:00:58,962 - INFO - IMMORTAL STATUS: Bot restarts: 417 💎
💎 2025-08-03 18:01:04,318 - INFO - Starting IMMORTAL Discord Community Global Launcher... 💎
💎 2025-08-03 18:01:04,325 - INFO - IMMORTAL Discord bot started with PID: 1472 💎
💎 2025-08-03 18:01:04,327 - INFO - RESURRECTION SUCCESSFUL! Restart #417 💎
💎 2025-08-03 18:01:04,327 - INFO - Resurrection successful! Guardian continues... 💎
💎 2025-08-03 18:01:34,328 - WARNING - Bot is dead! Resurrection attempt #418 💎
💎 2025-08-03 18:01:34,328 - WARNING - Bot has died! RESURRECTING... 💎
💎 2025-08-03 18:01:44,329 - INFO - Starting IMMORTAL Discord Community Global Launcher... 💎
💎 2025-08-03 18:01:44,337 - INFO - IMMORTAL Discord bot started with PID: 20052 💎
💎 2025-08-03 18:01:44,338 - INFO - RESURRECTION SUCCESSFUL! Restart #418 💎
💎 2025-08-03 18:01:44,339 - INFO - Resurrection successful! Guardian continues... 💎
💎 2025-08-03 18:01:58,963 - INFO - IMMORTAL STATUS: Bot restarts: 418 💎
💎 2025-08-03 18:02:14,340 - WARNING - Bot is dead! Resurrection attempt #419 💎
💎 2025-08-03 18:02:14,340 - WARNING - Bot has died! RESURRECTING... 💎
💎 2025-08-03 18:02:24,341 - INFO - Starting IMMORTAL Discord Community Global Launcher... 💎
💎 2025-08-03 18:02:24,348 - INFO - IMMORTAL Discord bot started with PID: 19884 💎
💎 2025-08-03 18:02:24,350 - INFO - RESURRECTION SUCCESSFUL! Restart #419 💎
💎 2025-08-03 18:02:24,351 - INFO - Resurrection successful! Guardian continues... 💎
💎 2025-08-03 18:02:54,352 - WARNING - Bot is dead! Resurrection attempt #420 💎
💎 2025-08-03 18:02:54,353 - WARNING - Bot has died! RESURRECTING... 💎
💎 2025-08-03 18:02:58,963 - INFO - IMMORTAL STATUS: Bot restarts: 420 💎
💎 2025-08-03 18:03:04,353 - INFO - Starting IMMORTAL Discord Community Global Launcher... 💎
💎 2025-08-03 18:03:04,360 - INFO - IMMORTAL Discord bot started with PID: 10036 💎
💎 2025-08-03 18:03:04,361 - INFO - RESURRECTION SUCCESSFUL! Restart #420 💎
💎 2025-08-03 18:03:04,362 - INFO - Resurrection successful! Guardian continues... 💎
💎 2025-08-03 18:03:34,362 - WARNING - Bot is dead! Resurrection attempt #421 💎
💎 2025-08-03 18:03:34,363 - WARNING - Bot has died! RESURRECTING... 💎
💎 2025-08-03 18:03:44,363 - INFO - Starting IMMORTAL Discord Community Global Launcher... 💎
💎 2025-08-03 18:03:44,371 - INFO - IMMORTAL Discord bot started with PID: 19472 💎
💎 2025-08-03 18:03:44,372 - INFO - RESURRECTION SUCCESSFUL! Restart #421 💎
💎 2025-08-03 18:03:44,373 - INFO - Resurrection successful! Guardian continues... 💎
💎 2025-08-03 18:03:58,964 - INFO - IMMORTAL STATUS: Bot restarts: 421 💎
💎 2025-08-03 18:04:14,374 - WARNING - Bot is dead! Resurrection attempt #422 💎
💎 2025-08-03 18:04:14,374 - WARNING - Bot has died! RESURRECTING... 💎
💎 2025-08-03 18:04:24,375 - INFO - Starting IMMORTAL Discord Community Global Launcher... 💎
💎 2025-08-03 18:04:24,383 - INFO - IMMORTAL Discord bot started with PID: 4648 💎
💎 2025-08-03 18:04:24,384 - INFO - RESURRECTION SUCCESSFUL! Restart #422 💎
💎 2025-08-03 18:04:24,385 - INFO - Resurrection successful! Guardian continues... 💎
💎 2025-08-03 18:04:54,386 - WARNING - Bot is dead! Resurrection attempt #423 💎
💎 2025-08-03 18:04:54,386 - WARNING - Bot has died! RESURRECTING... 💎
💎 2025-08-03 18:04:58,965 - INFO - IMMORTAL STATUS: Bot restarts: 423 💎
💎 2025-08-03 18:05:04,387 - INFO - Starting IMMORTAL Discord Community Global Launcher... 💎
💎 2025-08-03 18:05:04,395 - INFO - IMMORTAL Discord bot started with PID: 12020 💎
💎 2025-08-03 18:05:04,397 - INFO - RESURRECTION SUCCESSFUL! Restart #423 💎
💎 2025-08-03 18:05:04,397 - INFO - Resurrection successful! Guardian continues... 💎
💎 2025-08-03 18:05:34,398 - WARNING - Bot is dead! Resurrection attempt #424 💎
💎 2025-08-03 18:05:34,399 - WARNING - Bot has died! RESURRECTING... 💎
💎 2025-08-03 18:05:44,400 - INFO - Starting IMMORTAL Discord Community Global Launcher... 💎
💎 2025-08-03 18:05:44,407 - INFO - IMMORTAL Discord bot started with PID: 6420 💎
💎 2025-08-03 18:05:44,409 - INFO - RESURRECTION SUCCESSFUL! Restart #424 💎
💎 2025-08-03 18:05:44,409 - INFO - Resurrection successful! Guardian continues... 💎
💎 2025-08-03 18:05:58,965 - INFO - IMMORTAL STATUS: Bot restarts: 424 💎
💎 2025-08-03 18:06:14,410 - WARNING - Bot is dead! Resurrection attempt #425 💎
💎 2025-08-03 18:06:14,410 - WARNING - Bot has died! RESURRECTING... 💎
💎 2025-08-03 18:06:24,411 - INFO - Starting IMMORTAL Discord Community Global Launcher... 💎
💎 2025-08-03 18:06:24,421 - INFO - IMMORTAL Discord bot started with PID: 19708 💎
💎 2025-08-03 18:06:24,423 - INFO - RESURRECTION SUCCESSFUL! Restart #425 💎
💎 2025-08-03 18:06:24,423 - INFO - Resurrection successful! Guardian continues... 💎
💎 2025-08-03 18:06:54,425 - WARNING - Bot is dead! Resurrection attempt #426 💎
💎 2025-08-03 18:06:54,425 - WARNING - Bot has died! RESURRECTING... 💎
💎 2025-08-03 18:06:58,966 - INFO - IMMORTAL STATUS: Bot restarts: 426 💎
💎 2025-08-03 18:07:04,426 - INFO - Starting IMMORTAL Discord Community Global Launcher... 💎
💎 2025-08-03 18:07:04,433 - INFO - IMMORTAL Discord bot started with PID: 1836 💎
💎 2025-08-03 18:07:04,434 - INFO - RESURRECTION SUCCESSFUL! Restart #426 💎
💎 2025-08-03 18:07:04,435 - INFO - Resurrection successful! Guardian continues... 💎
💎 2025-08-03 18:07:34,436 - WARNING - Bot is dead! Resurrection attempt #427 💎
💎 2025-08-03 18:07:34,437 - WARNING - Bot has died! RESURRECTING... 💎
💎 2025-08-03 18:07:44,437 - INFO - Starting IMMORTAL Discord Community Global Launcher... 💎
💎 2025-08-03 18:07:44,445 - INFO - IMMORTAL Discord bot started with PID: 20032 💎
💎 2025-08-03 18:07:44,447 - INFO - RESURRECTION SUCCESSFUL! Restart #427 💎
💎 2025-08-03 18:07:44,448 - INFO - Resurrection successful! Guardian continues... 💎
💎 2025-08-03 18:07:58,970 - INFO - IMMORTAL STATUS: Bot restarts: 427 💎
💎 2025-08-03 18:08:14,449 - WARNING - Bot is dead! Resurrection attempt #428 💎
💎 2025-08-03 18:08:14,449 - WARNING - Bot has died! RESURRECTING... 💎
💎 2025-08-03 18:08:24,450 - INFO - Starting IMMORTAL Discord Community Global Launcher... 💎
💎 2025-08-03 18:08:24,459 - INFO - IMMORTAL Discord bot started with PID: 19884 💎
💎 2025-08-03 18:08:24,461 - INFO - RESURRECTION SUCCESSFUL! Restart #428 💎
💎 2025-08-03 18:08:24,462 - INFO - Resurrection successful! Guardian continues... 💎
💎 2025-08-03 18:08:54,463 - WARNING - Bot is dead! Resurrection attempt #429 💎
💎 2025-08-03 18:08:54,464 - WARNING - Bot has died! RESURRECTING... 💎
💎 2025-08-03 18:08:58,982 - INFO - IMMORTAL STATUS: Bot restarts: 429 💎
💎 2025-08-03 18:09:04,464 - INFO - Starting IMMORTAL Discord Community Global Launcher... 💎
💎 2025-08-03 18:09:04,472 - INFO - IMMORTAL Discord bot started with PID: 19448 💎
💎 2025-08-03 18:09:04,473 - INFO - RESURRECTION SUCCESSFUL! Restart #429 💎
💎 2025-08-03 18:09:04,474 - INFO - Resurrection successful! Guardian continues... 💎
💎 2025-08-03 18:09:34,475 - WARNING - Bot is dead! Resurrection attempt #430 💎
💎 2025-08-03 18:09:34,476 - WARNING - Bot has died! RESURRECTING... 💎
💎 2025-08-03 18:09:44,476 - INFO - Starting IMMORTAL Discord Community Global Launcher... 💎
💎 2025-08-03 18:09:44,484 - INFO - IMMORTAL Discord bot started with PID: 20396 💎
💎 2025-08-03 18:09:44,486 - INFO - RESURRECTION SUCCESSFUL! Restart #430 💎
💎 2025-08-03 18:09:44,487 - INFO - Resurrection successful! Guardian continues... 💎
💎 2025-08-03 18:09:58,983 - INFO - IMMORTAL STATUS: Bot restarts: 430 💎
💎 2025-08-03 18:10:14,487 - WARNING - Bot is dead! Resurrection attempt #431 💎
💎 2025-08-03 18:10:14,488 - WARNING - Bot has died! RESURRECTING... 💎
💎 2025-08-03 18:10:24,488 - INFO - Starting IMMORTAL Discord Community Global Launcher... 💎
💎 2025-08-03 18:10:24,497 - INFO - IMMORTAL Discord bot started with PID: 8708 💎
💎 2025-08-03 18:10:24,500 - INFO - RESURRECTION SUCCESSFUL! Restart #431 💎
💎 2025-08-03 18:10:24,501 - INFO - Resurrection successful! Guardian continues... 💎
💎 2025-08-03 18:10:54,502 - WARNING - Bot is dead! Resurrection attempt #432 💎
💎 2025-08-03 18:10:54,503 - WARNING - Bot has died! RESURRECTING... 💎
💎 2025-08-03 18:10:58,984 - INFO - IMMORTAL STATUS: Bot restarts: 432 💎
💎 2025-08-03 18:11:04,503 - INFO - Starting IMMORTAL Discord Community Global Launcher... 💎
💎 2025-08-03 18:11:04,510 - INFO - IMMORTAL Discord bot started with PID: 9468 💎
💎 2025-08-03 18:11:04,511 - INFO - RESURRECTION SUCCESSFUL! Restart #432 💎
💎 2025-08-03 18:11:04,512 - INFO - Resurrection successful! Guardian continues... 💎
💎 2025-08-03 18:11:34,513 - WARNING - Bot is dead! Resurrection attempt #433 💎
💎 2025-08-03 18:11:34,513 - WARNING - Bot has died! RESURRECTING... 💎
💎 2025-08-03 18:11:44,514 - INFO - Starting IMMORTAL Discord Community Global Launcher... 💎
💎 2025-08-03 18:11:44,537 - INFO - IMMORTAL Discord bot started with PID: 4156 💎
💎 2025-08-03 18:11:44,538 - INFO - RESURRECTION SUCCESSFUL! Restart #433 💎
💎 2025-08-03 18:11:44,539 - INFO - Resurrection successful! Guardian continues... 💎
💎 2025-08-03 18:11:58,984 - INFO - IMMORTAL STATUS: Bot restarts: 433 💎
💎 2025-08-03 18:12:14,540 - WARNING - Bot is dead! Resurrection attempt #434 💎
💎 2025-08-03 18:12:14,540 - WARNING - Bot has died! RESURRECTING... 💎
💎 2025-08-03 18:12:24,541 - INFO - Starting IMMORTAL Discord Community Global Launcher... 💎
💎 2025-08-03 18:12:24,549 - INFO - IMMORTAL Discord bot started with PID: 20212 💎
💎 2025-08-03 18:12:24,551 - INFO - RESURRECTION SUCCESSFUL! Restart #434 💎
💎 2025-08-03 18:12:24,552 - INFO - Resurrection successful! Guardian continues... 💎
💎 2025-08-03 18:12:54,553 - WARNING - Bot is dead! Resurrection attempt #435 💎
💎 2025-08-03 18:12:54,554 - WARNING - Bot has died! RESURRECTING... 💎
💎 2025-08-03 18:12:58,985 - INFO - IMMORTAL STATUS: Bot restarts: 435 💎
💎 2025-08-03 18:13:04,554 - INFO - Starting IMMORTAL Discord Community Global Launcher... 💎
💎 2025-08-03 18:13:04,563 - INFO - IMMORTAL Discord bot started with PID: 4044 💎
💎 2025-08-03 18:13:04,565 - INFO - RESURRECTION SUCCESSFUL! Restart #435 💎
💎 2025-08-03 18:13:04,565 - INFO - Resurrection successful! Guardian continues... 💎
💎 2025-08-03 18:13:34,566 - WARNING - Bot is dead! Resurrection attempt #436 💎
💎 2025-08-03 18:13:34,566 - WARNING - Bot has died! RESURRECTING... 💎
💎 2025-08-03 18:13:44,567 - INFO - Starting IMMORTAL Discord Community Global Launcher... 💎
💎 2025-08-03 18:13:44,578 - INFO - IMMORTAL Discord bot started with PID: 20276 💎
💎 2025-08-03 18:13:44,580 - INFO - RESURRECTION SUCCESSFUL! Restart #436 💎
💎 2025-08-03 18:13:44,582 - INFO - Resurrection successful! Guardian continues... 💎
💎 2025-08-03 18:13:58,986 - INFO - IMMORTAL STATUS: Bot restarts: 436 💎
💎 2025-08-03 18:14:14,584 - WARNING - Bot is dead! Resurrection attempt #437 💎
💎 2025-08-03 18:14:14,585 - WARNING - Bot has died! RESURRECTING... 💎
💎 2025-08-03 18:14:24,585 - INFO - Starting IMMORTAL Discord Community Global Launcher... 💎
💎 2025-08-03 18:14:24,594 - INFO - IMMORTAL Discord bot started with PID: 2184 💎
💎 2025-08-03 18:14:24,596 - INFO - RESURRECTION SUCCESSFUL! Restart #437 💎
💎 2025-08-03 18:14:24,596 - INFO - Resurrection successful! Guardian continues... 💎
💎 2025-08-03 18:14:54,597 - WARNING - Bot is dead! Resurrection attempt #438 💎
💎 2025-08-03 18:14:54,597 - WARNING - Bot has died! RESURRECTING... 💎
💎 2025-08-03 18:14:58,987 - INFO - IMMORTAL STATUS: Bot restarts: 438 💎
💎 2025-08-03 18:15:04,598 - INFO - Starting IMMORTAL Discord Community Global Launcher... 💎
💎 2025-08-03 18:15:04,605 - INFO - IMMORTAL Discord bot started with PID: 20144 💎
💎 2025-08-03 18:15:04,607 - INFO - RESURRECTION SUCCESSFUL! Restart #438 💎
💎 2025-08-03 18:15:04,607 - INFO - Resurrection successful! Guardian continues... 💎
💎 2025-08-03 18:15:34,609 - WARNING - Bot is dead! Resurrection attempt #439 💎
💎 2025-08-03 18:15:34,609 - WARNING - Bot has died! RESURRECTING... 💎
💎 2025-08-03 18:15:44,610 - INFO - Starting IMMORTAL Discord Community Global Launcher... 💎
💎 2025-08-03 18:15:44,620 - INFO - IMMORTAL Discord bot started with PID: 5912 💎
💎 2025-08-03 18:15:44,622 - INFO - RESURRECTION SUCCESSFUL! Restart #439 💎
💎 2025-08-03 18:15:44,622 - INFO - Resurrection successful! Guardian continues... 💎
💎 2025-08-03 18:15:58,988 - INFO - IMMORTAL STATUS: Bot restarts: 439 💎
💎 2025-08-03 18:16:14,624 - WARNING - Bot is dead! Resurrection attempt #440 💎
💎 2025-08-03 18:16:14,625 - WARNING - Bot has died! RESURRECTING... 💎
💎 2025-08-03 18:16:24,625 - INFO - Starting IMMORTAL Discord Community Global Launcher... 💎
💎 2025-08-03 18:16:24,633 - INFO - IMMORTAL Discord bot started with PID: 4648 💎
💎 2025-08-03 18:16:24,634 - INFO - RESURRECTION SUCCESSFUL! Restart #440 💎
💎 2025-08-03 18:16:24,634 - INFO - Resurrection successful! Guardian continues... 💎
💎 2025-08-03 18:16:54,636 - WARNING - Bot is dead! Resurrection attempt #441 💎
💎 2025-08-03 18:16:54,636 - WARNING - Bot has died! RESURRECTING... 💎
💎 2025-08-03 18:16:58,988 - INFO - IMMORTAL STATUS: Bot restarts: 441 💎
💎 2025-08-03 18:17:04,638 - INFO - Starting IMMORTAL Discord Community Global Launcher... 💎
💎 2025-08-03 18:17:04,648 - INFO - IMMORTAL Discord bot started with PID: 16828 💎
💎 2025-08-03 18:17:04,649 - INFO - RESURRECTION SUCCESSFUL! Restart #441 💎
💎 2025-08-03 18:17:04,650 - INFO - Resurrection successful! Guardian continues... 💎
💎 2025-08-03 18:17:34,651 - WARNING - Bot is dead! Resurrection attempt #442 💎
💎 2025-08-03 18:17:34,652 - WARNING - Bot has died! RESURRECTING... 💎
💎 2025-08-03 18:17:44,652 - INFO - Starting IMMORTAL Discord Community Global Launcher... 💎
💎 2025-08-03 18:17:44,660 - INFO - IMMORTAL Discord bot started with PID: 12020 💎
💎 2025-08-03 18:17:44,662 - INFO - RESURRECTION SUCCESSFUL! Restart #442 💎
💎 2025-08-03 18:17:44,663 - INFO - Resurrection successful! Guardian continues... 💎
💎 2025-08-03 18:17:58,989 - INFO - IMMORTAL STATUS: Bot restarts: 442 💎
💎 2025-08-03 18:18:14,663 - WARNING - Bot is dead! Resurrection attempt #443 💎
💎 2025-08-03 18:18:14,664 - WARNING - Bot has died! RESURRECTING... 💎
💎 2025-08-03 18:18:24,664 - INFO - Starting IMMORTAL Discord Community Global Launcher... 💎
💎 2025-08-03 18:18:24,673 - INFO - IMMORTAL Discord bot started with PID: 16988 💎
💎 2025-08-03 18:18:24,675 - INFO - RESURRECTION SUCCESSFUL! Restart #443 💎
💎 2025-08-03 18:18:24,675 - INFO - Resurrection successful! Guardian continues... 💎
💎 2025-08-03 18:18:54,676 - WARNING - Bot is dead! Resurrection attempt #444 💎
💎 2025-08-03 18:18:54,677 - WARNING - Bot has died! RESURRECTING... 💎
💎 2025-08-03 18:18:58,990 - INFO - IMMORTAL STATUS: Bot restarts: 444 💎
💎 2025-08-03 18:19:04,677 - INFO - Starting IMMORTAL Discord Community Global Launcher... 💎
💎 2025-08-03 18:19:04,684 - INFO - IMMORTAL Discord bot started with PID: 7828 💎
💎 2025-08-03 18:19:04,685 - INFO - RESURRECTION SUCCESSFUL! Restart #444 💎
💎 2025-08-03 18:19:04,685 - INFO - Resurrection successful! Guardian continues... 💎
💎 2025-08-03 18:19:34,687 - WARNING - Bot is dead! Resurrection attempt #445 💎
💎 2025-08-03 18:19:34,687 - WARNING - Bot has died! RESURRECTING... 💎
💎 2025-08-03 18:19:44,688 - INFO - Starting IMMORTAL Discord Community Global Launcher... 💎
💎 2025-08-03 18:19:44,696 - INFO - IMMORTAL Discord bot started with PID: 8552 💎
💎 2025-08-03 18:19:44,697 - INFO - RESURRECTION SUCCESSFUL! Restart #445 💎
💎 2025-08-03 18:19:44,698 - INFO - Resurrection successful! Guardian continues... 💎
💎 2025-08-03 18:19:58,990 - INFO - IMMORTAL STATUS: Bot restarts: 445 💎
💎 2025-08-03 18:20:14,699 - WARNING - Bot is dead! Resurrection attempt #446 💎
💎 2025-08-03 18:20:14,700 - WARNING - Bot has died! RESURRECTING... 💎
💎 2025-08-03 18:20:24,700 - INFO - Starting IMMORTAL Discord Community Global Launcher... 💎
💎 2025-08-03 18:20:24,709 - INFO - IMMORTAL Discord bot started with PID: 20272 💎
💎 2025-08-03 18:20:24,711 - INFO - RESURRECTION SUCCESSFUL! Restart #446 💎
💎 2025-08-03 18:20:24,712 - INFO - Resurrection successful! Guardian continues... 💎
💎 2025-08-03 18:20:54,713 - WARNING - Bot is dead! Resurrection attempt #447 💎
💎 2025-08-03 18:20:54,714 - WARNING - Bot has died! RESURRECTING... 💎
💎 2025-08-03 18:20:58,991 - INFO - IMMORTAL STATUS: Bot restarts: 447 💎
💎 2025-08-03 18:21:04,714 - INFO - Starting IMMORTAL Discord Community Global Launcher... 💎
💎 2025-08-03 18:21:04,724 - INFO - IMMORTAL Discord bot started with PID: 4688 💎
💎 2025-08-03 18:21:04,726 - INFO - RESURRECTION SUCCESSFUL! Restart #447 💎
💎 2025-08-03 18:21:04,727 - INFO - Resurrection successful! Guardian continues... 💎
💎 2025-08-03 18:21:34,728 - WARNING - Bot is dead! Resurrection attempt #448 💎
💎 2025-08-03 18:21:34,728 - WARNING - Bot has died! RESURRECTING... 💎
💎 2025-08-03 18:21:44,729 - INFO - Starting IMMORTAL Discord Community Global Launcher... 💎
💎 2025-08-03 18:21:44,736 - INFO - IMMORTAL Discord bot started with PID: 4044 💎
💎 2025-08-03 18:21:44,737 - INFO - RESURRECTION SUCCESSFUL! Restart #448 💎
💎 2025-08-03 18:21:44,737 - INFO - Resurrection successful! Guardian continues... 💎
💎 2025-08-03 18:21:58,992 - INFO - IMMORTAL STATUS: Bot restarts: 448 💎
💎 2025-08-03 18:22:14,738 - WARNING - Bot is dead! Resurrection attempt #449 💎
💎 2025-08-03 18:22:14,739 - WARNING - Bot has died! RESURRECTING... 💎
💎 2025-08-03 18:22:24,740 - INFO - Starting IMMORTAL Discord Community Global Launcher... 💎
💎 2025-08-03 18:22:24,749 - INFO - IMMORTAL Discord bot started with PID: 20476 💎
💎 2025-08-03 18:22:24,751 - INFO - RESURRECTION SUCCESSFUL! Restart #449 💎
💎 2025-08-03 18:22:24,752 - INFO - Resurrection successful! Guardian continues... 💎
💎 2025-08-03 18:22:54,753 - WARNING - Bot is dead! Resurrection attempt #450 💎
💎 2025-08-03 18:22:54,754 - WARNING - Bot has died! RESURRECTING... 💎
💎 2025-08-03 18:22:58,993 - INFO - IMMORTAL STATUS: Bot restarts: 450 💎
💎 2025-08-03 18:23:04,754 - INFO - Starting IMMORTAL Discord Community Global Launcher... 💎
💎 2025-08-03 18:23:04,765 - INFO - IMMORTAL Discord bot started with PID: 1652 💎
💎 2025-08-03 18:23:04,766 - INFO - RESURRECTION SUCCESSFUL! Restart #450 💎
💎 2025-08-03 18:23:04,767 - INFO - Resurrection successful! Guardian continues... 💎
💎 2025-08-03 18:23:34,768 - WARNING - Bot is dead! Resurrection attempt #451 💎
💎 2025-08-03 18:23:34,768 - WARNING - Bot has died! RESURRECTING... 💎
💎 2025-08-03 18:23:44,769 - INFO - Starting IMMORTAL Discord Community Global Launcher... 💎
💎 2025-08-03 18:23:44,776 - INFO - IMMORTAL Discord bot started with PID: 17224 💎
💎 2025-08-03 18:23:44,778 - INFO - RESURRECTION SUCCESSFUL! Restart #451 💎
💎 2025-08-03 18:23:44,779 - INFO - Resurrection successful! Guardian continues... 💎
💎 2025-08-03 18:23:58,994 - INFO - IMMORTAL STATUS: Bot restarts: 451 💎
💎 2025-08-03 18:24:14,780 - WARNING - Bot is dead! Resurrection attempt #452 💎
💎 2025-08-03 18:24:14,780 - WARNING - Bot has died! RESURRECTING... 💎
💎 2025-08-03 18:24:24,781 - INFO - Starting IMMORTAL Discord Community Global Launcher... 💎
💎 2025-08-03 18:24:24,792 - INFO - IMMORTAL Discord bot started with PID: 1928 💎
💎 2025-08-03 18:24:24,794 - INFO - RESURRECTION SUCCESSFUL! Restart #452 💎
💎 2025-08-03 18:24:24,795 - INFO - Resurrection successful! Guardian continues... 💎
💎 2025-08-03 18:24:54,796 - WARNING - Bot is dead! Resurrection attempt #453 💎
💎 2025-08-03 18:24:54,796 - WARNING - Bot has died! RESURRECTING... 💎
💎 2025-08-03 18:24:58,994 - INFO - IMMORTAL STATUS: Bot restarts: 453 💎
💎 2025-08-03 18:25:04,797 - INFO - Starting IMMORTAL Discord Community Global Launcher... 💎
💎 2025-08-03 18:25:04,805 - INFO - IMMORTAL Discord bot started with PID: 19976 💎
💎 2025-08-03 18:25:04,807 - INFO - RESURRECTION SUCCESSFUL! Restart #453 💎
💎 2025-08-03 18:25:04,807 - INFO - Resurrection successful! Guardian continues... 💎
💎 2025-08-03 18:25:34,808 - WARNING - Bot is dead! Resurrection attempt #454 💎
💎 2025-08-03 18:25:34,809 - WARNING - Bot has died! RESURRECTING... 💎
💎 2025-08-03 18:25:44,810 - INFO - Starting IMMORTAL Discord Community Global Launcher... 💎
💎 2025-08-03 18:25:44,817 - INFO - IMMORTAL Discord bot started with PID: 8444 💎
💎 2025-08-03 18:25:44,819 - INFO - RESURRECTION SUCCESSFUL! Restart #454 💎
💎 2025-08-03 18:25:44,819 - INFO - Resurrection successful! Guardian continues... 💎
💎 2025-08-03 18:25:58,995 - INFO - IMMORTAL STATUS: Bot restarts: 454 💎
💎 2025-08-03 18:26:14,820 - WARNING - Bot is dead! Resurrection attempt #455 💎
💎 2025-08-03 18:26:14,821 - WARNING - Bot has died! RESURRECTING... 💎
💎 2025-08-03 18:26:24,822 - INFO - Starting IMMORTAL Discord Community Global Launcher... 💎
💎 2025-08-03 18:26:24,830 - INFO - IMMORTAL Discord bot started with PID: 18056 💎
💎 2025-08-03 18:26:24,832 - INFO - RESURRECTION SUCCESSFUL! Restart #455 💎
💎 2025-08-03 18:26:24,832 - INFO - Resurrection successful! Guardian continues... 💎
💎 2025-08-03 18:26:54,833 - WARNING - Bot is dead! Resurrection attempt #456 💎
💎 2025-08-03 18:26:54,834 - WARNING - Bot has died! RESURRECTING... 💎
💎 2025-08-03 18:26:58,996 - INFO - IMMORTAL STATUS: Bot restarts: 456 💎
💎 2025-08-03 18:27:04,835 - INFO - Starting IMMORTAL Discord Community Global Launcher... 💎
💎 2025-08-03 18:27:04,843 - INFO - IMMORTAL Discord bot started with PID: 1472 💎
💎 2025-08-03 18:27:04,845 - INFO - RESURRECTION SUCCESSFUL! Restart #456 💎
💎 2025-08-03 18:27:04,846 - INFO - Resurrection successful! Guardian continues... 💎
💎 2025-08-03 18:27:34,847 - WARNING - Bot is dead! Resurrection attempt #457 💎
💎 2025-08-03 18:27:34,847 - WARNING - Bot has died! RESURRECTING... 💎
💎 2025-08-03 18:27:44,848 - INFO - Starting IMMORTAL Discord Community Global Launcher... 💎
💎 2025-08-03 18:27:44,856 - INFO - IMMORTAL Discord bot started with PID: 12416 💎
💎 2025-08-03 18:27:44,858 - INFO - RESURRECTION SUCCESSFUL! Restart #457 💎
💎 2025-08-03 18:27:44,858 - INFO - Resurrection successful! Guardian continues... 💎
💎 2025-08-03 18:27:58,997 - INFO - IMMORTAL STATUS: Bot restarts: 457 💎
💎 2025-08-03 18:28:14,859 - WARNING - Bot is dead! Resurrection attempt #458 💎
💎 2025-08-03 18:28:14,860 - WARNING - Bot has died! RESURRECTING... 💎
💎 2025-08-03 18:28:24,860 - INFO - Starting IMMORTAL Discord Community Global Launcher... 💎
💎 2025-08-03 18:28:24,868 - INFO - IMMORTAL Discord bot started with PID: 8472 💎
💎 2025-08-03 18:28:24,870 - INFO - RESURRECTION SUCCESSFUL! Restart #458 💎
💎 2025-08-03 18:28:24,870 - INFO - Resurrection successful! Guardian continues... 💎
💎 2025-08-03 18:28:54,872 - WARNING - Bot is dead! Resurrection attempt #459 💎
💎 2025-08-03 18:28:54,872 - WARNING - Bot has died! RESURRECTING... 💎
💎 2025-08-03 18:28:58,998 - INFO - IMMORTAL STATUS: Bot restarts: 459 💎
💎 2025-08-03 18:29:04,873 - INFO - Starting IMMORTAL Discord Community Global Launcher... 💎
💎 2025-08-03 18:29:04,881 - INFO - IMMORTAL Discord bot started with PID: 8276 💎
💎 2025-08-03 18:29:04,883 - INFO - RESURRECTION SUCCESSFUL! Restart #459 💎
💎 2025-08-03 18:29:04,883 - INFO - Resurrection successful! Guardian continues... 💎
💎 2025-08-03 18:29:34,884 - WARNING - Bot is dead! Resurrection attempt #460 💎
💎 2025-08-03 18:29:34,885 - WARNING - Bot has died! RESURRECTING... 💎
💎 2025-08-03 18:29:44,889 - INFO - Starting IMMORTAL Discord Community Global Launcher... 💎
💎 2025-08-03 18:29:44,896 - INFO - IMMORTAL Discord bot started with PID: 6060 💎
💎 2025-08-03 18:29:44,898 - INFO - RESURRECTION SUCCESSFUL! Restart #460 💎
💎 2025-08-03 18:29:44,898 - INFO - Resurrection successful! Guardian continues... 💎
💎 2025-08-03 18:29:58,999 - INFO - IMMORTAL STATUS: Bot restarts: 460 💎
💎 2025-08-03 18:30:14,899 - WARNING - Bot is dead! Resurrection attempt #461 💎
💎 2025-08-03 18:30:14,900 - WARNING - Bot has died! RESURRECTING... 💎
💎 2025-08-03 18:30:24,900 - INFO - Starting IMMORTAL Discord Community Global Launcher... 💎
💎 2025-08-03 18:30:24,907 - INFO - IMMORTAL Discord bot started with PID: 19708 💎
💎 2025-08-03 18:30:24,909 - INFO - RESURRECTION SUCCESSFUL! Restart #461 💎
💎 2025-08-03 18:30:24,909 - INFO - Resurrection successful! Guardian continues... 💎
💎 2025-08-03 18:30:54,910 - WARNING - Bot is dead! Resurrection attempt #462 💎
💎 2025-08-03 18:30:54,911 - WARNING - Bot has died! RESURRECTING... 💎
💎 2025-08-03 18:30:59,000 - INFO - IMMORTAL STATUS: Bot restarts: 462 💎
💎 2025-08-03 18:31:04,911 - INFO - Starting IMMORTAL Discord Community Global Launcher... 💎
💎 2025-08-03 18:31:04,920 - INFO - IMMORTAL Discord bot started with PID: 5916 💎
💎 2025-08-03 18:31:04,921 - INFO - RESURRECTION SUCCESSFUL! Restart #462 💎
💎 2025-08-03 18:31:04,922 - INFO - Resurrection successful! Guardian continues... 💎
💎 2025-08-03 18:31:34,922 - WARNING - Bot is dead! Resurrection attempt #463 💎
💎 2025-08-03 18:31:34,923 - WARNING - Bot has died! RESURRECTING... 💎
💎 2025-08-03 18:31:44,924 - INFO - Starting IMMORTAL Discord Community Global Launcher... 💎
💎 2025-08-03 18:31:44,933 - INFO - IMMORTAL Discord bot started with PID: 12436 💎
💎 2025-08-03 18:31:44,935 - INFO - RESURRECTION SUCCESSFUL! Restart #463 💎
💎 2025-08-03 18:31:44,936 - INFO - Resurrection successful! Guardian continues... 💎
💎 2025-08-03 18:31:59,001 - INFO - IMMORTAL STATUS: Bot restarts: 463 💎
💎 2025-08-03 18:32:14,937 - WARNING - Bot is dead! Resurrection attempt #464 💎
💎 2025-08-03 18:32:14,937 - WARNING - Bot has died! RESURRECTING... 💎
💎 2025-08-03 18:32:24,938 - INFO - Starting IMMORTAL Discord Community Global Launcher... 💎
💎 2025-08-03 18:32:24,945 - INFO - IMMORTAL Discord bot started with PID: 18964 💎
💎 2025-08-03 18:32:24,947 - INFO - RESURRECTION SUCCESSFUL! Restart #464 💎
💎 2025-08-03 18:32:24,948 - INFO - Resurrection successful! Guardian continues... 💎
💎 2025-08-03 18:32:54,950 - WARNING - Bot is dead! Resurrection attempt #465 💎
💎 2025-08-03 18:32:54,950 - WARNING - Bot has died! RESURRECTING... 💎
💎 2025-08-03 18:32:59,002 - INFO - IMMORTAL STATUS: Bot restarts: 465 💎
💎 2025-08-03 18:33:04,951 - INFO - Starting IMMORTAL Discord Community Global Launcher... 💎
💎 2025-08-03 18:33:04,958 - INFO - IMMORTAL Discord bot started with PID: 15376 💎
💎 2025-08-03 18:33:04,959 - INFO - RESURRECTION SUCCESSFUL! Restart #465 💎
💎 2025-08-03 18:33:04,961 - INFO - Resurrection successful! Guardian continues... 💎
💎 2025-08-03 18:33:34,962 - WARNING - Bot is dead! Resurrection attempt #466 💎
💎 2025-08-03 18:33:34,963 - WARNING - Bot has died! RESURRECTING... 💎
💎 2025-08-03 18:33:44,963 - INFO - Starting IMMORTAL Discord Community Global Launcher... 💎
💎 2025-08-03 18:33:44,972 - INFO - IMMORTAL Discord bot started with PID: 16504 💎
💎 2025-08-03 18:33:44,974 - INFO - RESURRECTION SUCCESSFUL! Restart #466 💎
💎 2025-08-03 18:33:44,974 - INFO - Resurrection successful! Guardian continues... 💎
💎 2025-08-03 18:33:59,003 - INFO - IMMORTAL STATUS: Bot restarts: 466 💎
💎 2025-08-03 18:34:14,976 - WARNING - Bot is dead! Resurrection attempt #467 💎
💎 2025-08-03 18:34:14,976 - WARNING - Bot has died! RESURRECTING... 💎
💎 2025-08-03 18:34:24,977 - INFO - Starting IMMORTAL Discord Community Global Launcher... 💎
💎 2025-08-03 18:34:24,985 - INFO - IMMORTAL Discord bot started with PID: 11216 💎
💎 2025-08-03 18:34:24,987 - INFO - RESURRECTION SUCCESSFUL! Restart #467 💎
💎 2025-08-03 18:34:24,988 - INFO - Resurrection successful! Guardian continues... 💎
💎 2025-08-03 18:34:54,989 - WARNING - Bot is dead! Resurrection attempt #468 💎
💎 2025-08-03 18:34:54,989 - WARNING - Bot has died! RESURRECTING... 💎
💎 2025-08-03 18:34:59,003 - INFO - IMMORTAL STATUS: Bot restarts: 468 💎
💎 2025-08-03 18:35:04,989 - INFO - Starting IMMORTAL Discord Community Global Launcher... 💎
💎 2025-08-03 18:35:04,998 - INFO - IMMORTAL Discord bot started with PID: 13200 💎
💎 2025-08-03 18:35:05,001 - INFO - RESURRECTION SUCCESSFUL! Restart #468 💎
💎 2025-08-03 18:35:05,001 - INFO - Resurrection successful! Guardian continues... 💎
💎 2025-08-03 18:35:35,002 - WARNING - Bot is dead! Resurrection attempt #469 💎
💎 2025-08-03 18:35:35,003 - WARNING - Bot has died! RESURRECTING... 💎
💎 2025-08-03 18:35:45,004 - INFO - Starting IMMORTAL Discord Community Global Launcher... 💎
💎 2025-08-03 18:35:45,014 - INFO - IMMORTAL Discord bot started with PID: 5032 💎
💎 2025-08-03 18:35:45,015 - INFO - RESURRECTION SUCCESSFUL! Restart #469 💎
💎 2025-08-03 18:35:45,016 - INFO - Resurrection successful! Guardian continues... 💎
💎 2025-08-03 18:35:59,005 - INFO - IMMORTAL STATUS: Bot restarts: 469 💎
💎 2025-08-03 18:36:15,017 - WARNING - Bot is dead! Resurrection attempt #470 💎
💎 2025-08-03 18:36:15,017 - WARNING - Bot has died! RESURRECTING... 💎
💎 2025-08-03 18:36:25,018 - INFO - Starting IMMORTAL Discord Community Global Launcher... 💎
💎 2025-08-03 18:36:25,026 - INFO - IMMORTAL Discord bot started with PID: 15684 💎
💎 2025-08-03 18:36:25,028 - INFO - RESURRECTION SUCCESSFUL! Restart #470 💎
💎 2025-08-03 18:36:25,028 - INFO - Resurrection successful! Guardian continues... 💎
💎 2025-08-03 18:36:55,029 - WARNING - Bot is dead! Resurrection attempt #471 💎
💎 2025-08-03 18:36:55,029 - WARNING - Bot has died! RESURRECTING... 💎
💎 2025-08-03 18:36:59,005 - INFO - IMMORTAL STATUS: Bot restarts: 471 💎
💎 2025-08-03 18:37:05,030 - INFO - Starting IMMORTAL Discord Community Global Launcher... 💎
💎 2025-08-03 18:37:05,039 - INFO - IMMORTAL Discord bot started with PID: 20256 💎
💎 2025-08-03 18:37:05,040 - INFO - RESURRECTION SUCCESSFUL! Restart #471 💎
💎 2025-08-03 18:37:05,041 - INFO - Resurrection successful! Guardian continues... 💎
💎 2025-08-03 18:37:35,041 - WARNING - Bot is dead! Resurrection attempt #472 💎
💎 2025-08-03 18:37:35,042 - WARNING - Bot has died! RESURRECTING... 💎
💎 2025-08-03 18:37:45,043 - INFO - Starting IMMORTAL Discord Community Global Launcher... 💎
💎 2025-08-03 18:37:45,052 - INFO - IMMORTAL Discord bot started with PID: 2108 💎
💎 2025-08-03 18:37:45,054 - INFO - RESURRECTION SUCCESSFUL! Restart #472 💎
💎 2025-08-03 18:37:45,055 - INFO - Resurrection successful! Guardian continues... 💎
💎 2025-08-03 18:37:59,006 - INFO - IMMORTAL STATUS: Bot restarts: 472 💎
💎 2025-08-03 18:38:15,057 - WARNING - Bot is dead! Resurrection attempt #473 💎
💎 2025-08-03 18:38:15,058 - WARNING - Bot has died! RESURRECTING... 💎
💎 2025-08-03 18:38:25,059 - INFO - Starting IMMORTAL Discord Community Global Launcher... 💎
💎 2025-08-03 18:38:25,069 - INFO - IMMORTAL Discord bot started with PID: 20272 💎
💎 2025-08-03 18:38:25,070 - INFO - RESURRECTION SUCCESSFUL! Restart #473 💎
💎 2025-08-03 18:38:25,071 - INFO - Resurrection successful! Guardian continues... 💎
💎 2025-08-03 18:38:55,071 - WARNING - Bot is dead! Resurrection attempt #474 💎
💎 2025-08-03 18:38:55,072 - WARNING - Bot has died! RESURRECTING... 💎
💎 2025-08-03 18:38:59,007 - INFO - IMMORTAL STATUS: Bot restarts: 474 💎
💎 2025-08-03 18:39:05,072 - INFO - Starting IMMORTAL Discord Community Global Launcher... 💎
💎 2025-08-03 18:39:05,078 - INFO - IMMORTAL Discord bot started with PID: 20032 💎
💎 2025-08-03 18:39:05,079 - INFO - RESURRECTION SUCCESSFUL! Restart #474 💎
💎 2025-08-03 18:39:05,080 - INFO - Resurrection successful! Guardian continues... 💎
💎 2025-08-03 18:39:35,081 - WARNING - Bot is dead! Resurrection attempt #475 💎
💎 2025-08-03 18:39:35,081 - WARNING - Bot has died! RESURRECTING... 💎
💎 2025-08-03 18:39:45,082 - INFO - Starting IMMORTAL Discord Community Global Launcher... 💎
💎 2025-08-03 18:39:45,090 - INFO - IMMORTAL Discord bot started with PID: 3532 💎
💎 2025-08-03 18:39:45,092 - INFO - RESURRECTION SUCCESSFUL! Restart #475 💎
💎 2025-08-03 18:39:45,092 - INFO - Resurrection successful! Guardian continues... 💎
💎 2025-08-03 18:39:59,015 - INFO - IMMORTAL STATUS: Bot restarts: 475 💎
💎 2025-08-03 18:40:15,093 - WARNING - Bot is dead! Resurrection attempt #476 💎
💎 2025-08-03 18:40:15,094 - WARNING - Bot has died! RESURRECTING... 💎
💎 2025-08-03 18:40:25,094 - INFO - Starting IMMORTAL Discord Community Global Launcher... 💎
💎 2025-08-03 18:40:25,103 - INFO - IMMORTAL Discord bot started with PID: 14876 💎
💎 2025-08-03 18:40:25,105 - INFO - RESURRECTION SUCCESSFUL! Restart #476 💎
💎 2025-08-03 18:40:25,106 - INFO - Resurrection successful! Guardian continues... 💎
💎 2025-08-03 18:40:55,107 - WARNING - Bot is dead! Resurrection attempt #477 💎
💎 2025-08-03 18:40:55,108 - WARNING - Bot has died! RESURRECTING... 💎
💎 2025-08-03 18:40:59,016 - INFO - IMMORTAL STATUS: Bot restarts: 477 💎
💎 2025-08-03 18:41:05,109 - INFO - Starting IMMORTAL Discord Community Global Launcher... 💎
💎 2025-08-03 18:41:05,116 - INFO - IMMORTAL Discord bot started with PID: 17964 💎
💎 2025-08-03 18:41:05,118 - INFO - RESURRECTION SUCCESSFUL! Restart #477 💎
💎 2025-08-03 18:41:05,119 - INFO - Resurrection successful! Guardian continues... 💎
💎 2025-08-03 18:41:35,120 - WARNING - Bot is dead! Resurrection attempt #478 💎
💎 2025-08-03 18:41:35,120 - WARNING - Bot has died! RESURRECTING... 💎
💎 2025-08-03 18:41:45,121 - INFO - Starting IMMORTAL Discord Community Global Launcher... 💎
💎 2025-08-03 18:41:45,128 - INFO - IMMORTAL Discord bot started with PID: 15356 💎
💎 2025-08-03 18:41:45,129 - INFO - RESURRECTION SUCCESSFUL! Restart #478 💎
💎 2025-08-03 18:41:45,129 - INFO - Resurrection successful! Guardian continues... 💎
💎 2025-08-03 18:41:59,017 - INFO - IMMORTAL STATUS: Bot restarts: 478 💎
💎 2025-08-03 18:42:15,130 - WARNING - Bot is dead! Resurrection attempt #479 💎
💎 2025-08-03 18:42:15,131 - WARNING - Bot has died! RESURRECTING... 💎
💎 2025-08-03 18:42:25,132 - INFO - Starting IMMORTAL Discord Community Global Launcher... 💎
💎 2025-08-03 18:42:25,142 - INFO - IMMORTAL Discord bot started with PID: 20016 💎
💎 2025-08-03 18:42:25,144 - INFO - RESURRECTION SUCCESSFUL! Restart #479 💎
💎 2025-08-03 18:42:25,144 - INFO - Resurrection successful! Guardian continues... 💎
💎 2025-08-03 18:42:55,145 - WARNING - Bot is dead! Resurrection attempt #480 💎
💎 2025-08-03 18:42:55,146 - WARNING - Bot has died! RESURRECTING... 💎
💎 2025-08-03 18:42:59,018 - INFO - IMMORTAL STATUS: Bot restarts: 480 💎
💎 2025-08-03 18:43:05,146 - INFO - Starting IMMORTAL Discord Community Global Launcher... 💎
💎 2025-08-03 18:43:05,155 - INFO - IMMORTAL Discord bot started with PID: 15480 💎
💎 2025-08-03 18:43:05,156 - INFO - RESURRECTION SUCCESSFUL! Restart #480 💎
💎 2025-08-03 18:43:05,157 - INFO - Resurrection successful! Guardian continues... 💎
💎 2025-08-03 18:43:35,158 - WARNING - Bot is dead! Resurrection attempt #481 💎
💎 2025-08-03 18:43:35,159 - WARNING - Bot has died! RESURRECTING... 💎
💎 2025-08-03 18:43:45,159 - INFO - Starting IMMORTAL Discord Community Global Launcher... 💎
💎 2025-08-03 18:43:45,167 - INFO - IMMORTAL Discord bot started with PID: 10728 💎
💎 2025-08-03 18:43:45,169 - INFO - RESURRECTION SUCCESSFUL! Restart #481 💎
💎 2025-08-03 18:43:45,169 - INFO - Resurrection successful! Guardian continues... 💎
💎 2025-08-03 18:43:59,018 - INFO - IMMORTAL STATUS: Bot restarts: 481 💎
💎 2025-08-03 18:44:15,170 - WARNING - Bot is dead! Resurrection attempt #482 💎
💎 2025-08-03 18:44:15,171 - WARNING - Bot has died! RESURRECTING... 💎
💎 2025-08-03 18:44:25,171 - INFO - Starting IMMORTAL Discord Community Global Launcher... 💎
💎 2025-08-03 18:44:25,178 - INFO - IMMORTAL Discord bot started with PID: 17476 💎
💎 2025-08-03 18:44:25,180 - INFO - RESURRECTION SUCCESSFUL! Restart #482 💎
💎 2025-08-03 18:44:25,180 - INFO - Resurrection successful! Guardian continues... 💎
💎 2025-08-03 18:44:55,181 - WARNING - Bot is dead! Resurrection attempt #483 💎
💎 2025-08-03 18:44:55,182 - WARNING - Bot has died! RESURRECTING... 💎
💎 2025-08-03 18:44:59,019 - INFO - IMMORTAL STATUS: Bot restarts: 483 💎
💎 2025-08-03 18:45:05,182 - INFO - Starting IMMORTAL Discord Community Global Launcher... 💎
💎 2025-08-03 18:45:05,190 - INFO - IMMORTAL Discord bot started with PID: 19404 💎
💎 2025-08-03 18:45:05,191 - INFO - RESURRECTION SUCCESSFUL! Restart #483 💎
💎 2025-08-03 18:45:05,192 - INFO - Resurrection successful! Guardian continues... 💎
💎 2025-08-03 18:45:35,193 - WARNING - Bot is dead! Resurrection attempt #484 💎
💎 2025-08-03 18:45:35,193 - WARNING - Bot has died! RESURRECTING... 💎
💎 2025-08-03 18:45:45,194 - INFO - Starting IMMORTAL Discord Community Global Launcher... 💎
💎 2025-08-03 18:45:45,202 - INFO - IMMORTAL Discord bot started with PID: 5264 💎
💎 2025-08-03 18:45:45,204 - INFO - RESURRECTION SUCCESSFUL! Restart #484 💎
💎 2025-08-03 18:45:45,204 - INFO - Resurrection successful! Guardian continues... 💎
💎 2025-08-03 18:45:59,020 - INFO - IMMORTAL STATUS: Bot restarts: 484 💎
💎 2025-08-03 18:46:15,205 - WARNING - Bot is dead! Resurrection attempt #485 💎
💎 2025-08-03 18:46:15,205 - WARNING - Bot has died! RESURRECTING... 💎
💎 2025-08-03 18:46:25,206 - INFO - Starting IMMORTAL Discord Community Global Launcher... 💎
💎 2025-08-03 18:46:25,213 - INFO - IMMORTAL Discord bot started with PID: 20416 💎
💎 2025-08-03 18:46:25,215 - INFO - RESURRECTION SUCCESSFUL! Restart #485 💎
💎 2025-08-03 18:46:25,215 - INFO - Resurrection successful! Guardian continues... 💎
💎 2025-08-03 18:46:55,216 - WARNING - Bot is dead! Resurrection attempt #486 💎
💎 2025-08-03 18:46:55,216 - WARNING - Bot has died! RESURRECTING... 💎
💎 2025-08-03 18:46:59,021 - INFO - IMMORTAL STATUS: Bot restarts: 486 💎
💎 2025-08-03 18:47:05,217 - INFO - Starting IMMORTAL Discord Community Global Launcher... 💎
💎 2025-08-03 18:47:05,224 - INFO - IMMORTAL Discord bot started with PID: 18236 💎
💎 2025-08-03 18:47:05,226 - INFO - RESURRECTION SUCCESSFUL! Restart #486 💎
💎 2025-08-03 18:47:05,227 - INFO - Resurrection successful! Guardian continues... 💎
💎 2025-08-03 18:47:35,227 - WARNING - Bot is dead! Resurrection attempt #487 💎
💎 2025-08-03 18:47:35,228 - WARNING - Bot has died! RESURRECTING... 💎
💎 2025-08-03 18:47:45,229 - INFO - Starting IMMORTAL Discord Community Global Launcher... 💎
💎 2025-08-03 18:47:45,238 - INFO - IMMORTAL Discord bot started with PID: 20000 💎
💎 2025-08-03 18:47:45,240 - INFO - RESURRECTION SUCCESSFUL! Restart #487 💎
💎 2025-08-03 18:47:45,241 - INFO - Resurrection successful! Guardian continues... 💎
💎 2025-08-03 18:47:59,021 - INFO - IMMORTAL STATUS: Bot restarts: 487 💎
💎 2025-08-03 18:48:15,242 - WARNING - Bot is dead! Resurrection attempt #488 💎
💎 2025-08-03 18:48:15,242 - WARNING - Bot has died! RESURRECTING... 💎
💎 2025-08-03 18:48:25,244 - INFO - Starting IMMORTAL Discord Community Global Launcher... 💎
💎 2025-08-03 18:48:25,253 - INFO - IMMORTAL Discord bot started with PID: 9984 💎
💎 2025-08-03 18:48:25,254 - INFO - RESURRECTION SUCCESSFUL! Restart #488 💎
💎 2025-08-03 18:48:25,254 - INFO - Resurrection successful! Guardian continues... 💎
💎 2025-08-03 18:48:55,255 - WARNING - Bot is dead! Resurrection attempt #489 💎
💎 2025-08-03 18:48:55,256 - WARNING - Bot has died! RESURRECTING... 💎
💎 2025-08-03 18:48:59,022 - INFO - IMMORTAL STATUS: Bot restarts: 489 💎
💎 2025-08-03 18:49:05,257 - INFO - Starting IMMORTAL Discord Community Global Launcher... 💎
💎 2025-08-03 18:49:05,267 - INFO - IMMORTAL Discord bot started with PID: 10716 💎
💎 2025-08-03 18:49:05,269 - INFO - RESURRECTION SUCCESSFUL! Restart #489 💎
💎 2025-08-03 18:49:05,270 - INFO - Resurrection successful! Guardian continues... 💎
💎 2025-08-03 18:49:35,271 - WARNING - Bot is dead! Resurrection attempt #490 💎
💎 2025-08-03 18:49:35,271 - WARNING - Bot has died! RESURRECTING... 💎
💎 2025-08-03 18:49:45,272 - INFO - Starting IMMORTAL Discord Community Global Launcher... 💎
💎 2025-08-03 18:49:45,281 - INFO - IMMORTAL Discord bot started with PID: 15020 💎
💎 2025-08-03 18:49:45,282 - INFO - RESURRECTION SUCCESSFUL! Restart #490 💎
💎 2025-08-03 18:49:45,283 - INFO - Resurrection successful! Guardian continues... 💎
💎 2025-08-03 18:49:59,023 - INFO - IMMORTAL STATUS: Bot restarts: 490 💎
💎 2025-08-03 18:50:15,285 - WARNING - Bot is dead! Resurrection attempt #491 💎
💎 2025-08-03 18:50:15,285 - WARNING - Bot has died! RESURRECTING... 💎
💎 2025-08-03 18:50:25,286 - INFO - Starting IMMORTAL Discord Community Global Launcher... 💎
💎 2025-08-03 18:50:25,295 - INFO - IMMORTAL Discord bot started with PID: 4496 💎
💎 2025-08-03 18:50:25,296 - INFO - RESURRECTION SUCCESSFUL! Restart #491 💎
💎 2025-08-03 18:50:25,297 - INFO - Resurrection successful! Guardian continues... 💎
💎 2025-08-03 18:50:55,299 - WARNING - Bot is dead! Resurrection attempt #492 💎
💎 2025-08-03 18:50:55,299 - WARNING - Bot has died! RESURRECTING... 💎
💎 2025-08-03 18:50:59,024 - INFO - IMMORTAL STATUS: Bot restarts: 492 💎
💎 2025-08-03 18:51:05,300 - INFO - Starting IMMORTAL Discord Community Global Launcher... 💎
💎 2025-08-03 18:51:05,307 - INFO - IMMORTAL Discord bot started with PID: 12208 💎
💎 2025-08-03 18:51:05,308 - INFO - RESURRECTION SUCCESSFUL! Restart #492 💎
💎 2025-08-03 18:51:05,309 - INFO - Resurrection successful! Guardian continues... 💎
💎 2025-08-03 18:51:35,310 - WARNING - Bot is dead! Resurrection attempt #493 💎
💎 2025-08-03 18:51:35,310 - WARNING - Bot has died! RESURRECTING... 💎
💎 2025-08-03 18:51:45,311 - INFO - Starting IMMORTAL Discord Community Global Launcher... 💎
💎 2025-08-03 18:51:45,318 - INFO - IMMORTAL Discord bot started with PID: 12780 💎
💎 2025-08-03 18:51:45,319 - INFO - RESURRECTION SUCCESSFUL! Restart #493 💎
💎 2025-08-03 18:51:45,320 - INFO - Resurrection successful! Guardian continues... 💎
💎 2025-08-03 18:51:59,025 - INFO - IMMORTAL STATUS: Bot restarts: 493 💎
💎 2025-08-03 18:52:15,321 - WARNING - Bot is dead! Resurrection attempt #494 💎
💎 2025-08-03 18:52:15,321 - WARNING - Bot has died! RESURRECTING... 💎
💎 2025-08-03 18:52:25,322 - INFO - Starting IMMORTAL Discord Community Global Launcher... 💎
💎 2025-08-03 18:52:25,329 - INFO - IMMORTAL Discord bot started with PID: 19968 💎
💎 2025-08-03 18:52:25,331 - INFO - RESURRECTION SUCCESSFUL! Restart #494 💎
💎 2025-08-03 18:52:25,331 - INFO - Resurrection successful! Guardian continues... 💎
💎 2025-08-03 18:52:55,332 - WARNING - Bot is dead! Resurrection attempt #495 💎
💎 2025-08-03 18:52:55,333 - WARNING - Bot has died! RESURRECTING... 💎
💎 2025-08-03 18:52:59,026 - INFO - IMMORTAL STATUS: Bot restarts: 495 💎
💎 2025-08-03 18:53:05,333 - INFO - Starting IMMORTAL Discord Community Global Launcher... 💎
💎 2025-08-03 18:53:05,342 - INFO - IMMORTAL Discord bot started with PID: 13956 💎
💎 2025-08-03 18:53:05,344 - INFO - RESURRECTION SUCCESSFUL! Restart #495 💎
💎 2025-08-03 18:53:05,344 - INFO - Resurrection successful! Guardian continues... 💎
💎 2025-08-03 18:53:35,345 - WARNING - Bot is dead! Resurrection attempt #496 💎
💎 2025-08-03 18:53:35,346 - WARNING - Bot has died! RESURRECTING... 💎
💎 2025-08-03 18:53:45,346 - INFO - Starting IMMORTAL Discord Community Global Launcher... 💎
💎 2025-08-03 18:53:45,355 - INFO - IMMORTAL Discord bot started with PID: 19860 💎
💎 2025-08-03 18:53:45,356 - INFO - RESURRECTION SUCCESSFUL! Restart #496 💎
💎 2025-08-03 18:53:45,357 - INFO - Resurrection successful! Guardian continues... 💎
💎 2025-08-03 18:53:59,027 - INFO - IMMORTAL STATUS: Bot restarts: 496 💎
💎 2025-08-03 18:54:15,358 - WARNING - Bot is dead! Resurrection attempt #497 💎
💎 2025-08-03 18:54:15,359 - WARNING - Bot has died! RESURRECTING... 💎
💎 2025-08-03 18:54:25,360 - INFO - Starting IMMORTAL Discord Community Global Launcher... 💎
💎 2025-08-03 18:54:25,368 - INFO - IMMORTAL Discord bot started with PID: 19748 💎
💎 2025-08-03 18:54:25,371 - INFO - RESURRECTION SUCCESSFUL! Restart #497 💎
💎 2025-08-03 18:54:25,371 - INFO - Resurrection successful! Guardian continues... 💎
💎 2025-08-03 18:54:55,372 - WARNING - Bot is dead! Resurrection attempt #498 💎
💎 2025-08-03 18:54:55,373 - WARNING - Bot has died! RESURRECTING... 💎
💎 2025-08-03 18:54:59,027 - INFO - IMMORTAL STATUS: Bot restarts: 498 💎
💎 2025-08-03 18:55:05,373 - INFO - Starting IMMORTAL Discord Community Global Launcher... 💎
💎 2025-08-03 18:55:05,382 - INFO - IMMORTAL Discord bot started with PID: 18448 💎
💎 2025-08-03 18:55:05,384 - INFO - RESURRECTION SUCCESSFUL! Restart #498 💎
💎 2025-08-03 18:55:05,384 - INFO - Resurrection successful! Guardian continues... 💎
💎 2025-08-03 18:55:35,385 - WARNING - Bot is dead! Resurrection attempt #499 💎
💎 2025-08-03 18:55:35,386 - WARNING - Bot has died! RESURRECTING... 💎
💎 2025-08-03 18:55:45,387 - INFO - Starting IMMORTAL Discord Community Global Launcher... 💎
💎 2025-08-03 18:55:45,393 - INFO - IMMORTAL Discord bot started with PID: 18756 💎
💎 2025-08-03 18:55:45,395 - INFO - RESURRECTION SUCCESSFUL! Restart #499 💎
💎 2025-08-03 18:55:45,395 - INFO - Resurrection successful! Guardian continues... 💎
💎 2025-08-03 18:55:59,028 - INFO - IMMORTAL STATUS: Bot restarts: 499 💎
💎 2025-08-03 18:56:15,396 - WARNING - Bot is dead! Resurrection attempt #500 💎
💎 2025-08-03 18:56:15,396 - WARNING - Bot has died! RESURRECTING... 💎
💎 2025-08-03 18:56:25,397 - INFO - Starting IMMORTAL Discord Community Global Launcher... 💎
💎 2025-08-03 18:56:25,405 - INFO - IMMORTAL Discord bot started with PID: 19496 💎
💎 2025-08-03 18:56:25,406 - INFO - RESURRECTION SUCCESSFUL! Restart #500 💎
💎 2025-08-03 18:56:25,407 - INFO - Resurrection successful! Guardian continues... 💎
💎 2025-08-03 18:56:55,408 - WARNING - Bot is dead! Resurrection attempt #501 💎
💎 2025-08-03 18:56:55,408 - WARNING - Bot has died! RESURRECTING... 💎
💎 2025-08-03 18:56:59,029 - INFO - IMMORTAL STATUS: Bot restarts: 501 💎
💎 2025-08-03 18:57:05,409 - INFO - Starting IMMORTAL Discord Community Global Launcher... 💎
💎 2025-08-03 18:57:05,418 - INFO - IMMORTAL Discord bot started with PID: 11464 💎
💎 2025-08-03 18:57:05,420 - INFO - RESURRECTION SUCCESSFUL! Restart #501 💎
💎 2025-08-03 18:57:05,420 - INFO - Resurrection successful! Guardian continues... 💎
💎 2025-08-03 18:57:35,421 - WARNING - Bot is dead! Resurrection attempt #502 💎
💎 2025-08-03 18:57:35,421 - WARNING - Bot has died! RESURRECTING... 💎
💎 2025-08-03 18:57:45,422 - INFO - Starting IMMORTAL Discord Community Global Launcher... 💎
💎 2025-08-03 18:57:45,430 - INFO - IMMORTAL Discord bot started with PID: 19864 💎
💎 2025-08-03 18:57:45,432 - INFO - RESURRECTION SUCCESSFUL! Restart #502 💎
💎 2025-08-03 18:57:45,432 - INFO - Resurrection successful! Guardian continues... 💎
💎 2025-08-03 18:57:59,030 - INFO - IMMORTAL STATUS: Bot restarts: 502 💎
💎 2025-08-03 18:58:15,433 - WARNING - Bot is dead! Resurrection attempt #503 💎
💎 2025-08-03 18:58:15,434 - WARNING - Bot has died! RESURRECTING... 💎
💎 2025-08-03 18:58:25,434 - INFO - Starting IMMORTAL Discord Community Global Launcher... 💎
💎 2025-08-03 18:58:25,441 - INFO - IMMORTAL Discord bot started with PID: 17992 💎
💎 2025-08-03 18:58:25,443 - INFO - RESURRECTION SUCCESSFUL! Restart #503 💎
💎 2025-08-03 18:58:25,443 - INFO - Resurrection successful! Guardian continues... 💎
💎 2025-08-03 18:58:55,445 - WARNING - Bot is dead! Resurrection attempt #504 💎
💎 2025-08-03 18:58:55,445 - WARNING - Bot has died! RESURRECTING... 💎
💎 2025-08-03 18:58:59,030 - INFO - IMMORTAL STATUS: Bot restarts: 504 💎
💎 2025-08-03 18:59:05,446 - INFO - Starting IMMORTAL Discord Community Global Launcher... 💎
💎 2025-08-03 18:59:05,454 - INFO - IMMORTAL Discord bot started with PID: 13492 💎
💎 2025-08-03 18:59:05,456 - INFO - RESURRECTION SUCCESSFUL! Restart #504 💎
💎 2025-08-03 18:59:05,457 - INFO - Resurrection successful! Guardian continues... 💎
💎 2025-08-03 18:59:35,458 - WARNING - Bot is dead! Resurrection attempt #505 💎
💎 2025-08-03 18:59:35,458 - WARNING - Bot has died! RESURRECTING... 💎
💎 2025-08-03 18:59:45,459 - INFO - Starting IMMORTAL Discord Community Global Launcher... 💎
💎 2025-08-03 18:59:45,467 - INFO - IMMORTAL Discord bot started with PID: 2076 💎
💎 2025-08-03 18:59:45,469 - INFO - RESURRECTION SUCCESSFUL! Restart #505 💎
💎 2025-08-03 18:59:45,469 - INFO - Resurrection successful! Guardian continues... 💎
💎 2025-08-03 18:59:59,031 - INFO - IMMORTAL STATUS: Bot restarts: 505 💎
💎 2025-08-03 19:00:15,471 - WARNING - Bot is dead! Resurrection attempt #506 💎
💎 2025-08-03 19:00:15,471 - WARNING - Bot has died! RESURRECTING... 💎
💎 2025-08-03 19:00:25,471 - INFO - Starting IMMORTAL Discord Community Global Launcher... 💎
💎 2025-08-03 19:00:25,478 - INFO - IMMORTAL Discord bot started with PID: 12780 💎
💎 2025-08-03 19:00:25,480 - INFO - RESURRECTION SUCCESSFUL! Restart #506 💎
💎 2025-08-03 19:00:25,481 - INFO - Resurrection successful! Guardian continues... 💎
💎 2025-08-03 19:00:55,482 - WARNING - Bot is dead! Resurrection attempt #507 💎
💎 2025-08-03 19:00:55,483 - WARNING - Bot has died! RESURRECTING... 💎
💎 2025-08-03 19:00:59,031 - INFO - IMMORTAL STATUS: Bot restarts: 507 💎
💎 2025-08-03 19:01:05,483 - INFO - Starting IMMORTAL Discord Community Global Launcher... 💎
💎 2025-08-03 19:01:05,491 - INFO - IMMORTAL Discord bot started with PID: 13084 💎
💎 2025-08-03 19:01:05,492 - INFO - RESURRECTION SUCCESSFUL! Restart #507 💎
💎 2025-08-03 19:01:05,493 - INFO - Resurrection successful! Guardian continues... 💎
💎 2025-08-03 19:01:35,494 - WARNING - Bot is dead! Resurrection attempt #508 💎
💎 2025-08-03 19:01:35,494 - WARNING - Bot has died! RESURRECTING... 💎
💎 2025-08-03 19:01:45,495 - INFO - Starting IMMORTAL Discord Community Global Launcher... 💎
💎 2025-08-03 19:01:45,503 - INFO - IMMORTAL Discord bot started with PID: 6760 💎
💎 2025-08-03 19:01:45,505 - INFO - RESURRECTION SUCCESSFUL! Restart #508 💎
💎 2025-08-03 19:01:45,505 - INFO - Resurrection successful! Guardian continues... 💎
💎 2025-08-03 19:01:59,033 - INFO - IMMORTAL STATUS: Bot restarts: 508 💎
💎 2025-08-03 19:02:15,506 - WARNING - Bot is dead! Resurrection attempt #509 💎
💎 2025-08-03 19:02:15,507 - WARNING - Bot has died! RESURRECTING... 💎
💎 2025-08-03 19:02:25,508 - INFO - Starting IMMORTAL Discord Community Global Launcher... 💎
💎 2025-08-03 19:02:25,516 - INFO - IMMORTAL Discord bot started with PID: 19544 💎
💎 2025-08-03 19:02:25,518 - INFO - RESURRECTION SUCCESSFUL! Restart #509 💎
💎 2025-08-03 19:02:25,518 - INFO - Resurrection successful! Guardian continues... 💎
💎 2025-08-03 19:02:55,519 - WARNING - Bot is dead! Resurrection attempt #510 💎
💎 2025-08-03 19:02:55,520 - WARNING - Bot has died! RESURRECTING... 💎
💎 2025-08-03 19:02:59,033 - INFO - IMMORTAL STATUS: Bot restarts: 510 💎
💎 2025-08-03 19:03:05,521 - INFO - Starting IMMORTAL Discord Community Global Launcher... 💎
💎 2025-08-03 19:03:05,529 - INFO - IMMORTAL Discord bot started with PID: 20232 💎
💎 2025-08-03 19:03:05,530 - INFO - RESURRECTION SUCCESSFUL! Restart #510 💎
💎 2025-08-03 19:03:05,531 - INFO - Resurrection successful! Guardian continues... 💎
💎 2025-08-03 19:03:35,532 - WARNING - Bot is dead! Resurrection attempt #511 💎
💎 2025-08-03 19:03:35,532 - WARNING - Bot has died! RESURRECTING... 💎
💎 2025-08-03 19:03:45,533 - INFO - Starting IMMORTAL Discord Community Global Launcher... 💎
💎 2025-08-03 19:03:45,541 - INFO - IMMORTAL Discord bot started with PID: 3180 💎
💎 2025-08-03 19:03:45,542 - INFO - RESURRECTION SUCCESSFUL! Restart #511 💎
💎 2025-08-03 19:03:45,543 - INFO - Resurrection successful! Guardian continues... 💎
💎 2025-08-03 19:03:59,034 - INFO - IMMORTAL STATUS: Bot restarts: 511 💎
💎 2025-08-03 19:04:15,544 - WARNING - Bot is dead! Resurrection attempt #512 💎
💎 2025-08-03 19:04:15,544 - WARNING - Bot has died! RESURRECTING... 💎
💎 2025-08-03 19:04:25,545 - INFO - Starting IMMORTAL Discord Community Global Launcher... 💎
💎 2025-08-03 19:04:25,552 - INFO - IMMORTAL Discord bot started with PID: 15056 💎
💎 2025-08-03 19:04:25,554 - INFO - RESURRECTION SUCCESSFUL! Restart #512 💎
💎 2025-08-03 19:04:25,554 - INFO - Resurrection successful! Guardian continues... 💎
💎 2025-08-03 19:04:55,555 - WARNING - Bot is dead! Resurrection attempt #513 💎
💎 2025-08-03 19:04:55,556 - WARNING - Bot has died! RESURRECTING... 💎
💎 2025-08-03 19:04:59,035 - INFO - IMMORTAL STATUS: Bot restarts: 513 💎
💎 2025-08-03 19:05:05,556 - INFO - Starting IMMORTAL Discord Community Global Launcher... 💎
💎 2025-08-03 19:05:05,564 - INFO - IMMORTAL Discord bot started with PID: 19668 💎
💎 2025-08-03 19:05:05,565 - INFO - RESURRECTION SUCCESSFUL! Restart #513 💎
💎 2025-08-03 19:05:05,566 - INFO - Resurrection successful! Guardian continues... 💎
💎 2025-08-03 19:05:35,567 - WARNING - Bot is dead! Resurrection attempt #514 💎
💎 2025-08-03 19:05:35,567 - WARNING - Bot has died! RESURRECTING... 💎
💎 2025-08-03 19:05:45,568 - INFO - Starting IMMORTAL Discord Community Global Launcher... 💎
💎 2025-08-03 19:05:45,577 - INFO - IMMORTAL Discord bot started with PID: 14040 💎
💎 2025-08-03 19:05:45,578 - INFO - RESURRECTION SUCCESSFUL! Restart #514 💎
💎 2025-08-03 19:05:45,579 - INFO - Resurrection successful! Guardian continues... 💎
💎 2025-08-03 19:05:59,036 - INFO - IMMORTAL STATUS: Bot restarts: 514 💎
💎 2025-08-03 19:06:15,580 - WARNING - Bot is dead! Resurrection attempt #515 💎
💎 2025-08-03 19:06:15,580 - WARNING - Bot has died! RESURRECTING... 💎
💎 2025-08-03 19:06:25,581 - INFO - Starting IMMORTAL Discord Community Global Launcher... 💎
💎 2025-08-03 19:06:25,589 - INFO - IMMORTAL Discord bot started with PID: 6676 💎
💎 2025-08-03 19:06:25,590 - INFO - RESURRECTION SUCCESSFUL! Restart #515 💎
💎 2025-08-03 19:06:25,591 - INFO - Resurrection successful! Guardian continues... 💎
💎 2025-08-03 19:06:55,591 - WARNING - Bot is dead! Resurrection attempt #516 💎
💎 2025-08-03 19:06:55,592 - WARNING - Bot has died! RESURRECTING... 💎
💎 2025-08-03 19:06:59,037 - INFO - IMMORTAL STATUS: Bot restarts: 516 💎
💎 2025-08-03 19:07:05,593 - INFO - Starting IMMORTAL Discord Community Global Launcher... 💎
💎 2025-08-03 19:07:05,606 - INFO - IMMORTAL Discord bot started with PID: 17808 💎
💎 2025-08-03 19:07:05,608 - INFO - RESURRECTION SUCCESSFUL! Restart #516 💎
💎 2025-08-03 19:07:05,609 - INFO - Resurrection successful! Guardian continues... 💎
💎 2025-08-03 19:07:35,610 - WARNING - Bot is dead! Resurrection attempt #517 💎
💎 2025-08-03 19:07:35,610 - WARNING - Bot has died! RESURRECTING... 💎
💎 2025-08-03 19:07:45,610 - INFO - Starting IMMORTAL Discord Community Global Launcher... 💎
💎 2025-08-03 19:07:45,618 - INFO - IMMORTAL Discord bot started with PID: 18632 💎
💎 2025-08-03 19:07:45,619 - INFO - RESURRECTION SUCCESSFUL! Restart #517 💎
💎 2025-08-03 19:07:45,620 - INFO - Resurrection successful! Guardian continues... 💎
💎 2025-08-03 19:07:59,038 - INFO - IMMORTAL STATUS: Bot restarts: 517 💎
💎 2025-08-03 19:08:15,621 - WARNING - Bot is dead! Resurrection attempt #518 💎
💎 2025-08-03 19:08:15,621 - WARNING - Bot has died! RESURRECTING... 💎
💎 2025-08-03 19:08:25,622 - INFO - Starting IMMORTAL Discord Community Global Launcher... 💎
💎 2025-08-03 19:08:25,630 - INFO - IMMORTAL Discord bot started with PID: 16176 💎
💎 2025-08-03 19:08:25,632 - INFO - RESURRECTION SUCCESSFUL! Restart #518 💎
💎 2025-08-03 19:08:25,632 - INFO - Resurrection successful! Guardian continues... 💎
💎 2025-08-03 19:08:55,633 - WARNING - Bot is dead! Resurrection attempt #519 💎
💎 2025-08-03 19:08:55,633 - WARNING - Bot has died! RESURRECTING... 💎
💎 2025-08-03 19:08:59,039 - INFO - IMMORTAL STATUS: Bot restarts: 519 💎
💎 2025-08-03 19:09:05,633 - INFO - Starting IMMORTAL Discord Community Global Launcher... 💎
💎 2025-08-03 19:09:05,641 - INFO - IMMORTAL Discord bot started with PID: 2124 💎
💎 2025-08-03 19:09:05,644 - INFO - RESURRECTION SUCCESSFUL! Restart #519 💎
💎 2025-08-03 19:09:05,645 - INFO - Resurrection successful! Guardian continues... 💎
💎 2025-08-03 19:09:35,647 - WARNING - Bot is dead! Resurrection attempt #520 💎
💎 2025-08-03 19:09:35,647 - WARNING - Bot has died! RESURRECTING... 💎
💎 2025-08-03 19:09:45,648 - INFO - Starting IMMORTAL Discord Community Global Launcher... 💎
💎 2025-08-03 19:09:45,655 - INFO - IMMORTAL Discord bot started with PID: 13332 💎
💎 2025-08-03 19:09:45,657 - INFO - RESURRECTION SUCCESSFUL! Restart #520 💎
💎 2025-08-03 19:09:45,658 - INFO - Resurrection successful! Guardian continues... 💎
💎 2025-08-03 19:09:59,040 - INFO - IMMORTAL STATUS: Bot restarts: 520 💎
💎 2025-08-03 19:10:15,659 - WARNING - Bot is dead! Resurrection attempt #521 💎
💎 2025-08-03 19:10:15,659 - WARNING - Bot has died! RESURRECTING... 💎
💎 2025-08-03 19:10:25,660 - INFO - Starting IMMORTAL Discord Community Global Launcher... 💎
💎 2025-08-03 19:10:25,666 - INFO - IMMORTAL Discord bot started with PID: 19920 💎
💎 2025-08-03 19:10:25,668 - INFO - RESURRECTION SUCCESSFUL! Restart #521 💎
💎 2025-08-03 19:10:25,668 - INFO - Resurrection successful! Guardian continues... 💎
💎 2025-08-03 19:10:55,669 - WARNING - Bot is dead! Resurrection attempt #522 💎
💎 2025-08-03 19:10:55,670 - WARNING - Bot has died! RESURRECTING... 💎
💎 2025-08-03 19:10:59,041 - INFO - IMMORTAL STATUS: Bot restarts: 522 💎
💎 2025-08-03 19:11:05,670 - INFO - Starting IMMORTAL Discord Community Global Launcher... 💎
💎 2025-08-03 19:11:05,678 - INFO - IMMORTAL Discord bot started with PID: 2548 💎
💎 2025-08-03 19:11:05,680 - INFO - RESURRECTION SUCCESSFUL! Restart #522 💎
💎 2025-08-03 19:11:05,681 - INFO - Resurrection successful! Guardian continues... 💎
💎 2025-08-03 19:11:35,682 - WARNING - Bot is dead! Resurrection attempt #523 💎
💎 2025-08-03 19:11:35,682 - WARNING - Bot has died! RESURRECTING... 💎
💎 2025-08-03 19:11:45,683 - INFO - Starting IMMORTAL Discord Community Global Launcher... 💎
💎 2025-08-03 19:11:45,696 - INFO - IMMORTAL Discord bot started with PID: 20048 💎
💎 2025-08-03 19:11:45,697 - INFO - RESURRECTION SUCCESSFUL! Restart #523 💎
💎 2025-08-03 19:11:45,698 - INFO - Resurrection successful! Guardian continues... 💎
💎 2025-08-03 19:11:59,042 - INFO - IMMORTAL STATUS: Bot restarts: 523 💎
💎 2025-08-03 19:12:15,699 - WARNING - Bot is dead! Resurrection attempt #524 💎
💎 2025-08-03 19:12:15,699 - WARNING - Bot has died! RESURRECTING... 💎
💎 2025-08-03 19:12:25,700 - INFO - Starting IMMORTAL Discord Community Global Launcher... 💎
💎 2025-08-03 19:12:25,708 - INFO - IMMORTAL Discord bot started with PID: 3348 💎
💎 2025-08-03 19:12:25,710 - INFO - RESURRECTION SUCCESSFUL! Restart #524 💎
💎 2025-08-03 19:12:25,710 - INFO - Resurrection successful! Guardian continues... 💎
💎 2025-08-03 19:12:55,711 - WARNING - Bot is dead! Resurrection attempt #525 💎
💎 2025-08-03 19:12:55,712 - WARNING - Bot has died! RESURRECTING... 💎
💎 2025-08-03 19:12:59,043 - INFO - IMMORTAL STATUS: Bot restarts: 525 💎
💎 2025-08-03 19:13:05,713 - INFO - Starting IMMORTAL Discord Community Global Launcher... 💎
💎 2025-08-03 19:13:05,721 - INFO - IMMORTAL Discord bot started with PID: 6736 💎
💎 2025-08-03 19:13:05,722 - INFO - RESURRECTION SUCCESSFUL! Restart #525 💎
💎 2025-08-03 19:13:05,723 - INFO - Resurrection successful! Guardian continues... 💎
💎 2025-08-03 19:13:35,723 - WARNING - Bot is dead! Resurrection attempt #526 💎
💎 2025-08-03 19:13:35,724 - WARNING - Bot has died! RESURRECTING... 💎
💎 2025-08-03 19:13:45,725 - INFO - Starting IMMORTAL Discord Community Global Launcher... 💎
💎 2025-08-03 19:13:45,733 - INFO - IMMORTAL Discord bot started with PID: 16132 💎
💎 2025-08-03 19:13:45,734 - INFO - RESURRECTION SUCCESSFUL! Restart #526 💎
💎 2025-08-03 19:13:45,735 - INFO - Resurrection successful! Guardian continues... 💎
💎 2025-08-03 19:13:59,044 - INFO - IMMORTAL STATUS: Bot restarts: 526 💎
💎 2025-08-03 19:14:15,736 - WARNING - Bot is dead! Resurrection attempt #527 💎
💎 2025-08-03 19:14:15,736 - WARNING - Bot has died! RESURRECTING... 💎
💎 2025-08-03 19:14:25,737 - INFO - Starting IMMORTAL Discord Community Global Launcher... 💎
💎 2025-08-03 19:14:25,746 - INFO - IMMORTAL Discord bot started with PID: 11448 💎
💎 2025-08-03 19:14:25,748 - INFO - RESURRECTION SUCCESSFUL! Restart #527 💎
💎 2025-08-03 19:14:25,748 - INFO - Resurrection successful! Guardian continues... 💎
💎 2025-08-03 19:14:55,750 - WARNING - Bot is dead! Resurrection attempt #528 💎
💎 2025-08-03 19:14:55,751 - WARNING - Bot has died! RESURRECTING... 💎
💎 2025-08-03 19:14:59,045 - INFO - IMMORTAL STATUS: Bot restarts: 528 💎
💎 2025-08-03 19:15:05,752 - INFO - Starting IMMORTAL Discord Community Global Launcher... 💎
💎 2025-08-03 19:15:05,760 - INFO - IMMORTAL Discord bot started with PID: 20000 💎
💎 2025-08-03 19:15:05,762 - INFO - RESURRECTION SUCCESSFUL! Restart #528 💎
💎 2025-08-03 19:15:05,762 - INFO - Resurrection successful! Guardian continues... 💎
💎 2025-08-03 19:15:35,763 - WARNING - Bot is dead! Resurrection attempt #529 💎
💎 2025-08-03 19:15:35,764 - WARNING - Bot has died! RESURRECTING... 💎
💎 2025-08-03 19:15:45,764 - INFO - Starting IMMORTAL Discord Community Global Launcher... 💎
💎 2025-08-03 19:15:45,772 - INFO - IMMORTAL Discord bot started with PID: 1424 💎
💎 2025-08-03 19:15:45,773 - INFO - RESURRECTION SUCCESSFUL! Restart #529 💎
💎 2025-08-03 19:15:45,774 - INFO - Resurrection successful! Guardian continues... 💎
💎 2025-08-03 19:15:59,046 - INFO - IMMORTAL STATUS: Bot restarts: 529 💎
💎 2025-08-03 19:16:15,774 - WARNING - Bot is dead! Resurrection attempt #530 💎
💎 2025-08-03 19:16:15,775 - WARNING - Bot has died! RESURRECTING... 💎
💎 2025-08-03 19:16:25,775 - INFO - Starting IMMORTAL Discord Community Global Launcher... 💎
💎 2025-08-03 19:16:25,782 - INFO - IMMORTAL Discord bot started with PID: 15928 💎
💎 2025-08-03 19:16:25,784 - INFO - RESURRECTION SUCCESSFUL! Restart #530 💎
💎 2025-08-03 19:16:25,785 - INFO - Resurrection successful! Guardian continues... 💎
💎 2025-08-03 19:16:55,786 - WARNING - Bot is dead! Resurrection attempt #531 💎
💎 2025-08-03 19:16:55,786 - WARNING - Bot has died! RESURRECTING... 💎
💎 2025-08-03 19:16:59,047 - INFO - IMMORTAL STATUS: Bot restarts: 531 💎
💎 2025-08-03 19:17:05,787 - INFO - Starting IMMORTAL Discord Community Global Launcher... 💎
💎 2025-08-03 19:17:05,796 - INFO - IMMORTAL Discord bot started with PID: 14780 💎
💎 2025-08-03 19:17:05,798 - INFO - RESURRECTION SUCCESSFUL! Restart #531 💎
💎 2025-08-03 19:17:05,798 - INFO - Resurrection successful! Guardian continues... 💎
💎 2025-08-03 19:17:35,799 - WARNING - Bot is dead! Resurrection attempt #532 💎
💎 2025-08-03 19:17:35,800 - WARNING - Bot has died! RESURRECTING... 💎
💎 2025-08-03 19:17:45,800 - INFO - Starting IMMORTAL Discord Community Global Launcher... 💎
💎 2025-08-03 19:17:45,807 - INFO - IMMORTAL Discord bot started with PID: 14000 💎
💎 2025-08-03 19:17:45,809 - INFO - RESURRECTION SUCCESSFUL! Restart #532 💎
💎 2025-08-03 19:17:45,810 - INFO - Resurrection successful! Guardian continues... 💎
💎 2025-08-03 19:17:59,048 - INFO - IMMORTAL STATUS: Bot restarts: 532 💎
💎 2025-08-03 19:18:15,811 - WARNING - Bot is dead! Resurrection attempt #533 💎
💎 2025-08-03 19:18:15,811 - WARNING - Bot has died! RESURRECTING... 💎
💎 2025-08-03 19:18:25,812 - INFO - Starting IMMORTAL Discord Community Global Launcher... 💎
💎 2025-08-03 19:18:25,820 - INFO - IMMORTAL Discord bot started with PID: 20356 💎
💎 2025-08-03 19:18:25,822 - INFO - RESURRECTION SUCCESSFUL! Restart #533 💎
💎 2025-08-03 19:18:25,822 - INFO - Resurrection successful! Guardian continues... 💎
💎 2025-08-03 19:18:55,823 - WARNING - Bot is dead! Resurrection attempt #534 💎
💎 2025-08-03 19:18:55,824 - WARNING - Bot has died! RESURRECTING... 💎
💎 2025-08-03 19:18:59,048 - INFO - IMMORTAL STATUS: Bot restarts: 534 💎
💎 2025-08-03 19:19:05,824 - INFO - Starting IMMORTAL Discord Community Global Launcher... 💎
💎 2025-08-03 19:19:05,833 - INFO - IMMORTAL Discord bot started with PID: 11620 💎
💎 2025-08-03 19:19:05,834 - INFO - RESURRECTION SUCCESSFUL! Restart #534 💎
💎 2025-08-03 19:19:05,835 - INFO - Resurrection successful! Guardian continues... 💎
💎 2025-08-03 19:19:35,835 - WARNING - Bot is dead! Resurrection attempt #535 💎
💎 2025-08-03 19:19:35,836 - WARNING - Bot has died! RESURRECTING... 💎
💎 2025-08-03 19:19:45,836 - INFO - Starting IMMORTAL Discord Community Global Launcher... 💎
💎 2025-08-03 19:19:45,843 - INFO - IMMORTAL Discord bot started with PID: 9148 💎
💎 2025-08-03 19:19:45,845 - INFO - RESURRECTION SUCCESSFUL! Restart #535 💎
💎 2025-08-03 19:19:45,845 - INFO - Resurrection successful! Guardian continues... 💎
💎 2025-08-03 19:19:59,049 - INFO - IMMORTAL STATUS: Bot restarts: 535 💎
💎 2025-08-03 19:20:15,847 - WARNING - Bot is dead! Resurrection attempt #536 💎
💎 2025-08-03 19:20:15,861 - WARNING - Bot has died! RESURRECTING... 💎
💎 2025-08-03 19:20:25,864 - INFO - Starting IMMORTAL Discord Community Global Launcher... 💎
💎 2025-08-03 19:20:25,871 - INFO - IMMORTAL Discord bot started with PID: 18428 💎
💎 2025-08-03 19:20:25,873 - INFO - RESURRECTION SUCCESSFUL! Restart #536 💎
💎 2025-08-03 19:20:25,873 - INFO - Resurrection successful! Guardian continues... 💎
💎 2025-08-03 19:20:55,875 - WARNING - Bot is dead! Resurrection attempt #537 💎
💎 2025-08-03 19:20:55,875 - WARNING - Bot has died! RESURRECTING... 💎
💎 2025-08-03 19:20:59,050 - INFO - IMMORTAL STATUS: Bot restarts: 537 💎
💎 2025-08-03 19:21:05,876 - INFO - Starting IMMORTAL Discord Community Global Launcher... 💎
💎 2025-08-03 19:21:05,883 - INFO - IMMORTAL Discord bot started with PID: 15260 💎
💎 2025-08-03 19:21:05,885 - INFO - RESURRECTION SUCCESSFUL! Restart #537 💎
💎 2025-08-03 19:21:05,886 - INFO - Resurrection successful! Guardian continues... 💎
💎 2025-08-03 19:21:35,888 - WARNING - Bot is dead! Resurrection attempt #538 💎
💎 2025-08-03 19:21:35,889 - WARNING - Bot has died! RESURRECTING... 💎
💎 2025-08-03 19:21:45,891 - INFO - Starting IMMORTAL Discord Community Global Launcher... 💎
💎 2025-08-03 19:21:45,898 - INFO - IMMORTAL Discord bot started with PID: 11456 💎
💎 2025-08-03 19:21:45,899 - INFO - RESURRECTION SUCCESSFUL! Restart #538 💎
💎 2025-08-03 19:21:45,900 - INFO - Resurrection successful! Guardian continues... 💎
💎 2025-08-03 19:21:59,051 - INFO - IMMORTAL STATUS: Bot restarts: 538 💎
💎 2025-08-03 19:22:15,900 - WARNING - Bot is dead! Resurrection attempt #539 💎
💎 2025-08-03 19:22:15,901 - WARNING - Bot has died! RESURRECTING... 💎
💎 2025-08-03 19:22:25,902 - INFO - Starting IMMORTAL Discord Community Global Launcher... 💎
💎 2025-08-03 19:22:25,912 - INFO - IMMORTAL Discord bot started with PID: 13616 💎
💎 2025-08-03 19:22:25,915 - INFO - RESURRECTION SUCCESSFUL! Restart #539 💎
💎 2025-08-03 19:22:25,917 - INFO - Resurrection successful! Guardian continues... 💎
💎 2025-08-03 19:22:55,919 - WARNING - Bot is dead! Resurrection attempt #540 💎
💎 2025-08-03 19:22:55,921 - WARNING - Bot has died! RESURRECTING... 💎
💎 2025-08-03 19:22:59,053 - INFO - IMMORTAL STATUS: Bot restarts: 540 💎
💎 2025-08-03 19:23:05,933 - INFO - Starting IMMORTAL Discord Community Global Launcher... 💎
💎 2025-08-03 19:23:05,956 - INFO - IMMORTAL Discord bot started with PID: 19020 💎
💎 2025-08-03 19:23:05,967 - INFO - RESURRECTION SUCCESSFUL! Restart #540 💎
💎 2025-08-03 19:23:05,968 - INFO - Resurrection successful! Guardian continues... 💎
💎 2025-08-03 19:23:35,972 - WARNING - Bot is dead! Resurrection attempt #541 💎
💎 2025-08-03 19:23:35,974 - WARNING - Bot has died! RESURRECTING... 💎
💎 2025-08-03 19:23:45,975 - INFO - Starting IMMORTAL Discord Community Global Launcher... 💎
💎 2025-08-03 19:23:46,013 - INFO - IMMORTAL Discord bot started with PID: 20392 💎
💎 2025-08-03 19:23:46,017 - INFO - RESURRECTION SUCCESSFUL! Restart #541 💎
💎 2025-08-03 19:23:46,018 - INFO - Resurrection successful! Guardian continues... 💎
💎 2025-08-03 19:23:59,062 - INFO - IMMORTAL STATUS: Bot restarts: 541 💎
💎 2025-08-03 19:24:16,020 - WARNING - Bot is dead! Resurrection attempt #542 💎
💎 2025-08-03 19:24:16,024 - WARNING - Bot has died! RESURRECTING... 💎
💎 2025-08-03 19:24:26,027 - INFO - Starting IMMORTAL Discord Community Global Launcher... 💎
💎 2025-08-03 19:24:26,046 - INFO - IMMORTAL Discord bot started with PID: 18728 💎
💎 2025-08-03 19:24:26,051 - INFO - RESURRECTION SUCCESSFUL! Restart #542 💎
💎 2025-08-03 19:24:26,052 - INFO - Resurrection successful! Guardian continues... 💎
💎 2025-08-03 19:24:56,056 - WARNING - Bot is dead! Resurrection attempt #543 💎
💎 2025-08-03 19:24:56,061 - WARNING - Bot has died! RESURRECTING... 💎
💎 2025-08-03 19:24:59,064 - INFO - IMMORTAL STATUS: Bot restarts: 543 💎
💎 2025-08-03 19:25:06,062 - INFO - Starting IMMORTAL Discord Community Global Launcher... 💎
💎 2025-08-03 19:25:06,094 - INFO - IMMORTAL Discord bot started with PID: 20612 💎
💎 2025-08-03 19:25:06,098 - INFO - RESURRECTION SUCCESSFUL! Restart #543 💎
💎 2025-08-03 19:25:06,099 - INFO - Resurrection successful! Guardian continues... 💎
💎 2025-08-03 19:25:36,100 - WARNING - Bot is dead! Resurrection attempt #544 💎
💎 2025-08-03 19:25:36,104 - WARNING - Bot has died! RESURRECTING... 💎
💎 2025-08-03 19:25:46,114 - INFO - Starting IMMORTAL Discord Community Global Launcher... 💎
💎 2025-08-03 19:25:46,148 - INFO - IMMORTAL Discord bot started with PID: 12448 💎
💎 2025-08-03 19:25:46,151 - INFO - RESURRECTION SUCCESSFUL! Restart #544 💎
💎 2025-08-03 19:25:46,152 - INFO - Resurrection successful! Guardian continues... 💎
💎 2025-08-03 19:25:59,066 - INFO - IMMORTAL STATUS: Bot restarts: 544 💎
💎 2025-08-03 19:26:16,156 - WARNING - Bot is dead! Resurrection attempt #545 💎
💎 2025-08-03 19:26:16,165 - WARNING - Bot has died! RESURRECTING... 💎
💎 2025-08-03 19:26:26,186 - INFO - Starting IMMORTAL Discord Community Global Launcher... 💎
💎 2025-08-03 19:26:26,289 - INFO - IMMORTAL Discord bot started with PID: 11912 💎
💎 2025-08-03 19:26:26,316 - INFO - RESURRECTION SUCCESSFUL! Restart #545 💎
💎 2025-08-03 19:26:26,326 - INFO - Resurrection successful! Guardian continues... 💎
💎 2025-08-03 19:26:56,330 - WARNING - Bot is dead! Resurrection attempt #546 💎
💎 2025-08-03 19:26:56,333 - WARNING - Bot has died! RESURRECTING... 💎
💎 2025-08-03 19:26:59,067 - INFO - IMMORTAL STATUS: Bot restarts: 546 💎
💎 2025-08-03 19:27:06,335 - INFO - Starting IMMORTAL Discord Community Global Launcher... 💎
💎 2025-08-03 19:27:06,355 - INFO - IMMORTAL Discord bot started with PID: 20000 💎
💎 2025-08-03 19:27:06,358 - INFO - RESURRECTION SUCCESSFUL! Restart #546 💎
💎 2025-08-03 19:27:06,360 - INFO - Resurrection successful! Guardian continues... 💎
💎 2025-08-03 19:27:36,361 - WARNING - Bot is dead! Resurrection attempt #547 💎
💎 2025-08-03 19:27:36,362 - WARNING - Bot has died! RESURRECTING... 💎
💎 2025-08-03 19:27:46,363 - INFO - Starting IMMORTAL Discord Community Global Launcher... 💎
💎 2025-08-03 19:27:46,375 - INFO - IMMORTAL Discord bot started with PID: 20316 💎
💎 2025-08-03 19:27:46,377 - INFO - RESURRECTION SUCCESSFUL! Restart #547 💎
💎 2025-08-03 19:27:46,378 - INFO - Resurrection successful! Guardian continues... 💎
💎 2025-08-03 19:27:59,068 - INFO - IMMORTAL STATUS: Bot restarts: 547 💎
💎 2025-08-03 19:28:16,379 - WARNING - Bot is dead! Resurrection attempt #548 💎
💎 2025-08-03 19:28:16,379 - WARNING - Bot has died! RESURRECTING... 💎
💎 2025-08-03 19:28:26,380 - INFO - Starting IMMORTAL Discord Community Global Launcher... 💎
💎 2025-08-03 19:28:26,387 - INFO - IMMORTAL Discord bot started with PID: 7324 💎
💎 2025-08-03 19:28:26,388 - INFO - RESURRECTION SUCCESSFUL! Restart #548 💎
💎 2025-08-03 19:28:26,388 - INFO - Resurrection successful! Guardian continues... 💎
💎 2025-08-03 19:28:56,389 - WARNING - Bot is dead! Resurrection attempt #549 💎
💎 2025-08-03 19:28:56,389 - WARNING - Bot has died! RESURRECTING... 💎
💎 2025-08-03 19:28:59,070 - INFO - IMMORTAL STATUS: Bot restarts: 549 💎
💎 2025-08-03 19:29:06,390 - INFO - Starting IMMORTAL Discord Community Global Launcher... 💎
💎 2025-08-03 19:29:06,401 - INFO - IMMORTAL Discord bot started with PID: 14748 💎
💎 2025-08-03 19:29:06,403 - INFO - RESURRECTION SUCCESSFUL! Restart #549 💎
💎 2025-08-03 19:29:06,403 - INFO - Resurrection successful! Guardian continues... 💎
💎 2025-08-03 19:29:36,404 - WARNING - Bot is dead! Resurrection attempt #550 💎
💎 2025-08-03 19:29:36,405 - WARNING - Bot has died! RESURRECTING... 💎
💎 2025-08-03 19:29:46,407 - INFO - Starting IMMORTAL Discord Community Global Launcher... 💎
💎 2025-08-03 19:29:46,415 - INFO - IMMORTAL Discord bot started with PID: 11244 💎
💎 2025-08-03 19:29:46,417 - INFO - RESURRECTION SUCCESSFUL! Restart #550 💎
💎 2025-08-03 19:29:46,417 - INFO - Resurrection successful! Guardian continues... 💎
💎 2025-08-03 19:29:59,071 - INFO - IMMORTAL STATUS: Bot restarts: 550 💎
💎 2025-08-03 19:30:16,426 - WARNING - Bot is dead! Resurrection attempt #551 💎
💎 2025-08-03 19:30:16,427 - WARNING - Bot has died! RESURRECTING... 💎
💎 2025-08-03 19:30:26,429 - INFO - Starting IMMORTAL Discord Community Global Launcher... 💎
💎 2025-08-03 19:30:26,438 - INFO - IMMORTAL Discord bot started with PID: 15956 💎
💎 2025-08-03 19:30:26,440 - INFO - RESURRECTION SUCCESSFUL! Restart #551 💎
💎 2025-08-03 19:30:26,440 - INFO - Resurrection successful! Guardian continues... 💎
💎 2025-08-03 19:30:56,442 - WARNING - Bot is dead! Resurrection attempt #552 💎
💎 2025-08-03 19:30:56,443 - WARNING - Bot has died! RESURRECTING... 💎
💎 2025-08-03 19:30:59,072 - INFO - IMMORTAL STATUS: Bot restarts: 552 💎
💎 2025-08-03 19:31:06,445 - INFO - Starting IMMORTAL Discord Community Global Launcher... 💎
💎 2025-08-03 19:31:06,456 - INFO - IMMORTAL Discord bot started with PID: 12656 💎
💎 2025-08-03 19:31:06,458 - INFO - RESURRECTION SUCCESSFUL! Restart #552 💎
💎 2025-08-03 19:31:06,460 - INFO - Resurrection successful! Guardian continues... 💎
💎 2025-08-03 19:31:36,461 - WARNING - Bot is dead! Resurrection attempt #553 💎
💎 2025-08-03 19:31:36,462 - WARNING - Bot has died! RESURRECTING... 💎
💎 2025-08-03 19:31:46,463 - INFO - Starting IMMORTAL Discord Community Global Launcher... 💎
💎 2025-08-03 19:31:46,472 - INFO - IMMORTAL Discord bot started with PID: 16100 💎
💎 2025-08-03 19:31:46,473 - INFO - RESURRECTION SUCCESSFUL! Restart #553 💎
💎 2025-08-03 19:31:46,474 - INFO - Resurrection successful! Guardian continues... 💎
💎 2025-08-03 19:31:59,073 - INFO - IMMORTAL STATUS: Bot restarts: 553 💎
💎 2025-08-03 19:32:16,476 - WARNING - Bot is dead! Resurrection attempt #554 💎
💎 2025-08-03 19:32:16,476 - WARNING - Bot has died! RESURRECTING... 💎
💎 2025-08-03 19:32:26,477 - INFO - Starting IMMORTAL Discord Community Global Launcher... 💎
💎 2025-08-03 19:32:26,485 - INFO - IMMORTAL Discord bot started with PID: 10728 💎
💎 2025-08-03 19:32:26,489 - INFO - RESURRECTION SUCCESSFUL! Restart #554 💎
💎 2025-08-03 19:32:26,492 - INFO - Resurrection successful! Guardian continues... 💎
💎 2025-08-03 19:32:56,493 - WARNING - Bot is dead! Resurrection attempt #555 💎
💎 2025-08-03 19:32:56,494 - WARNING - Bot has died! RESURRECTING... 💎
💎 2025-08-03 19:32:59,074 - INFO - IMMORTAL STATUS: Bot restarts: 555 💎
💎 2025-08-03 19:33:06,494 - INFO - Starting IMMORTAL Discord Community Global Launcher... 💎
💎 2025-08-03 19:33:06,503 - INFO - IMMORTAL Discord bot started with PID: 20820 💎
💎 2025-08-03 19:33:06,505 - INFO - RESURRECTION SUCCESSFUL! Restart #555 💎
💎 2025-08-03 19:33:06,506 - INFO - Resurrection successful! Guardian continues... 💎
💎 2025-08-03 19:33:36,508 - WARNING - Bot is dead! Resurrection attempt #556 💎
💎 2025-08-03 19:33:36,508 - WARNING - Bot has died! RESURRECTING... 💎
💎 2025-08-03 19:33:46,509 - INFO - Starting IMMORTAL Discord Community Global Launcher... 💎
💎 2025-08-03 19:33:46,519 - INFO - IMMORTAL Discord bot started with PID: 9972 💎
💎 2025-08-03 19:33:46,521 - INFO - RESURRECTION SUCCESSFUL! Restart #556 💎
💎 2025-08-03 19:33:46,522 - INFO - Resurrection successful! Guardian continues... 💎
💎 2025-08-03 19:33:59,075 - INFO - IMMORTAL STATUS: Bot restarts: 556 💎
💎 2025-08-03 19:34:16,523 - WARNING - Bot is dead! Resurrection attempt #557 💎
💎 2025-08-03 19:34:16,523 - WARNING - Bot has died! RESURRECTING... 💎
💎 2025-08-03 19:34:26,524 - INFO - Starting IMMORTAL Discord Community Global Launcher... 💎
💎 2025-08-03 19:34:26,532 - INFO - IMMORTAL Discord bot started with PID: 19844 💎
💎 2025-08-03 19:34:26,534 - INFO - RESURRECTION SUCCESSFUL! Restart #557 💎
💎 2025-08-03 19:34:26,535 - INFO - Resurrection successful! Guardian continues... 💎
💎 2025-08-03 19:34:56,536 - WARNING - Bot is dead! Resurrection attempt #558 💎
💎 2025-08-03 19:34:56,536 - WARNING - Bot has died! RESURRECTING... 💎
💎 2025-08-03 19:34:59,076 - INFO - IMMORTAL STATUS: Bot restarts: 558 💎
💎 2025-08-03 19:35:06,537 - INFO - Starting IMMORTAL Discord Community Global Launcher... 💎
💎 2025-08-03 19:35:06,546 - INFO - IMMORTAL Discord bot started with PID: 21156 💎
💎 2025-08-03 19:35:06,548 - INFO - RESURRECTION SUCCESSFUL! Restart #558 💎
💎 2025-08-03 19:35:06,549 - INFO - Resurrection successful! Guardian continues... 💎
💎 2025-08-03 19:35:36,550 - WARNING - Bot is dead! Resurrection attempt #559 💎
💎 2025-08-03 19:35:36,551 - WARNING - Bot has died! RESURRECTING... 💎
💎 2025-08-03 19:35:46,551 - INFO - Starting IMMORTAL Discord Community Global Launcher... 💎
💎 2025-08-03 19:35:46,560 - INFO - IMMORTAL Discord bot started with PID: 7828 💎
💎 2025-08-03 19:35:46,561 - INFO - RESURRECTION SUCCESSFUL! Restart #559 💎
💎 2025-08-03 19:35:46,562 - INFO - Resurrection successful! Guardian continues... 💎
💎 2025-08-03 19:35:59,077 - INFO - IMMORTAL STATUS: Bot restarts: 559 💎
💎 2025-08-03 19:36:16,563 - WARNING - Bot is dead! Resurrection attempt #560 💎
💎 2025-08-03 19:36:16,563 - WARNING - Bot has died! RESURRECTING... 💎
💎 2025-08-03 19:36:26,564 - INFO - Starting IMMORTAL Discord Community Global Launcher... 💎
💎 2025-08-03 19:36:26,573 - INFO - IMMORTAL Discord bot started with PID: 18376 💎
💎 2025-08-03 19:36:26,575 - INFO - RESURRECTION SUCCESSFUL! Restart #560 💎
💎 2025-08-03 19:36:26,575 - INFO - Resurrection successful! Guardian continues... 💎
💎 2025-08-03 19:36:56,577 - WARNING - Bot is dead! Resurrection attempt #561 💎
💎 2025-08-03 19:36:56,577 - WARNING - Bot has died! RESURRECTING... 💎
💎 2025-08-03 19:36:59,078 - INFO - IMMORTAL STATUS: Bot restarts: 561 💎
💎 2025-08-03 19:37:06,578 - INFO - Starting IMMORTAL Discord Community Global Launcher... 💎
💎 2025-08-03 19:37:06,590 - INFO - IMMORTAL Discord bot started with PID: 7996 💎
💎 2025-08-03 19:37:06,592 - INFO - RESURRECTION SUCCESSFUL! Restart #561 💎
💎 2025-08-03 19:37:06,593 - INFO - Resurrection successful! Guardian continues... 💎
💎 2025-08-03 19:37:36,593 - WARNING - Bot is dead! Resurrection attempt #562 💎
💎 2025-08-03 19:37:36,594 - WARNING - Bot has died! RESURRECTING... 💎
💎 2025-08-03 19:37:46,597 - INFO - Starting IMMORTAL Discord Community Global Launcher... 💎
💎 2025-08-03 19:37:46,607 - INFO - IMMORTAL Discord bot started with PID: 13632 💎
💎 2025-08-03 19:37:46,609 - INFO - RESURRECTION SUCCESSFUL! Restart #562 💎
💎 2025-08-03 19:37:46,609 - INFO - Resurrection successful! Guardian continues... 💎
💎 2025-08-03 19:37:59,079 - INFO - IMMORTAL STATUS: Bot restarts: 562 💎
💎 2025-08-03 19:38:16,612 - WARNING - Bot is dead! Resurrection attempt #563 💎
💎 2025-08-03 19:38:16,615 - WARNING - Bot has died! RESURRECTING... 💎
💎 2025-08-03 19:38:26,619 - INFO - Starting IMMORTAL Discord Community Global Launcher... 💎
💎 2025-08-03 19:38:26,638 - INFO - IMMORTAL Discord bot started with PID: 16696 💎
💎 2025-08-03 19:38:26,640 - INFO - RESURRECTION SUCCESSFUL! Restart #563 💎
💎 2025-08-03 19:38:26,641 - INFO - Resurrection successful! Guardian continues... 💎
💎 2025-08-03 19:38:56,643 - WARNING - Bot is dead! Resurrection attempt #564 💎
💎 2025-08-03 19:38:56,643 - WARNING - Bot has died! RESURRECTING... 💎
💎 2025-08-03 19:38:59,080 - INFO - IMMORTAL STATUS: Bot restarts: 564 💎
💎 2025-08-03 19:39:06,644 - INFO - Starting IMMORTAL Discord Community Global Launcher... 💎
💎 2025-08-03 19:39:06,651 - INFO - IMMORTAL Discord bot started with PID: 21208 💎
💎 2025-08-03 19:39:06,653 - INFO - RESURRECTION SUCCESSFUL! Restart #564 💎
💎 2025-08-03 19:39:06,653 - INFO - Resurrection successful! Guardian continues... 💎
💎 2025-08-03 19:39:36,654 - WARNING - Bot is dead! Resurrection attempt #565 💎
💎 2025-08-03 19:39:36,655 - WARNING - Bot has died! RESURRECTING... 💎
💎 2025-08-03 19:39:46,656 - INFO - Starting IMMORTAL Discord Community Global Launcher... 💎
💎 2025-08-03 19:39:46,666 - INFO - IMMORTAL Discord bot started with PID: 21368 💎
💎 2025-08-03 19:39:46,668 - INFO - RESURRECTION SUCCESSFUL! Restart #565 💎
💎 2025-08-03 19:39:46,669 - INFO - Resurrection successful! Guardian continues... 💎
💎 2025-08-03 19:39:59,081 - INFO - IMMORTAL STATUS: Bot restarts: 565 💎
💎 2025-08-03 19:40:16,670 - WARNING - Bot is dead! Resurrection attempt #566 💎
💎 2025-08-03 19:40:16,671 - WARNING - Bot has died! RESURRECTING... 💎
💎 2025-08-03 19:40:26,672 - INFO - Starting IMMORTAL Discord Community Global Launcher... 💎
💎 2025-08-03 19:40:26,691 - INFO - IMMORTAL Discord bot started with PID: 15956 💎
💎 2025-08-03 19:40:26,699 - INFO - RESURRECTION SUCCESSFUL! Restart #566 💎
💎 2025-08-03 19:40:26,702 - INFO - Resurrection successful! Guardian continues... 💎
💎 2025-08-03 19:40:56,704 - WARNING - Bot is dead! Resurrection attempt #567 💎
💎 2025-08-03 19:40:56,705 - WARNING - Bot has died! RESURRECTING... 💎
💎 2025-08-03 19:40:59,082 - INFO - IMMORTAL STATUS: Bot restarts: 567 💎
💎 2025-08-03 19:41:06,706 - INFO - Starting IMMORTAL Discord Community Global Launcher... 💎
💎 2025-08-03 19:41:06,718 - INFO - IMMORTAL Discord bot started with PID: 16656 💎
💎 2025-08-03 19:41:06,720 - INFO - RESURRECTION SUCCESSFUL! Restart #567 💎
💎 2025-08-03 19:41:06,721 - INFO - Resurrection successful! Guardian continues... 💎
💎 2025-08-03 19:41:36,724 - WARNING - Bot is dead! Resurrection attempt #568 💎
💎 2025-08-03 19:41:36,724 - WARNING - Bot has died! RESURRECTING... 💎
💎 2025-08-03 19:41:46,725 - INFO - Starting IMMORTAL Discord Community Global Launcher... 💎
💎 2025-08-03 19:41:46,733 - INFO - IMMORTAL Discord bot started with PID: 20952 💎
💎 2025-08-03 19:41:46,736 - INFO - RESURRECTION SUCCESSFUL! Restart #568 💎
💎 2025-08-03 19:41:46,736 - INFO - Resurrection successful! Guardian continues... 💎
💎 2025-08-03 19:41:59,083 - INFO - IMMORTAL STATUS: Bot restarts: 568 💎
💎 2025-08-03 19:42:16,737 - WARNING - Bot is dead! Resurrection attempt #569 💎
💎 2025-08-03 19:42:16,738 - WARNING - Bot has died! RESURRECTING... 💎
💎 2025-08-03 19:42:26,738 - INFO - Starting IMMORTAL Discord Community Global Launcher... 💎
💎 2025-08-03 19:42:26,748 - INFO - IMMORTAL Discord bot started with PID: 20680 💎
💎 2025-08-03 19:42:26,751 - INFO - RESURRECTION SUCCESSFUL! Restart #569 💎
💎 2025-08-03 19:42:26,751 - INFO - Resurrection successful! Guardian continues... 💎
💎 2025-08-03 19:42:56,752 - WARNING - Bot is dead! Resurrection attempt #570 💎
💎 2025-08-03 19:42:56,752 - WARNING - Bot has died! RESURRECTING... 💎
💎 2025-08-03 19:42:59,084 - INFO - IMMORTAL STATUS: Bot restarts: 570 💎
💎 2025-08-03 19:43:06,753 - INFO - Starting IMMORTAL Discord Community Global Launcher... 💎
💎 2025-08-03 19:43:06,760 - INFO - IMMORTAL Discord bot started with PID: 21372 💎
💎 2025-08-03 19:43:06,762 - INFO - RESURRECTION SUCCESSFUL! Restart #570 💎
💎 2025-08-03 19:43:06,762 - INFO - Resurrection successful! Guardian continues... 💎
💎 2025-08-03 19:43:36,763 - WARNING - Bot is dead! Resurrection attempt #571 💎
💎 2025-08-03 19:43:36,764 - WARNING - Bot has died! RESURRECTING... 💎
💎 2025-08-03 19:43:46,765 - INFO - Starting IMMORTAL Discord Community Global Launcher... 💎
💎 2025-08-03 19:43:46,772 - INFO - IMMORTAL Discord bot started with PID: 20568 💎
💎 2025-08-03 19:43:46,774 - INFO - RESURRECTION SUCCESSFUL! Restart #571 💎
💎 2025-08-03 19:43:46,774 - INFO - Resurrection successful! Guardian continues... 💎
💎 2025-08-03 19:43:59,085 - INFO - IMMORTAL STATUS: Bot restarts: 571 💎
💎 2025-08-03 19:44:16,775 - WARNING - Bot is dead! Resurrection attempt #572 💎
💎 2025-08-03 19:44:16,776 - WARNING - Bot has died! RESURRECTING... 💎
💎 2025-08-03 19:44:26,776 - INFO - Starting IMMORTAL Discord Community Global Launcher... 💎
💎 2025-08-03 19:44:26,793 - INFO - IMMORTAL Discord bot started with PID: 11948 💎
💎 2025-08-03 19:44:26,795 - INFO - RESURRECTION SUCCESSFUL! Restart #572 💎
💎 2025-08-03 19:44:26,796 - INFO - Resurrection successful! Guardian continues... 💎
💎 2025-08-03 19:44:56,797 - WARNING - Bot is dead! Resurrection attempt #573 💎
💎 2025-08-03 19:44:56,797 - WARNING - Bot has died! RESURRECTING... 💎
💎 2025-08-03 19:44:59,086 - INFO - IMMORTAL STATUS: Bot restarts: 573 💎
💎 2025-08-03 19:45:06,798 - INFO - Starting IMMORTAL Discord Community Global Launcher... 💎
💎 2025-08-03 19:45:06,813 - INFO - IMMORTAL Discord bot started with PID: 2876 💎
💎 2025-08-03 19:45:06,819 - INFO - RESURRECTION SUCCESSFUL! Restart #573 💎
💎 2025-08-03 19:45:06,820 - INFO - Resurrection successful! Guardian continues... 💎
💎 2025-08-03 19:45:36,821 - WARNING - Bot is dead! Resurrection attempt #574 💎
💎 2025-08-03 19:45:36,822 - WARNING - Bot has died! RESURRECTING... 💎
💎 2025-08-03 19:45:46,823 - INFO - Starting IMMORTAL Discord Community Global Launcher... 💎
💎 2025-08-03 19:45:46,839 - INFO - IMMORTAL Discord bot started with PID: 19048 💎
💎 2025-08-03 19:45:46,843 - INFO - RESURRECTION SUCCESSFUL! Restart #574 💎
💎 2025-08-03 19:45:46,848 - INFO - Resurrection successful! Guardian continues... 💎
💎 2025-08-03 19:45:59,088 - INFO - IMMORTAL STATUS: Bot restarts: 574 💎
💎 2025-08-03 19:46:16,851 - WARNING - Bot is dead! Resurrection attempt #575 💎
💎 2025-08-03 19:46:16,851 - WARNING - Bot has died! RESURRECTING... 💎
💎 2025-08-03 19:46:26,851 - INFO - Starting IMMORTAL Discord Community Global Launcher... 💎
💎 2025-08-03 19:46:26,862 - INFO - IMMORTAL Discord bot started with PID: 20044 💎
💎 2025-08-03 19:46:26,863 - INFO - RESURRECTION SUCCESSFUL! Restart #575 💎
💎 2025-08-03 19:46:26,864 - INFO - Resurrection successful! Guardian continues... 💎
💎 2025-08-03 19:46:56,865 - WARNING - Bot is dead! Resurrection attempt #576 💎
💎 2025-08-03 19:46:56,866 - WARNING - Bot has died! RESURRECTING... 💎
💎 2025-08-03 19:46:59,091 - INFO - IMMORTAL STATUS: Bot restarts: 576 💎
💎 2025-08-03 19:47:06,867 - INFO - Starting IMMORTAL Discord Community Global Launcher... 💎
💎 2025-08-03 19:47:06,886 - INFO - IMMORTAL Discord bot started with PID: 12436 💎
💎 2025-08-03 19:47:06,889 - INFO - RESURRECTION SUCCESSFUL! Restart #576 💎
💎 2025-08-03 19:47:06,891 - INFO - Resurrection successful! Guardian continues... 💎
💎 2025-08-03 19:47:36,895 - WARNING - Bot is dead! Resurrection attempt #577 💎
💎 2025-08-03 19:47:36,895 - WARNING - Bot has died! RESURRECTING... 💎
💎 2025-08-03 19:47:46,896 - INFO - Starting IMMORTAL Discord Community Global Launcher... 💎
💎 2025-08-03 19:47:46,905 - INFO - IMMORTAL Discord bot started with PID: 19620 💎
💎 2025-08-03 19:47:46,907 - INFO - RESURRECTION SUCCESSFUL! Restart #577 💎
💎 2025-08-03 19:47:46,907 - INFO - Resurrection successful! Guardian continues... 💎
💎 2025-08-03 19:47:59,093 - INFO - IMMORTAL STATUS: Bot restarts: 577 💎
💎 2025-08-03 19:48:16,908 - WARNING - Bot is dead! Resurrection attempt #578 💎
💎 2025-08-03 19:48:16,910 - WARNING - Bot has died! RESURRECTING... 💎
💎 2025-08-03 19:48:26,911 - INFO - Starting IMMORTAL Discord Community Global Launcher... 💎
💎 2025-08-03 19:48:26,922 - INFO - IMMORTAL Discord bot started with PID: 19696 💎
💎 2025-08-03 19:48:26,926 - INFO - RESURRECTION SUCCESSFUL! Restart #578 💎
💎 2025-08-03 19:48:26,927 - INFO - Resurrection successful! Guardian continues... 💎
💎 2025-08-03 19:48:56,928 - WARNING - Bot is dead! Resurrection attempt #579 💎
💎 2025-08-03 19:48:56,928 - WARNING - Bot has died! RESURRECTING... 💎
💎 2025-08-03 19:48:59,094 - INFO - IMMORTAL STATUS: Bot restarts: 579 💎
💎 2025-08-03 19:49:06,929 - INFO - Starting IMMORTAL Discord Community Global Launcher... 💎
💎 2025-08-03 19:49:06,939 - INFO - IMMORTAL Discord bot started with PID: 20000 💎
💎 2025-08-03 19:49:06,940 - INFO - RESURRECTION SUCCESSFUL! Restart #579 💎
💎 2025-08-03 19:49:06,941 - INFO - Resurrection successful! Guardian continues... 💎
💎 2025-08-03 19:49:36,942 - WARNING - Bot is dead! Resurrection attempt #580 💎
💎 2025-08-03 19:49:36,942 - WARNING - Bot has died! RESURRECTING... 💎
💎 2025-08-03 19:49:46,943 - INFO - Starting IMMORTAL Discord Community Global Launcher... 💎
💎 2025-08-03 19:49:46,955 - INFO - IMMORTAL Discord bot started with PID: 21276 💎
💎 2025-08-03 19:49:46,958 - INFO - RESURRECTION SUCCESSFUL! Restart #580 💎
💎 2025-08-03 19:49:46,959 - INFO - Resurrection successful! Guardian continues... 💎
💎 2025-08-03 19:49:59,094 - INFO - IMMORTAL STATUS: Bot restarts: 580 💎
💎 2025-08-03 19:50:16,961 - WARNING - Bot is dead! Resurrection attempt #581 💎
💎 2025-08-03 19:50:16,961 - WARNING - Bot has died! RESURRECTING... 💎
💎 2025-08-03 19:50:26,962 - INFO - Starting IMMORTAL Discord Community Global Launcher... 💎
💎 2025-08-03 19:50:26,986 - INFO - IMMORTAL Discord bot started with PID: 18056 💎
💎 2025-08-03 19:50:26,989 - INFO - RESURRECTION SUCCESSFUL! Restart #581 💎
💎 2025-08-03 19:50:26,992 - INFO - Resurrection successful! Guardian continues... 💎
💎 2025-08-03 19:50:56,995 - WARNING - Bot is dead! Resurrection attempt #582 💎
💎 2025-08-03 19:50:56,996 - WARNING - Bot has died! RESURRECTING... 💎
💎 2025-08-03 19:50:59,096 - INFO - IMMORTAL STATUS: Bot restarts: 582 💎
💎 2025-08-03 19:51:06,998 - INFO - Starting IMMORTAL Discord Community Global Launcher... 💎
💎 2025-08-03 19:51:07,007 - INFO - IMMORTAL Discord bot started with PID: 20088 💎
💎 2025-08-03 19:51:07,008 - INFO - RESURRECTION SUCCESSFUL! Restart #582 💎
💎 2025-08-03 19:51:07,009 - INFO - Resurrection successful! Guardian continues... 💎
💎 2025-08-03 19:51:37,011 - WARNING - Bot is dead! Resurrection attempt #583 💎
💎 2025-08-03 19:51:37,012 - WARNING - Bot has died! RESURRECTING... 💎
💎 2025-08-03 19:51:47,013 - INFO - Starting IMMORTAL Discord Community Global Launcher... 💎
💎 2025-08-03 19:51:47,022 - INFO - IMMORTAL Discord bot started with PID: 13064 💎
💎 2025-08-03 19:51:47,024 - INFO - RESURRECTION SUCCESSFUL! Restart #583 💎
💎 2025-08-03 19:51:47,024 - INFO - Resurrection successful! Guardian continues... 💎
💎 2025-08-03 19:51:59,096 - INFO - IMMORTAL STATUS: Bot restarts: 583 💎
💎 2025-08-03 19:52:17,025 - WARNING - Bot is dead! Resurrection attempt #584 💎
💎 2025-08-03 19:52:17,026 - WARNING - Bot has died! RESURRECTING... 💎
💎 2025-08-03 19:52:27,027 - INFO - Starting IMMORTAL Discord Community Global Launcher... 💎
💎 2025-08-03 19:52:27,033 - INFO - IMMORTAL Discord bot started with PID: 15780 💎
💎 2025-08-03 19:52:27,034 - INFO - RESURRECTION SUCCESSFUL! Restart #584 💎
💎 2025-08-03 19:52:27,035 - INFO - Resurrection successful! Guardian continues... 💎
💎 2025-08-03 19:52:57,036 - WARNING - Bot is dead! Resurrection attempt #585 💎
💎 2025-08-03 19:52:57,036 - WARNING - Bot has died! RESURRECTING... 💎
💎 2025-08-03 19:52:59,097 - INFO - IMMORTAL STATUS: Bot restarts: 585 💎
💎 2025-08-03 19:53:07,037 - INFO - Starting IMMORTAL Discord Community Global Launcher... 💎
💎 2025-08-03 19:53:07,044 - INFO - IMMORTAL Discord bot started with PID: 21116 💎
💎 2025-08-03 19:53:07,046 - INFO - RESURRECTION SUCCESSFUL! Restart #585 💎
💎 2025-08-03 19:53:07,047 - INFO - Resurrection successful! Guardian continues... 💎
💎 2025-08-03 19:53:37,048 - WARNING - Bot is dead! Resurrection attempt #586 💎
💎 2025-08-03 19:53:37,048 - WARNING - Bot has died! RESURRECTING... 💎
💎 2025-08-03 19:53:47,049 - INFO - Starting IMMORTAL Discord Community Global Launcher... 💎
💎 2025-08-03 19:53:47,058 - INFO - IMMORTAL Discord bot started with PID: 20864 💎
💎 2025-08-03 19:53:47,060 - INFO - RESURRECTION SUCCESSFUL! Restart #586 💎
💎 2025-08-03 19:53:47,060 - INFO - Resurrection successful! Guardian continues... 💎
💎 2025-08-03 19:53:59,098 - INFO - IMMORTAL STATUS: Bot restarts: 586 💎
💎 2025-08-03 19:54:17,061 - WARNING - Bot is dead! Resurrection attempt #587 💎
💎 2025-08-03 19:54:17,062 - WARNING - Bot has died! RESURRECTING... 💎
💎 2025-08-03 19:54:27,062 - INFO - Starting IMMORTAL Discord Community Global Launcher... 💎
💎 2025-08-03 19:54:27,070 - INFO - IMMORTAL Discord bot started with PID: 19164 💎
💎 2025-08-03 19:54:27,072 - INFO - RESURRECTION SUCCESSFUL! Restart #587 💎
💎 2025-08-03 19:54:27,072 - INFO - Resurrection successful! Guardian continues... 💎
💎 2025-08-03 19:54:57,073 - WARNING - Bot is dead! Resurrection attempt #588 💎
💎 2025-08-03 19:54:57,073 - WARNING - Bot has died! RESURRECTING... 💎
💎 2025-08-03 19:54:59,099 - INFO - IMMORTAL STATUS: Bot restarts: 588 💎
💎 2025-08-03 19:55:07,098 - INFO - Starting IMMORTAL Discord Community Global Launcher... 💎
💎 2025-08-03 19:55:07,127 - INFO - IMMORTAL Discord bot started with PID: 8552 💎
💎 2025-08-03 19:55:07,137 - INFO - RESURRECTION SUCCESSFUL! Restart #588 💎
💎 2025-08-03 19:55:07,197 - INFO - Resurrection successful! Guardian continues... 💎
💎 2025-08-03 19:55:37,224 - WARNING - Bot is dead! Resurrection attempt #589 💎
💎 2025-08-03 19:55:37,225 - WARNING - Bot has died! RESURRECTING... 💎
💎 2025-08-03 19:55:47,226 - INFO - Starting IMMORTAL Discord Community Global Launcher... 💎
💎 2025-08-03 19:55:47,234 - INFO - IMMORTAL Discord bot started with PID: 21244 💎
💎 2025-08-03 19:55:47,237 - INFO - RESURRECTION SUCCESSFUL! Restart #589 💎
💎 2025-08-03 19:55:47,239 - INFO - Resurrection successful! Guardian continues... 💎
💎 2025-08-03 19:55:59,100 - INFO - IMMORTAL STATUS: Bot restarts: 589 💎
💎 2025-08-03 19:56:17,240 - WARNING - Bot is dead! Resurrection attempt #590 💎
💎 2025-08-03 19:56:17,241 - WARNING - Bot has died! RESURRECTING... 💎
💎 2025-08-03 19:56:27,242 - INFO - Starting IMMORTAL Discord Community Global Launcher... 💎
💎 2025-08-03 19:56:27,256 - INFO - IMMORTAL Discord bot started with PID: 12780 💎
💎 2025-08-03 19:56:27,258 - INFO - RESURRECTION SUCCESSFUL! Restart #590 💎
💎 2025-08-03 19:56:27,259 - INFO - Resurrection successful! Guardian continues... 💎
💎 2025-08-03 19:56:57,261 - WARNING - Bot is dead! Resurrection attempt #591 💎
💎 2025-08-03 19:56:57,262 - WARNING - Bot has died! RESURRECTING... 💎
💎 2025-08-03 19:56:59,101 - INFO - IMMORTAL STATUS: Bot restarts: 591 💎
💎 2025-08-03 19:57:07,263 - INFO - Starting IMMORTAL Discord Community Global Launcher... 💎
💎 2025-08-03 19:57:07,275 - INFO - IMMORTAL Discord bot started with PID: 12840 💎
💎 2025-08-03 19:57:07,278 - INFO - RESURRECTION SUCCESSFUL! Restart #591 💎
💎 2025-08-03 19:57:07,280 - INFO - Resurrection successful! Guardian continues... 💎
💎 2025-08-03 19:57:37,282 - WARNING - Bot is dead! Resurrection attempt #592 💎
💎 2025-08-03 19:57:37,283 - WARNING - Bot has died! RESURRECTING... 💎
💎 2025-08-03 19:57:47,284 - INFO - Starting IMMORTAL Discord Community Global Launcher... 💎
💎 2025-08-03 19:57:47,294 - INFO - IMMORTAL Discord bot started with PID: 364 💎
💎 2025-08-03 19:57:47,297 - INFO - RESURRECTION SUCCESSFUL! Restart #592 💎
💎 2025-08-03 19:57:47,297 - INFO - Resurrection successful! Guardian continues... 💎
💎 2025-08-03 19:57:59,101 - INFO - IMMORTAL STATUS: Bot restarts: 592 💎
💎 2025-08-03 19:58:17,298 - WARNING - Bot is dead! Resurrection attempt #593 💎
💎 2025-08-03 19:58:17,298 - WARNING - Bot has died! RESURRECTING... 💎
💎 2025-08-03 19:58:27,299 - INFO - Starting IMMORTAL Discord Community Global Launcher... 💎
💎 2025-08-03 19:58:27,309 - INFO - IMMORTAL Discord bot started with PID: 3252 💎
💎 2025-08-03 19:58:27,310 - INFO - RESURRECTION SUCCESSFUL! Restart #593 💎
💎 2025-08-03 19:58:27,311 - INFO - Resurrection successful! Guardian continues... 💎
💎 2025-08-03 19:58:57,314 - WARNING - Bot is dead! Resurrection attempt #594 💎
💎 2025-08-03 19:58:57,314 - WARNING - Bot has died! RESURRECTING... 💎
💎 2025-08-03 19:58:59,102 - INFO - IMMORTAL STATUS: Bot restarts: 594 💎
💎 2025-08-03 19:59:07,315 - INFO - Starting IMMORTAL Discord Community Global Launcher... 💎
💎 2025-08-03 19:59:07,330 - INFO - IMMORTAL Discord bot started with PID: 8660 💎
💎 2025-08-03 19:59:07,334 - INFO - RESURRECTION SUCCESSFUL! Restart #594 💎
💎 2025-08-03 19:59:07,335 - INFO - Resurrection successful! Guardian continues... 💎
💎 2025-08-03 19:59:37,336 - WARNING - Bot is dead! Resurrection attempt #595 💎
💎 2025-08-03 19:59:37,337 - WARNING - Bot has died! RESURRECTING... 💎
💎 2025-08-03 19:59:47,339 - INFO - Starting IMMORTAL Discord Community Global Launcher... 💎
💎 2025-08-03 19:59:47,347 - INFO - IMMORTAL Discord bot started with PID: 18396 💎
💎 2025-08-03 19:59:47,348 - INFO - RESURRECTION SUCCESSFUL! Restart #595 💎
💎 2025-08-03 19:59:47,349 - INFO - Resurrection successful! Guardian continues... 💎
💎 2025-08-03 19:59:59,103 - INFO - IMMORTAL STATUS: Bot restarts: 595 💎
💎 2025-08-03 20:00:17,350 - WARNING - Bot is dead! Resurrection attempt #596 💎
💎 2025-08-03 20:00:17,350 - WARNING - Bot has died! RESURRECTING... 💎
💎 2025-08-03 20:00:27,351 - INFO - Starting IMMORTAL Discord Community Global Launcher... 💎
💎 2025-08-03 20:00:27,359 - INFO - IMMORTAL Discord bot started with PID: 19520 💎
💎 2025-08-03 20:00:27,362 - INFO - RESURRECTION SUCCESSFUL! Restart #596 💎
💎 2025-08-03 20:00:27,362 - INFO - Resurrection successful! Guardian continues... 💎
💎 2025-08-03 20:00:57,363 - WARNING - Bot is dead! Resurrection attempt #597 💎
💎 2025-08-03 20:00:57,364 - WARNING - Bot has died! RESURRECTING... 💎
💎 2025-08-03 20:00:59,104 - INFO - IMMORTAL STATUS: Bot restarts: 597 💎
💎 2025-08-03 20:01:07,364 - INFO - Starting IMMORTAL Discord Community Global Launcher... 💎
💎 2025-08-03 20:01:07,371 - INFO - IMMORTAL Discord bot started with PID: 16076 💎
💎 2025-08-03 20:01:07,373 - INFO - RESURRECTION SUCCESSFUL! Restart #597 💎
💎 2025-08-03 20:01:07,374 - INFO - Resurrection successful! Guardian continues... 💎
💎 2025-08-03 20:01:37,375 - WARNING - Bot is dead! Resurrection attempt #598 💎
💎 2025-08-03 20:01:37,376 - WARNING - Bot has died! RESURRECTING... 💎
💎 2025-08-03 20:01:47,380 - INFO - Starting IMMORTAL Discord Community Global Launcher... 💎
💎 2025-08-03 20:01:47,389 - INFO - IMMORTAL Discord bot started with PID: 11532 💎
💎 2025-08-03 20:01:47,391 - INFO - RESURRECTION SUCCESSFUL! Restart #598 💎
💎 2025-08-03 20:01:47,392 - INFO - Resurrection successful! Guardian continues... 💎
💎 2025-08-03 20:01:59,105 - INFO - IMMORTAL STATUS: Bot restarts: 598 💎
💎 2025-08-03 20:02:17,393 - WARNING - Bot is dead! Resurrection attempt #599 💎
💎 2025-08-03 20:02:17,393 - WARNING - Bot has died! RESURRECTING... 💎
💎 2025-08-03 20:02:27,394 - INFO - Starting IMMORTAL Discord Community Global Launcher... 💎
💎 2025-08-03 20:02:27,407 - INFO - IMMORTAL Discord bot started with PID: 21140 💎
💎 2025-08-03 20:02:27,409 - INFO - RESURRECTION SUCCESSFUL! Restart #599 💎
💎 2025-08-03 20:02:27,409 - INFO - Resurrection successful! Guardian continues... 💎
💎 2025-08-03 20:02:57,412 - WARNING - Bot is dead! Resurrection attempt #600 💎
💎 2025-08-03 20:02:57,412 - WARNING - Bot has died! RESURRECTING... 💎
💎 2025-08-03 20:02:59,105 - INFO - IMMORTAL STATUS: Bot restarts: 600 💎
💎 2025-08-03 20:03:07,413 - INFO - Starting IMMORTAL Discord Community Global Launcher... 💎
💎 2025-08-03 20:03:07,422 - INFO - IMMORTAL Discord bot started with PID: 21244 💎
💎 2025-08-03 20:03:07,423 - INFO - RESURRECTION SUCCESSFUL! Restart #600 💎
💎 2025-08-03 20:03:07,424 - INFO - Resurrection successful! Guardian continues... 💎
💎 2025-08-03 20:03:37,425 - WARNING - Bot is dead! Resurrection attempt #601 💎
💎 2025-08-03 20:03:37,425 - WARNING - Bot has died! RESURRECTING... 💎
💎 2025-08-03 20:03:47,426 - INFO - Starting IMMORTAL Discord Community Global Launcher... 💎
💎 2025-08-03 20:03:47,435 - INFO - IMMORTAL Discord bot started with PID: 1432 💎
💎 2025-08-03 20:03:47,438 - INFO - RESURRECTION SUCCESSFUL! Restart #601 💎
💎 2025-08-03 20:03:47,438 - INFO - Resurrection successful! Guardian continues... 💎
💎 2025-08-03 20:03:59,106 - INFO - IMMORTAL STATUS: Bot restarts: 601 💎
💎 2025-08-03 20:04:17,440 - WARNING - Bot is dead! Resurrection attempt #602 💎
💎 2025-08-03 20:04:17,440 - WARNING - Bot has died! RESURRECTING... 💎
💎 2025-08-03 20:04:27,441 - INFO - Starting IMMORTAL Discord Community Global Launcher... 💎
💎 2025-08-03 20:04:27,447 - INFO - IMMORTAL Discord bot started with PID: 15412 💎
💎 2025-08-03 20:04:27,449 - INFO - RESURRECTION SUCCESSFUL! Restart #602 💎
💎 2025-08-03 20:04:27,449 - INFO - Resurrection successful! Guardian continues... 💎
💎 2025-08-03 20:04:57,450 - WARNING - Bot is dead! Resurrection attempt #603 💎
💎 2025-08-03 20:04:57,450 - WARNING - Bot has died! RESURRECTING... 💎
💎 2025-08-03 20:04:59,107 - INFO - IMMORTAL STATUS: Bot restarts: 603 💎
💎 2025-08-03 20:05:07,451 - INFO - Starting IMMORTAL Discord Community Global Launcher... 💎
💎 2025-08-03 20:05:07,461 - INFO - IMMORTAL Discord bot started with PID: 20340 💎
💎 2025-08-03 20:05:07,462 - INFO - RESURRECTION SUCCESSFUL! Restart #603 💎
💎 2025-08-03 20:05:07,465 - INFO - Resurrection successful! Guardian continues... 💎
💎 2025-08-03 20:05:37,466 - WARNING - Bot is dead! Resurrection attempt #604 💎
💎 2025-08-03 20:05:37,467 - WARNING - Bot has died! RESURRECTING... 💎
💎 2025-08-03 20:05:47,467 - INFO - Starting IMMORTAL Discord Community Global Launcher... 💎
💎 2025-08-03 20:05:47,474 - INFO - IMMORTAL Discord bot started with PID: 20248 💎
💎 2025-08-03 20:05:47,475 - INFO - RESURRECTION SUCCESSFUL! Restart #604 💎
💎 2025-08-03 20:05:47,476 - INFO - Resurrection successful! Guardian continues... 💎
💎 2025-08-03 20:05:59,108 - INFO - IMMORTAL STATUS: Bot restarts: 604 💎
💎 2025-08-03 20:06:17,477 - WARNING - Bot is dead! Resurrection attempt #605 💎
💎 2025-08-03 20:06:17,478 - WARNING - Bot has died! RESURRECTING... 💎
💎 2025-08-03 20:06:27,479 - INFO - Starting IMMORTAL Discord Community Global Launcher... 💎
💎 2025-08-03 20:06:27,487 - INFO - IMMORTAL Discord bot started with PID: 6760 💎
💎 2025-08-03 20:06:27,489 - INFO - RESURRECTION SUCCESSFUL! Restart #605 💎
💎 2025-08-03 20:06:27,490 - INFO - Resurrection successful! Guardian continues... 💎
💎 2025-08-03 20:06:57,491 - WARNING - Bot is dead! Resurrection attempt #606 💎
💎 2025-08-03 20:06:57,492 - WARNING - Bot has died! RESURRECTING... 💎
💎 2025-08-03 20:06:59,109 - INFO - IMMORTAL STATUS: Bot restarts: 606 💎
💎 2025-08-03 20:07:07,493 - INFO - Starting IMMORTAL Discord Community Global Launcher... 💎
💎 2025-08-03 20:07:07,503 - INFO - IMMORTAL Discord bot started with PID: 18528 💎
💎 2025-08-03 20:07:07,505 - INFO - RESURRECTION SUCCESSFUL! Restart #606 💎
💎 2025-08-03 20:07:07,506 - INFO - Resurrection successful! Guardian continues... 💎
💎 2025-08-03 20:07:37,507 - WARNING - Bot is dead! Resurrection attempt #607 💎
💎 2025-08-03 20:07:37,507 - WARNING - Bot has died! RESURRECTING... 💎
💎 2025-08-03 20:07:47,508 - INFO - Starting IMMORTAL Discord Community Global Launcher... 💎
💎 2025-08-03 20:07:47,517 - INFO - IMMORTAL Discord bot started with PID: 3484 💎
💎 2025-08-03 20:07:47,518 - INFO - RESURRECTION SUCCESSFUL! Restart #607 💎
💎 2025-08-03 20:07:47,518 - INFO - Resurrection successful! Guardian continues... 💎
💎 2025-08-03 20:07:59,110 - INFO - IMMORTAL STATUS: Bot restarts: 607 💎
💎 2025-08-03 20:08:17,519 - WARNING - Bot is dead! Resurrection attempt #608 💎
💎 2025-08-03 20:08:17,520 - WARNING - Bot has died! RESURRECTING... 💎
💎 2025-08-03 20:08:27,520 - INFO - Starting IMMORTAL Discord Community Global Launcher... 💎
💎 2025-08-03 20:08:27,529 - INFO - IMMORTAL Discord bot started with PID: 21484 💎
💎 2025-08-03 20:08:27,531 - INFO - RESURRECTION SUCCESSFUL! Restart #608 💎
💎 2025-08-03 20:08:27,531 - INFO - Resurrection successful! Guardian continues... 💎
💎 2025-08-03 20:08:57,532 - WARNING - Bot is dead! Resurrection attempt #609 💎
💎 2025-08-03 20:08:57,532 - WARNING - Bot has died! RESURRECTING... 💎
💎 2025-08-03 20:08:59,111 - INFO - IMMORTAL STATUS: Bot restarts: 609 💎
💎 2025-08-03 20:09:07,533 - INFO - Starting IMMORTAL Discord Community Global Launcher... 💎
💎 2025-08-03 20:09:07,549 - INFO - IMMORTAL Discord bot started with PID: 21256 💎
💎 2025-08-03 20:09:07,551 - INFO - RESURRECTION SUCCESSFUL! Restart #609 💎
💎 2025-08-03 20:09:07,552 - INFO - Resurrection successful! Guardian continues... 💎
💎 2025-08-03 20:09:37,553 - WARNING - Bot is dead! Resurrection attempt #610 💎
💎 2025-08-03 20:09:37,554 - WARNING - Bot has died! RESURRECTING... 💎
💎 2025-08-03 20:09:47,555 - INFO - Starting IMMORTAL Discord Community Global Launcher... 💎
💎 2025-08-03 20:09:47,562 - INFO - IMMORTAL Discord bot started with PID: 21476 💎
💎 2025-08-03 20:09:47,564 - INFO - RESURRECTION SUCCESSFUL! Restart #610 💎
💎 2025-08-03 20:09:47,564 - INFO - Resurrection successful! Guardian continues... 💎
💎 2025-08-03 20:09:59,112 - INFO - IMMORTAL STATUS: Bot restarts: 610 💎
💎 2025-08-03 20:10:17,565 - WARNING - Bot is dead! Resurrection attempt #611 💎
💎 2025-08-03 20:10:17,566 - WARNING - Bot has died! RESURRECTING... 💎
💎 2025-08-03 20:10:27,566 - INFO - Starting IMMORTAL Discord Community Global Launcher... 💎
💎 2025-08-03 20:10:27,580 - INFO - IMMORTAL Discord bot started with PID: 19484 💎
💎 2025-08-03 20:10:27,584 - INFO - RESURRECTION SUCCESSFUL! Restart #611 💎
💎 2025-08-03 20:10:27,585 - INFO - Resurrection successful! Guardian continues... 💎
💎 2025-08-03 20:10:57,587 - WARNING - Bot is dead! Resurrection attempt #612 💎
💎 2025-08-03 20:10:57,588 - WARNING - Bot has died! RESURRECTING... 💎
💎 2025-08-03 20:10:59,113 - INFO - IMMORTAL STATUS: Bot restarts: 612 💎
💎 2025-08-03 20:11:07,589 - INFO - Starting IMMORTAL Discord Community Global Launcher... 💎
💎 2025-08-03 20:11:07,598 - INFO - IMMORTAL Discord bot started with PID: 21188 💎
💎 2025-08-03 20:11:07,600 - INFO - RESURRECTION SUCCESSFUL! Restart #612 💎
💎 2025-08-03 20:11:07,601 - INFO - Resurrection successful! Guardian continues... 💎
💎 2025-08-03 20:11:37,602 - WARNING - Bot is dead! Resurrection attempt #613 💎
💎 2025-08-03 20:11:37,602 - WARNING - Bot has died! RESURRECTING... 💎
💎 2025-08-03 20:11:47,603 - INFO - Starting IMMORTAL Discord Community Global Launcher... 💎
💎 2025-08-03 20:11:47,611 - INFO - IMMORTAL Discord bot started with PID: 3436 💎
💎 2025-08-03 20:11:47,612 - INFO - RESURRECTION SUCCESSFUL! Restart #613 💎
💎 2025-08-03 20:11:47,613 - INFO - Resurrection successful! Guardian continues... 💎
💎 2025-08-03 20:11:59,114 - INFO - IMMORTAL STATUS: Bot restarts: 613 💎
💎 2025-08-03 20:12:17,614 - WARNING - Bot is dead! Resurrection attempt #614 💎
💎 2025-08-03 20:12:17,614 - WARNING - Bot has died! RESURRECTING... 💎
💎 2025-08-03 20:12:27,615 - INFO - Starting IMMORTAL Discord Community Global Launcher... 💎
💎 2025-08-03 20:12:27,625 - INFO - IMMORTAL Discord bot started with PID: 144 💎
💎 2025-08-03 20:12:27,627 - INFO - RESURRECTION SUCCESSFUL! Restart #614 💎
💎 2025-08-03 20:12:27,628 - INFO - Resurrection successful! Guardian continues... 💎
💎 2025-08-03 20:12:57,629 - WARNING - Bot is dead! Resurrection attempt #615 💎
💎 2025-08-03 20:12:57,629 - WARNING - Bot has died! RESURRECTING... 💎
💎 2025-08-03 20:12:59,114 - INFO - IMMORTAL STATUS: Bot restarts: 615 💎
💎 2025-08-03 20:13:07,630 - INFO - Starting IMMORTAL Discord Community Global Launcher... 💎
💎 2025-08-03 20:13:07,637 - INFO - IMMORTAL Discord bot started with PID: 14088 💎
💎 2025-08-03 20:13:07,639 - INFO - RESURRECTION SUCCESSFUL! Restart #615 💎
💎 2025-08-03 20:13:07,639 - INFO - Resurrection successful! Guardian continues... 💎
💎 2025-08-03 20:13:37,640 - WARNING - Bot is dead! Resurrection attempt #616 💎
💎 2025-08-03 20:13:37,641 - WARNING - Bot has died! RESURRECTING... 💎
💎 2025-08-03 20:13:47,642 - INFO - Starting IMMORTAL Discord Community Global Launcher... 💎
💎 2025-08-03 20:13:47,648 - INFO - IMMORTAL Discord bot started with PID: 20668 💎
💎 2025-08-03 20:13:47,650 - INFO - RESURRECTION SUCCESSFUL! Restart #616 💎
💎 2025-08-03 20:13:47,650 - INFO - Resurrection successful! Guardian continues... 💎
💎 2025-08-03 20:13:59,115 - INFO - IMMORTAL STATUS: Bot restarts: 616 💎
💎 2025-08-03 20:14:17,651 - WARNING - Bot is dead! Resurrection attempt #617 💎
💎 2025-08-03 20:14:17,652 - WARNING - Bot has died! RESURRECTING... 💎
💎 2025-08-03 20:14:27,652 - INFO - Starting IMMORTAL Discord Community Global Launcher... 💎
💎 2025-08-03 20:14:27,660 - INFO - IMMORTAL Discord bot started with PID: 2184 💎
💎 2025-08-03 20:14:27,662 - INFO - RESURRECTION SUCCESSFUL! Restart #617 💎
💎 2025-08-03 20:14:27,662 - INFO - Resurrection successful! Guardian continues... 💎
💎 2025-08-03 20:14:57,664 - WARNING - Bot is dead! Resurrection attempt #618 💎
💎 2025-08-03 20:14:57,664 - WARNING - Bot has died! RESURRECTING... 💎
💎 2025-08-03 20:14:59,116 - INFO - IMMORTAL STATUS: Bot restarts: 618 💎
💎 2025-08-03 20:15:07,665 - INFO - Starting IMMORTAL Discord Community Global Launcher... 💎
💎 2025-08-03 20:15:07,673 - INFO - IMMORTAL Discord bot started with PID: 21120 💎
💎 2025-08-03 20:15:07,675 - INFO - RESURRECTION SUCCESSFUL! Restart #618 💎
💎 2025-08-03 20:15:07,675 - INFO - Resurrection successful! Guardian continues... 💎
💎 2025-08-03 20:15:37,677 - WARNING - Bot is dead! Resurrection attempt #619 💎
💎 2025-08-03 20:15:37,677 - WARNING - Bot has died! RESURRECTING... 💎
💎 2025-08-03 20:15:47,678 - INFO - Starting IMMORTAL Discord Community Global Launcher... 💎
💎 2025-08-03 20:15:47,685 - INFO - IMMORTAL Discord bot started with PID: 16060 💎
💎 2025-08-03 20:15:47,687 - INFO - RESURRECTION SUCCESSFUL! Restart #619 💎
💎 2025-08-03 20:15:47,688 - INFO - Resurrection successful! Guardian continues... 💎
💎 2025-08-03 20:15:59,117 - INFO - IMMORTAL STATUS: Bot restarts: 619 💎
💎 2025-08-03 20:16:17,688 - WARNING - Bot is dead! Resurrection attempt #620 💎
💎 2025-08-03 20:16:17,689 - WARNING - Bot has died! RESURRECTING... 💎
💎 2025-08-03 20:16:27,689 - INFO - Starting IMMORTAL Discord Community Global Launcher... 💎
💎 2025-08-03 20:16:27,699 - INFO - IMMORTAL Discord bot started with PID: 17992 💎
💎 2025-08-03 20:16:27,700 - INFO - RESURRECTION SUCCESSFUL! Restart #620 💎
💎 2025-08-03 20:16:27,701 - INFO - Resurrection successful! Guardian continues... 💎
💎 2025-08-03 20:16:57,702 - WARNING - Bot is dead! Resurrection attempt #621 💎
💎 2025-08-03 20:16:57,702 - WARNING - Bot has died! RESURRECTING... 💎
💎 2025-08-03 20:16:59,119 - INFO - IMMORTAL STATUS: Bot restarts: 621 💎
💎 2025-08-03 20:17:07,703 - INFO - Starting IMMORTAL Discord Community Global Launcher... 💎
💎 2025-08-03 20:17:07,712 - INFO - IMMORTAL Discord bot started with PID: 7000 💎
💎 2025-08-03 20:17:07,714 - INFO - RESURRECTION SUCCESSFUL! Restart #621 💎
💎 2025-08-03 20:17:07,715 - INFO - Resurrection successful! Guardian continues... 💎
💎 2025-08-03 20:17:37,716 - WARNING - Bot is dead! Resurrection attempt #622 💎
💎 2025-08-03 20:17:37,717 - WARNING - Bot has died! RESURRECTING... 💎
💎 2025-08-03 20:17:47,717 - INFO - Starting IMMORTAL Discord Community Global Launcher... 💎
💎 2025-08-03 20:17:47,725 - INFO - IMMORTAL Discord bot started with PID: 17428 💎
💎 2025-08-03 20:17:47,726 - INFO - RESURRECTION SUCCESSFUL! Restart #622 💎
💎 2025-08-03 20:17:47,727 - INFO - Resurrection successful! Guardian continues... 💎
💎 2025-08-03 20:17:59,120 - INFO - IMMORTAL STATUS: Bot restarts: 622 💎
💎 2025-08-03 20:18:17,728 - WARNING - Bot is dead! Resurrection attempt #623 💎
💎 2025-08-03 20:18:17,728 - WARNING - Bot has died! RESURRECTING... 💎
💎 2025-08-03 20:18:27,729 - INFO - Starting IMMORTAL Discord Community Global Launcher... 💎
💎 2025-08-03 20:18:27,738 - INFO - IMMORTAL Discord bot started with PID: 15580 💎
💎 2025-08-03 20:18:27,739 - INFO - RESURRECTION SUCCESSFUL! Restart #623 💎
💎 2025-08-03 20:18:27,740 - INFO - Resurrection successful! Guardian continues... 💎
💎 2025-08-03 20:18:57,740 - WARNING - Bot is dead! Resurrection attempt #624 💎
💎 2025-08-03 20:18:57,741 - WARNING - Bot has died! RESURRECTING... 💎
💎 2025-08-03 20:18:59,121 - INFO - IMMORTAL STATUS: Bot restarts: 624 💎
💎 2025-08-03 20:19:07,742 - INFO - Starting IMMORTAL Discord Community Global Launcher... 💎
💎 2025-08-03 20:19:07,752 - INFO - IMMORTAL Discord bot started with PID: 21060 💎
💎 2025-08-03 20:19:07,754 - INFO - RESURRECTION SUCCESSFUL! Restart #624 💎
💎 2025-08-03 20:19:07,754 - INFO - Resurrection successful! Guardian continues... 💎
💎 2025-08-03 20:19:37,755 - WARNING - Bot is dead! Resurrection attempt #625 💎
💎 2025-08-03 20:19:37,756 - WARNING - Bot has died! RESURRECTING... 💎
💎 2025-08-03 20:19:47,757 - INFO - Starting IMMORTAL Discord Community Global Launcher... 💎
💎 2025-08-03 20:19:47,766 - INFO - IMMORTAL Discord bot started with PID: 16932 💎
💎 2025-08-03 20:19:47,767 - INFO - RESURRECTION SUCCESSFUL! Restart #625 💎
💎 2025-08-03 20:19:47,768 - INFO - Resurrection successful! Guardian continues... 💎
💎 2025-08-03 20:19:59,121 - INFO - IMMORTAL STATUS: Bot restarts: 625 💎
💎 2025-08-03 20:20:17,769 - WARNING - Bot is dead! Resurrection attempt #626 💎
💎 2025-08-03 20:20:17,769 - WARNING - Bot has died! RESURRECTING... 💎
💎 2025-08-03 20:20:27,770 - INFO - Starting IMMORTAL Discord Community Global Launcher... 💎
💎 2025-08-03 20:20:27,777 - INFO - IMMORTAL Discord bot started with PID: 5916 💎
💎 2025-08-03 20:20:27,779 - INFO - RESURRECTION SUCCESSFUL! Restart #626 💎
💎 2025-08-03 20:20:27,779 - INFO - Resurrection successful! Guardian continues... 💎
💎 2025-08-03 20:20:57,780 - WARNING - Bot is dead! Resurrection attempt #627 💎
💎 2025-08-03 20:20:57,780 - WARNING - Bot has died! RESURRECTING... 💎
💎 2025-08-03 20:20:59,122 - INFO - IMMORTAL STATUS: Bot restarts: 627 💎
💎 2025-08-03 20:21:07,781 - INFO - Starting IMMORTAL Discord Community Global Launcher... 💎
💎 2025-08-03 20:21:07,789 - INFO - IMMORTAL Discord bot started with PID: 21204 💎
💎 2025-08-03 20:21:07,791 - INFO - RESURRECTION SUCCESSFUL! Restart #627 💎
💎 2025-08-03 20:21:07,791 - INFO - Resurrection successful! Guardian continues... 💎
💎 2025-08-03 20:21:37,792 - WARNING - Bot is dead! Resurrection attempt #628 💎
💎 2025-08-03 20:21:37,792 - WARNING - Bot has died! RESURRECTING... 💎
💎 2025-08-03 20:21:47,793 - INFO - Starting IMMORTAL Discord Community Global Launcher... 💎
💎 2025-08-03 20:21:47,803 - INFO - IMMORTAL Discord bot started with PID: 16536 💎
💎 2025-08-03 20:21:47,806 - INFO - RESURRECTION SUCCESSFUL! Restart #628 💎
💎 2025-08-03 20:21:47,807 - INFO - Resurrection successful! Guardian continues... 💎
💎 2025-08-03 20:21:59,123 - INFO - IMMORTAL STATUS: Bot restarts: 628 💎
💎 2025-08-03 20:22:17,808 - WARNING - Bot is dead! Resurrection attempt #629 💎
💎 2025-08-03 20:22:17,808 - WARNING - Bot has died! RESURRECTING... 💎
💎 2025-08-03 20:22:27,809 - INFO - Starting IMMORTAL Discord Community Global Launcher... 💎
💎 2025-08-03 20:22:27,816 - INFO - IMMORTAL Discord bot started with PID: 18028 💎
💎 2025-08-03 20:22:27,818 - INFO - RESURRECTION SUCCESSFUL! Restart #629 💎
💎 2025-08-03 20:22:27,819 - INFO - Resurrection successful! Guardian continues... 💎
💎 2025-08-03 20:22:57,820 - WARNING - Bot is dead! Resurrection attempt #630 💎
💎 2025-08-03 20:22:57,821 - WARNING - Bot has died! RESURRECTING... 💎
💎 2025-08-03 20:22:59,124 - INFO - IMMORTAL STATUS: Bot restarts: 630 💎
💎 2025-08-03 20:23:07,821 - INFO - Starting IMMORTAL Discord Community Global Launcher... 💎
💎 2025-08-03 20:23:07,832 - INFO - IMMORTAL Discord bot started with PID: 15940 💎
💎 2025-08-03 20:23:07,835 - INFO - RESURRECTION SUCCESSFUL! Restart #630 💎
💎 2025-08-03 20:23:07,836 - INFO - Resurrection successful! Guardian continues... 💎
💎 2025-08-03 20:23:37,838 - WARNING - Bot is dead! Resurrection attempt #631 💎
💎 2025-08-03 20:23:37,838 - WARNING - Bot has died! RESURRECTING... 💎
💎 2025-08-03 20:23:47,839 - INFO - Starting IMMORTAL Discord Community Global Launcher... 💎
💎 2025-08-03 20:23:47,846 - INFO - IMMORTAL Discord bot started with PID: 20572 💎
💎 2025-08-03 20:23:47,847 - INFO - RESURRECTION SUCCESSFUL! Restart #631 💎
💎 2025-08-03 20:23:47,848 - INFO - Resurrection successful! Guardian continues... 💎
💎 2025-08-03 20:23:59,124 - INFO - IMMORTAL STATUS: Bot restarts: 631 💎
💎 2025-08-03 20:24:17,849 - WARNING - Bot is dead! Resurrection attempt #632 💎
💎 2025-08-03 20:24:17,849 - WARNING - Bot has died! RESURRECTING... 💎
💎 2025-08-03 20:24:27,850 - INFO - Starting IMMORTAL Discord Community Global Launcher... 💎
💎 2025-08-03 20:24:27,859 - INFO - IMMORTAL Discord bot started with PID: 20508 💎
💎 2025-08-03 20:24:27,860 - INFO - RESURRECTION SUCCESSFUL! Restart #632 💎
💎 2025-08-03 20:24:27,861 - INFO - Resurrection successful! Guardian continues... 💎
💎 2025-08-03 20:24:57,861 - WARNING - Bot is dead! Resurrection attempt #633 💎
💎 2025-08-03 20:24:57,862 - WARNING - Bot has died! RESURRECTING... 💎
💎 2025-08-03 20:24:59,125 - INFO - IMMORTAL STATUS: Bot restarts: 633 💎
💎 2025-08-03 20:25:07,862 - INFO - Starting IMMORTAL Discord Community Global Launcher... 💎
💎 2025-08-03 20:25:07,870 - INFO - IMMORTAL Discord bot started with PID: 16180 💎
💎 2025-08-03 20:25:07,872 - INFO - RESURRECTION SUCCESSFUL! Restart #633 💎
💎 2025-08-03 20:25:07,872 - INFO - Resurrection successful! Guardian continues... 💎
💎 2025-08-03 20:25:37,873 - WARNING - Bot is dead! Resurrection attempt #634 💎
💎 2025-08-03 20:25:37,874 - WARNING - Bot has died! RESURRECTING... 💎
💎 2025-08-03 20:25:47,874 - INFO - Starting IMMORTAL Discord Community Global Launcher... 💎
💎 2025-08-03 20:25:47,883 - INFO - IMMORTAL Discord bot started with PID: 12120 💎
💎 2025-08-03 20:25:47,885 - INFO - RESURRECTION SUCCESSFUL! Restart #634 💎
💎 2025-08-03 20:25:47,885 - INFO - Resurrection successful! Guardian continues... 💎
💎 2025-08-03 20:25:59,126 - INFO - IMMORTAL STATUS: Bot restarts: 634 💎
💎 2025-08-03 20:26:17,913 - WARNING - Bot is dead! Resurrection attempt #635 💎
💎 2025-08-03 20:26:17,933 - WARNING - Bot has died! RESURRECTING... 💎
💎 2025-08-03 20:26:27,973 - INFO - Starting IMMORTAL Discord Community Global Launcher... 💎
💎 2025-08-03 20:26:27,981 - INFO - IMMORTAL Discord bot started with PID: 20096 💎
💎 2025-08-03 20:26:27,984 - INFO - RESURRECTION SUCCESSFUL! Restart #635 💎
💎 2025-08-03 20:26:27,984 - INFO - Resurrection successful! Guardian continues... 💎
💎 2025-08-03 20:26:57,987 - WARNING - Bot is dead! Resurrection attempt #636 💎
💎 2025-08-03 20:26:57,987 - WARNING - Bot has died! RESURRECTING... 💎
💎 2025-08-03 20:26:59,128 - INFO - IMMORTAL STATUS: Bot restarts: 636 💎
💎 2025-08-03 20:27:07,988 - INFO - Starting IMMORTAL Discord Community Global Launcher... 💎
💎 2025-08-03 20:27:07,996 - INFO - IMMORTAL Discord bot started with PID: 11580 💎
💎 2025-08-03 20:27:07,998 - INFO - RESURRECTION SUCCESSFUL! Restart #636 💎
💎 2025-08-03 20:27:07,998 - INFO - Resurrection successful! Guardian continues... 💎
💎 2025-08-03 20:27:37,999 - WARNING - Bot is dead! Resurrection attempt #637 💎
💎 2025-08-03 20:27:38,000 - WARNING - Bot has died! RESURRECTING... 💎
💎 2025-08-03 20:27:48,000 - INFO - Starting IMMORTAL Discord Community Global Launcher... 💎
💎 2025-08-03 20:27:48,007 - INFO - IMMORTAL Discord bot started with PID: 7996 💎
💎 2025-08-03 20:27:48,009 - INFO - RESURRECTION SUCCESSFUL! Restart #637 💎
💎 2025-08-03 20:27:48,010 - INFO - Resurrection successful! Guardian continues... 💎
💎 2025-08-03 20:27:59,128 - INFO - IMMORTAL STATUS: Bot restarts: 637 💎
💎 2025-08-03 20:28:18,011 - WARNING - Bot is dead! Resurrection attempt #638 💎
💎 2025-08-03 20:28:18,011 - WARNING - Bot has died! RESURRECTING... 💎
💎 2025-08-03 20:28:28,012 - INFO - Starting IMMORTAL Discord Community Global Launcher... 💎
💎 2025-08-03 20:28:28,018 - INFO - IMMORTAL Discord bot started with PID: 13884 💎
💎 2025-08-03 20:28:28,019 - INFO - RESURRECTION SUCCESSFUL! Restart #638 💎
💎 2025-08-03 20:28:28,020 - INFO - Resurrection successful! Guardian continues... 💎
💎 2025-08-03 20:28:58,021 - WARNING - Bot is dead! Resurrection attempt #639 💎
💎 2025-08-03 20:28:58,021 - WARNING - Bot has died! RESURRECTING... 💎
💎 2025-08-03 20:28:59,129 - INFO - IMMORTAL STATUS: Bot restarts: 639 💎
💎 2025-08-03 20:29:08,022 - INFO - Starting IMMORTAL Discord Community Global Launcher... 💎
💎 2025-08-03 20:29:08,033 - INFO - IMMORTAL Discord bot started with PID: 16076 💎
💎 2025-08-03 20:29:08,035 - INFO - RESURRECTION SUCCESSFUL! Restart #639 💎
💎 2025-08-03 20:29:08,035 - INFO - Resurrection successful! Guardian continues... 💎
💎 2025-08-03 20:29:38,036 - WARNING - Bot is dead! Resurrection attempt #640 💎
💎 2025-08-03 20:29:38,037 - WARNING - Bot has died! RESURRECTING... 💎
💎 2025-08-03 20:29:48,037 - INFO - Starting IMMORTAL Discord Community Global Launcher... 💎
💎 2025-08-03 20:29:48,046 - INFO - IMMORTAL Discord bot started with PID: 21424 💎
💎 2025-08-03 20:29:48,048 - INFO - RESURRECTION SUCCESSFUL! Restart #640 💎
💎 2025-08-03 20:29:48,049 - INFO - Resurrection successful! Guardian continues... 💎
💎 2025-08-03 20:29:59,130 - INFO - IMMORTAL STATUS: Bot restarts: 640 💎
💎 2025-08-03 20:30:18,050 - WARNING - Bot is dead! Resurrection attempt #641 💎
💎 2025-08-03 20:30:18,051 - WARNING - Bot has died! RESURRECTING... 💎
💎 2025-08-03 20:30:28,051 - INFO - Starting IMMORTAL Discord Community Global Launcher... 💎
💎 2025-08-03 20:30:28,059 - INFO - IMMORTAL Discord bot started with PID: 19744 💎
💎 2025-08-03 20:30:28,061 - INFO - RESURRECTION SUCCESSFUL! Restart #641 💎
💎 2025-08-03 20:30:28,062 - INFO - Resurrection successful! Guardian continues... 💎
💎 2025-08-03 20:30:58,063 - WARNING - Bot is dead! Resurrection attempt #642 💎
💎 2025-08-03 20:30:58,063 - WARNING - Bot has died! RESURRECTING... 💎
💎 2025-08-03 20:30:59,131 - INFO - IMMORTAL STATUS: Bot restarts: 642 💎
💎 2025-08-03 20:31:08,063 - INFO - Starting IMMORTAL Discord Community Global Launcher... 💎
💎 2025-08-03 20:31:08,075 - INFO - IMMORTAL Discord bot started with PID: 19724 💎
💎 2025-08-03 20:31:08,077 - INFO - RESURRECTION SUCCESSFUL! Restart #642 💎
💎 2025-08-03 20:31:08,078 - INFO - Resurrection successful! Guardian continues... 💎
💎 2025-08-03 20:31:38,079 - WARNING - Bot is dead! Resurrection attempt #643 💎
💎 2025-08-03 20:31:38,080 - WARNING - Bot has died! RESURRECTING... 💎
💎 2025-08-03 20:31:48,080 - INFO - Starting IMMORTAL Discord Community Global Launcher... 💎
💎 2025-08-03 20:31:48,088 - INFO - IMMORTAL Discord bot started with PID: 15480 💎
💎 2025-08-03 20:31:48,091 - INFO - RESURRECTION SUCCESSFUL! Restart #643 💎
💎 2025-08-03 20:31:48,091 - INFO - Resurrection successful! Guardian continues... 💎
💎 2025-08-03 20:31:59,132 - INFO - IMMORTAL STATUS: Bot restarts: 643 💎
💎 2025-08-03 20:32:18,093 - WARNING - Bot is dead! Resurrection attempt #644 💎
💎 2025-08-03 20:32:18,093 - WARNING - Bot has died! RESURRECTING... 💎
💎 2025-08-03 20:32:28,096 - INFO - Starting IMMORTAL Discord Community Global Launcher... 💎
💎 2025-08-03 20:32:28,141 - INFO - IMMORTAL Discord bot started with PID: 15648 💎
💎 2025-08-03 20:32:28,143 - INFO - RESURRECTION SUCCESSFUL! Restart #644 💎
💎 2025-08-03 20:32:28,145 - INFO - Resurrection successful! Guardian continues... 💎
💎 2025-08-03 20:32:58,146 - WARNING - Bot is dead! Resurrection attempt #645 💎
💎 2025-08-03 20:32:58,147 - WARNING - Bot has died! RESURRECTING... 💎
💎 2025-08-03 20:32:59,133 - INFO - IMMORTAL STATUS: Bot restarts: 645 💎
💎 2025-08-03 20:33:08,147 - INFO - Starting IMMORTAL Discord Community Global Launcher... 💎
💎 2025-08-03 20:33:08,156 - INFO - IMMORTAL Discord bot started with PID: 20420 💎
💎 2025-08-03 20:33:08,160 - INFO - RESURRECTION SUCCESSFUL! Restart #645 💎
💎 2025-08-03 20:33:08,160 - INFO - Resurrection successful! Guardian continues... 💎
💎 2025-08-03 20:33:38,161 - WARNING - Bot is dead! Resurrection attempt #646 💎
💎 2025-08-03 20:33:38,161 - WARNING - Bot has died! RESURRECTING... 💎
💎 2025-08-03 20:33:48,162 - INFO - Starting IMMORTAL Discord Community Global Launcher... 💎
💎 2025-08-03 20:33:48,168 - INFO - IMMORTAL Discord bot started with PID: 12328 💎
💎 2025-08-03 20:33:48,170 - INFO - RESURRECTION SUCCESSFUL! Restart #646 💎
💎 2025-08-03 20:33:48,170 - INFO - Resurrection successful! Guardian continues... 💎
💎 2025-08-03 20:33:59,133 - INFO - IMMORTAL STATUS: Bot restarts: 646 💎
💎 2025-08-03 20:34:18,171 - WARNING - Bot is dead! Resurrection attempt #647 💎
💎 2025-08-03 20:34:18,172 - WARNING - Bot has died! RESURRECTING... 💎
💎 2025-08-03 20:34:28,173 - INFO - Starting IMMORTAL Discord Community Global Launcher... 💎
💎 2025-08-03 20:34:28,179 - INFO - IMMORTAL Discord bot started with PID: 20508 💎
💎 2025-08-03 20:34:28,181 - INFO - RESURRECTION SUCCESSFUL! Restart #647 💎
💎 2025-08-03 20:34:28,182 - INFO - Resurrection successful! Guardian continues... 💎
💎 2025-08-03 20:34:58,183 - WARNING - Bot is dead! Resurrection attempt #648 💎
💎 2025-08-03 20:34:58,183 - WARNING - Bot has died! RESURRECTING... 💎
💎 2025-08-03 20:34:59,134 - INFO - IMMORTAL STATUS: Bot restarts: 648 💎
💎 2025-08-03 20:35:08,184 - INFO - Starting IMMORTAL Discord Community Global Launcher... 💎
💎 2025-08-03 20:35:08,194 - INFO - IMMORTAL Discord bot started with PID: 20364 💎
💎 2025-08-03 20:35:08,196 - INFO - RESURRECTION SUCCESSFUL! Restart #648 💎
💎 2025-08-03 20:35:08,197 - INFO - Resurrection successful! Guardian continues... 💎
💎 2025-08-03 20:35:38,197 - WARNING - Bot is dead! Resurrection attempt #649 💎
💎 2025-08-03 20:35:38,198 - WARNING - Bot has died! RESURRECTING... 💎
💎 2025-08-03 20:35:48,198 - INFO - Starting IMMORTAL Discord Community Global Launcher... 💎
💎 2025-08-03 20:35:48,207 - INFO - IMMORTAL Discord bot started with PID: 14312 💎
💎 2025-08-03 20:35:48,208 - INFO - RESURRECTION SUCCESSFUL! Restart #649 💎
💎 2025-08-03 20:35:48,208 - INFO - Resurrection successful! Guardian continues... 💎
💎 2025-08-03 20:35:59,135 - INFO - IMMORTAL STATUS: Bot restarts: 649 💎
💎 2025-08-03 20:36:18,209 - WARNING - Bot is dead! Resurrection attempt #650 💎
💎 2025-08-03 20:36:18,209 - WARNING - Bot has died! RESURRECTING... 💎
💎 2025-08-03 20:36:28,210 - INFO - Starting IMMORTAL Discord Community Global Launcher... 💎
💎 2025-08-03 20:36:28,218 - INFO - IMMORTAL Discord bot started with PID: 20264 💎
💎 2025-08-03 20:36:28,220 - INFO - RESURRECTION SUCCESSFUL! Restart #650 💎
💎 2025-08-03 20:36:28,220 - INFO - Resurrection successful! Guardian continues... 💎
💎 2025-08-03 20:36:58,221 - WARNING - Bot is dead! Resurrection attempt #651 💎
💎 2025-08-03 20:36:58,221 - WARNING - Bot has died! RESURRECTING... 💎
💎 2025-08-03 20:36:59,136 - INFO - IMMORTAL STATUS: Bot restarts: 651 💎
💎 2025-08-03 20:37:08,222 - INFO - Starting IMMORTAL Discord Community Global Launcher... 💎
💎 2025-08-03 20:37:08,230 - INFO - IMMORTAL Discord bot started with PID: 5616 💎
💎 2025-08-03 20:37:08,232 - INFO - RESURRECTION SUCCESSFUL! Restart #651 💎
💎 2025-08-03 20:37:08,232 - INFO - Resurrection successful! Guardian continues... 💎
💎 2025-08-03 20:37:38,233 - WARNING - Bot is dead! Resurrection attempt #652 💎
💎 2025-08-03 20:37:38,234 - WARNING - Bot has died! RESURRECTING... 💎
💎 2025-08-03 20:37:48,235 - INFO - Starting IMMORTAL Discord Community Global Launcher... 💎
💎 2025-08-03 20:37:48,241 - INFO - IMMORTAL Discord bot started with PID: 21020 💎
💎 2025-08-03 20:37:48,243 - INFO - RESURRECTION SUCCESSFUL! Restart #652 💎
💎 2025-08-03 20:37:48,243 - INFO - Resurrection successful! Guardian continues... 💎
💎 2025-08-03 20:37:59,137 - INFO - IMMORTAL STATUS: Bot restarts: 652 💎
💎 2025-08-03 20:38:18,244 - WARNING - Bot is dead! Resurrection attempt #653 💎
💎 2025-08-03 20:38:18,245 - WARNING - Bot has died! RESURRECTING... 💎
💎 2025-08-03 20:38:28,245 - INFO - Starting IMMORTAL Discord Community Global Launcher... 💎
💎 2025-08-03 20:38:28,252 - INFO - IMMORTAL Discord bot started with PID: 20560 💎
💎 2025-08-03 20:38:28,254 - INFO - RESURRECTION SUCCESSFUL! Restart #653 💎
💎 2025-08-03 20:38:28,254 - INFO - Resurrection successful! Guardian continues... 💎
💎 2025-08-03 20:38:58,255 - WARNING - Bot is dead! Resurrection attempt #654 💎
💎 2025-08-03 20:38:58,256 - WARNING - Bot has died! RESURRECTING... 💎
💎 2025-08-03 20:38:59,138 - INFO - IMMORTAL STATUS: Bot restarts: 654 💎
💎 2025-08-03 20:39:08,257 - INFO - Starting IMMORTAL Discord Community Global Launcher... 💎
💎 2025-08-03 20:39:08,275 - INFO - IMMORTAL Discord bot started with PID: 15356 💎
💎 2025-08-03 20:39:08,277 - INFO - RESURRECTION SUCCESSFUL! Restart #654 💎
💎 2025-08-03 20:39:08,280 - INFO - Resurrection successful! Guardian continues... 💎
💎 2025-08-03 20:39:38,282 - WARNING - Bot is dead! Resurrection attempt #655 💎
💎 2025-08-03 20:39:38,282 - WARNING - Bot has died! RESURRECTING... 💎
💎 2025-08-03 20:39:48,283 - INFO - Starting IMMORTAL Discord Community Global Launcher... 💎
💎 2025-08-03 20:39:48,291 - INFO - IMMORTAL Discord bot started with PID: 14640 💎
💎 2025-08-03 20:39:48,293 - INFO - RESURRECTION SUCCESSFUL! Restart #655 💎
💎 2025-08-03 20:39:48,294 - INFO - Resurrection successful! Guardian continues... 💎
💎 2025-08-03 20:39:59,138 - INFO - IMMORTAL STATUS: Bot restarts: 655 💎
💎 2025-08-03 20:40:18,294 - WARNING - Bot is dead! Resurrection attempt #656 💎
💎 2025-08-03 20:40:18,295 - WARNING - Bot has died! RESURRECTING... 💎
💎 2025-08-03 20:40:28,295 - INFO - Starting IMMORTAL Discord Community Global Launcher... 💎
💎 2025-08-03 20:40:28,303 - INFO - IMMORTAL Discord bot started with PID: 16784 💎
💎 2025-08-03 20:40:28,307 - INFO - RESURRECTION SUCCESSFUL! Restart #656 💎
💎 2025-08-03 20:40:28,307 - INFO - Resurrection successful! Guardian continues... 💎
💎 2025-08-03 20:40:58,308 - WARNING - Bot is dead! Resurrection attempt #657 💎
💎 2025-08-03 20:40:58,308 - WARNING - Bot has died! RESURRECTING... 💎
💎 2025-08-03 20:40:59,139 - INFO - IMMORTAL STATUS: Bot restarts: 657 💎
💎 2025-08-03 20:41:08,310 - INFO - Starting IMMORTAL Discord Community Global Launcher... 💎
💎 2025-08-03 20:41:08,322 - INFO - IMMORTAL Discord bot started with PID: 19488 💎
💎 2025-08-03 20:41:08,324 - INFO - RESURRECTION SUCCESSFUL! Restart #657 💎
💎 2025-08-03 20:41:08,324 - INFO - Resurrection successful! Guardian continues... 💎
💎 2025-08-03 20:41:38,325 - WARNING - Bot is dead! Resurrection attempt #658 💎
💎 2025-08-03 20:41:38,325 - WARNING - Bot has died! RESURRECTING... 💎
💎 2025-08-03 20:41:48,326 - INFO - Starting IMMORTAL Discord Community Global Launcher... 💎
💎 2025-08-03 20:41:48,335 - INFO - IMMORTAL Discord bot started with PID: 20156 💎
💎 2025-08-03 20:41:48,337 - INFO - RESURRECTION SUCCESSFUL! Restart #658 💎
💎 2025-08-03 20:41:48,337 - INFO - Resurrection successful! Guardian continues... 💎
💎 2025-08-03 20:41:59,140 - INFO - IMMORTAL STATUS: Bot restarts: 658 💎
💎 2025-08-03 20:42:18,338 - WARNING - Bot is dead! Resurrection attempt #659 💎
💎 2025-08-03 20:42:18,339 - WARNING - Bot has died! RESURRECTING... 💎
💎 2025-08-03 20:42:28,340 - INFO - Starting IMMORTAL Discord Community Global Launcher... 💎
💎 2025-08-03 20:42:28,355 - INFO - IMMORTAL Discord bot started with PID: 2272 💎
💎 2025-08-03 20:42:28,357 - INFO - RESURRECTION SUCCESSFUL! Restart #659 💎
💎 2025-08-03 20:42:28,368 - INFO - Resurrection successful! Guardian continues... 💎
💎 2025-08-03 20:42:58,369 - WARNING - Bot is dead! Resurrection attempt #660 💎
💎 2025-08-03 20:42:58,370 - WARNING - Bot has died! RESURRECTING... 💎
💎 2025-08-03 20:42:59,141 - INFO - IMMORTAL STATUS: Bot restarts: 660 💎
💎 2025-08-03 20:43:08,370 - INFO - Starting IMMORTAL Discord Community Global Launcher... 💎
💎 2025-08-03 20:43:08,377 - INFO - IMMORTAL Discord bot started with PID: 19592 💎
💎 2025-08-03 20:43:08,379 - INFO - RESURRECTION SUCCESSFUL! Restart #660 💎
💎 2025-08-03 20:43:08,379 - INFO - Resurrection successful! Guardian continues... 💎
💎 2025-08-03 20:43:38,380 - WARNING - Bot is dead! Resurrection attempt #661 💎
💎 2025-08-03 20:43:38,381 - WARNING - Bot has died! RESURRECTING... 💎
💎 2025-08-03 20:43:48,381 - INFO - Starting IMMORTAL Discord Community Global Launcher... 💎
💎 2025-08-03 20:43:48,390 - INFO - IMMORTAL Discord bot started with PID: 20652 💎
💎 2025-08-03 20:43:48,392 - INFO - RESURRECTION SUCCESSFUL! Restart #661 💎
💎 2025-08-03 20:43:48,393 - INFO - Resurrection successful! Guardian continues... 💎
💎 2025-08-03 20:43:59,142 - INFO - IMMORTAL STATUS: Bot restarts: 661 💎
💎 2025-08-03 20:44:18,394 - WARNING - Bot is dead! Resurrection attempt #662 💎
💎 2025-08-03 20:44:18,394 - WARNING - Bot has died! RESURRECTING... 💎
💎 2025-08-03 20:44:28,395 - INFO - Starting IMMORTAL Discord Community Global Launcher... 💎
💎 2025-08-03 20:44:28,403 - INFO - IMMORTAL Discord bot started with PID: 19800 💎
💎 2025-08-03 20:44:28,405 - INFO - RESURRECTION SUCCESSFUL! Restart #662 💎
💎 2025-08-03 20:44:28,407 - INFO - Resurrection successful! Guardian continues... 💎
💎 2025-08-03 20:44:58,409 - WARNING - Bot is dead! Resurrection attempt #663 💎
💎 2025-08-03 20:44:58,409 - WARNING - Bot has died! RESURRECTING... 💎
💎 2025-08-03 20:44:59,142 - INFO - IMMORTAL STATUS: Bot restarts: 663 💎
💎 2025-08-03 20:45:08,410 - INFO - Starting IMMORTAL Discord Community Global Launcher... 💎
💎 2025-08-03 20:45:08,419 - INFO - IMMORTAL Discord bot started with PID: 21140 💎
💎 2025-08-03 20:45:08,420 - INFO - RESURRECTION SUCCESSFUL! Restart #663 💎
💎 2025-08-03 20:45:08,421 - INFO - Resurrection successful! Guardian continues... 💎
💎 2025-08-03 20:45:38,422 - WARNING - Bot is dead! Resurrection attempt #664 💎
💎 2025-08-03 20:45:38,422 - WARNING - Bot has died! RESURRECTING... 💎
💎 2025-08-03 20:45:48,423 - INFO - Starting IMMORTAL Discord Community Global Launcher... 💎
💎 2025-08-03 20:45:48,431 - INFO - IMMORTAL Discord bot started with PID: 18568 💎
💎 2025-08-03 20:45:48,433 - INFO - RESURRECTION SUCCESSFUL! Restart #664 💎
💎 2025-08-03 20:45:48,434 - INFO - Resurrection successful! Guardian continues... 💎
💎 2025-08-03 20:45:59,143 - INFO - IMMORTAL STATUS: Bot restarts: 664 💎
💎 2025-08-03 20:46:18,435 - WARNING - Bot is dead! Resurrection attempt #665 💎
💎 2025-08-03 20:46:18,435 - WARNING - Bot has died! RESURRECTING... 💎
💎 2025-08-03 20:46:28,435 - INFO - Starting IMMORTAL Discord Community Global Launcher... 💎
💎 2025-08-03 20:46:28,443 - INFO - IMMORTAL Discord bot started with PID: 3036 💎
💎 2025-08-03 20:46:28,444 - INFO - RESURRECTION SUCCESSFUL! Restart #665 💎
💎 2025-08-03 20:46:28,444 - INFO - Resurrection successful! Guardian continues... 💎
💎 2025-08-03 20:46:58,445 - WARNING - Bot is dead! Resurrection attempt #666 💎
💎 2025-08-03 20:46:58,445 - WARNING - Bot has died! RESURRECTING... 💎
💎 2025-08-03 20:46:59,144 - INFO - IMMORTAL STATUS: Bot restarts: 666 💎
💎 2025-08-03 20:47:08,446 - INFO - Starting IMMORTAL Discord Community Global Launcher... 💎
💎 2025-08-03 20:47:08,454 - INFO - IMMORTAL Discord bot started with PID: 8776 💎
💎 2025-08-03 20:47:08,455 - INFO - RESURRECTION SUCCESSFUL! Restart #666 💎
💎 2025-08-03 20:47:08,456 - INFO - Resurrection successful! Guardian continues... 💎
💎 2025-08-03 20:47:38,457 - WARNING - Bot is dead! Resurrection attempt #667 💎
💎 2025-08-03 20:47:38,457 - WARNING - Bot has died! RESURRECTING... 💎
💎 2025-08-03 20:47:48,458 - INFO - Starting IMMORTAL Discord Community Global Launcher... 💎
💎 2025-08-03 20:47:48,467 - INFO - IMMORTAL Discord bot started with PID: 20476 💎
💎 2025-08-03 20:47:48,468 - INFO - RESURRECTION SUCCESSFUL! Restart #667 💎
💎 2025-08-03 20:47:48,468 - INFO - Resurrection successful! Guardian continues... 💎
💎 2025-08-03 20:47:59,145 - INFO - IMMORTAL STATUS: Bot restarts: 667 💎
💎 2025-08-03 20:48:18,469 - WARNING - Bot is dead! Resurrection attempt #668 💎
💎 2025-08-03 20:48:18,470 - WARNING - Bot has died! RESURRECTING... 💎
💎 2025-08-03 20:48:28,470 - INFO - Starting IMMORTAL Discord Community Global Launcher... 💎
💎 2025-08-03 20:48:28,478 - INFO - IMMORTAL Discord bot started with PID: 19460 💎
💎 2025-08-03 20:48:28,480 - INFO - RESURRECTION SUCCESSFUL! Restart #668 💎
💎 2025-08-03 20:48:28,480 - INFO - Resurrection successful! Guardian continues... 💎
💎 2025-08-03 20:48:58,481 - WARNING - Bot is dead! Resurrection attempt #669 💎
💎 2025-08-03 20:48:58,481 - WARNING - Bot has died! RESURRECTING... 💎
💎 2025-08-03 20:48:59,145 - INFO - IMMORTAL STATUS: Bot restarts: 669 💎
💎 2025-08-03 20:49:08,482 - INFO - Starting IMMORTAL Discord Community Global Launcher... 💎
💎 2025-08-03 20:49:08,491 - INFO - IMMORTAL Discord bot started with PID: 8508 💎
💎 2025-08-03 20:49:08,493 - INFO - RESURRECTION SUCCESSFUL! Restart #669 💎
💎 2025-08-03 20:49:08,494 - INFO - Resurrection successful! Guardian continues... 💎
💎 2025-08-03 20:49:38,495 - WARNING - Bot is dead! Resurrection attempt #670 💎
💎 2025-08-03 20:49:38,495 - WARNING - Bot has died! RESURRECTING... 💎
💎 2025-08-03 20:49:48,496 - INFO - Starting IMMORTAL Discord Community Global Launcher... 💎
💎 2025-08-03 20:49:48,505 - INFO - IMMORTAL Discord bot started with PID: 6068 💎
💎 2025-08-03 20:49:48,506 - INFO - RESURRECTION SUCCESSFUL! Restart #670 💎
💎 2025-08-03 20:49:48,507 - INFO - Resurrection successful! Guardian continues... 💎
💎 2025-08-03 20:49:59,146 - INFO - IMMORTAL STATUS: Bot restarts: 670 💎
💎 2025-08-03 20:50:18,508 - WARNING - Bot is dead! Resurrection attempt #671 💎
💎 2025-08-03 20:50:18,509 - WARNING - Bot has died! RESURRECTING... 💎
💎 2025-08-03 20:50:28,509 - INFO - Starting IMMORTAL Discord Community Global Launcher... 💎
💎 2025-08-03 20:50:28,518 - INFO - IMMORTAL Discord bot started with PID: 11216 💎
💎 2025-08-03 20:50:28,519 - INFO - RESURRECTION SUCCESSFUL! Restart #671 💎
💎 2025-08-03 20:50:28,520 - INFO - Resurrection successful! Guardian continues... 💎
💎 2025-08-03 20:50:58,521 - WARNING - Bot is dead! Resurrection attempt #672 💎
💎 2025-08-03 20:50:58,522 - WARNING - Bot has died! RESURRECTING... 💎
💎 2025-08-03 20:50:59,147 - INFO - IMMORTAL STATUS: Bot restarts: 672 💎
💎 2025-08-03 20:51:08,523 - INFO - Starting IMMORTAL Discord Community Global Launcher... 💎
💎 2025-08-03 20:51:08,530 - INFO - IMMORTAL Discord bot started with PID: 17972 💎
💎 2025-08-03 20:51:08,531 - INFO - RESURRECTION SUCCESSFUL! Restart #672 💎
💎 2025-08-03 20:51:08,532 - INFO - Resurrection successful! Guardian continues... 💎
💎 2025-08-03 20:51:38,533 - WARNING - Bot is dead! Resurrection attempt #673 💎
💎 2025-08-03 20:51:38,533 - WARNING - Bot has died! RESURRECTING... 💎
💎 2025-08-03 20:51:48,534 - INFO - Starting IMMORTAL Discord Community Global Launcher... 💎
💎 2025-08-03 20:51:48,542 - INFO - IMMORTAL Discord bot started with PID: 19784 💎
💎 2025-08-03 20:51:48,543 - INFO - RESURRECTION SUCCESSFUL! Restart #673 💎
💎 2025-08-03 20:51:48,544 - INFO - Resurrection successful! Guardian continues... 💎
💎 2025-08-03 20:51:59,148 - INFO - IMMORTAL STATUS: Bot restarts: 673 💎
💎 2025-08-03 20:52:18,545 - WARNING - Bot is dead! Resurrection attempt #674 💎
💎 2025-08-03 20:52:18,545 - WARNING - Bot has died! RESURRECTING... 💎
💎 2025-08-03 20:52:28,546 - INFO - Starting IMMORTAL Discord Community Global Launcher... 💎
💎 2025-08-03 20:52:28,554 - INFO - IMMORTAL Discord bot started with PID: 12708 💎
💎 2025-08-03 20:52:28,556 - INFO - RESURRECTION SUCCESSFUL! Restart #674 💎
💎 2025-08-03 20:52:28,556 - INFO - Resurrection successful! Guardian continues... 💎
💎 2025-08-03 20:52:58,557 - WARNING - Bot is dead! Resurrection attempt #675 💎
💎 2025-08-03 20:52:58,557 - WARNING - Bot has died! RESURRECTING... 💎
💎 2025-08-03 20:52:59,149 - INFO - IMMORTAL STATUS: Bot restarts: 675 💎
💎 2025-08-03 20:53:08,558 - INFO - Starting IMMORTAL Discord Community Global Launcher... 💎
💎 2025-08-03 20:53:08,566 - INFO - IMMORTAL Discord bot started with PID: 21112 💎
💎 2025-08-03 20:53:08,569 - INFO - RESURRECTION SUCCESSFUL! Restart #675 💎
💎 2025-08-03 20:53:08,570 - INFO - Resurrection successful! Guardian continues... 💎
💎 2025-08-03 20:53:38,571 - WARNING - Bot is dead! Resurrection attempt #676 💎
💎 2025-08-03 20:53:38,571 - WARNING - Bot has died! RESURRECTING... 💎
💎 2025-08-03 20:53:48,571 - INFO - Starting IMMORTAL Discord Community Global Launcher... 💎
💎 2025-08-03 20:53:48,581 - INFO - IMMORTAL Discord bot started with PID: 20548 💎
💎 2025-08-03 20:53:48,582 - INFO - RESURRECTION SUCCESSFUL! Restart #676 💎
💎 2025-08-03 20:53:48,584 - INFO - Resurrection successful! Guardian continues... 💎
💎 2025-08-03 20:53:59,150 - INFO - IMMORTAL STATUS: Bot restarts: 676 💎
💎 2025-08-03 20:54:18,584 - WARNING - Bot is dead! Resurrection attempt #677 💎
💎 2025-08-03 20:54:18,585 - WARNING - Bot has died! RESURRECTING... 💎
💎 2025-08-03 20:54:28,585 - INFO - Starting IMMORTAL Discord Community Global Launcher... 💎
💎 2025-08-03 20:54:28,595 - INFO - IMMORTAL Discord bot started with PID: 20848 💎
💎 2025-08-03 20:54:28,596 - INFO - RESURRECTION SUCCESSFUL! Restart #677 💎
💎 2025-08-03 20:54:28,597 - INFO - Resurrection successful! Guardian continues... 💎
💎 2025-08-03 20:54:58,597 - WARNING - Bot is dead! Resurrection attempt #678 💎
💎 2025-08-03 20:54:58,598 - WARNING - Bot has died! RESURRECTING... 💎
💎 2025-08-03 20:54:59,150 - INFO - IMMORTAL STATUS: Bot restarts: 678 💎
💎 2025-08-03 20:55:08,598 - INFO - Starting IMMORTAL Discord Community Global Launcher... 💎
💎 2025-08-03 20:55:08,605 - INFO - IMMORTAL Discord bot started with PID: 20680 💎
💎 2025-08-03 20:55:08,606 - INFO - RESURRECTION SUCCESSFUL! Restart #678 💎
💎 2025-08-03 20:55:08,607 - INFO - Resurrection successful! Guardian continues... 💎
💎 2025-08-03 20:55:38,608 - WARNING - Bot is dead! Resurrection attempt #679 💎
💎 2025-08-03 20:55:38,608 - WARNING - Bot has died! RESURRECTING... 💎
💎 2025-08-03 20:55:48,609 - INFO - Starting IMMORTAL Discord Community Global Launcher... 💎
💎 2025-08-03 20:55:48,618 - INFO - IMMORTAL Discord bot started with PID: 1588 💎
💎 2025-08-03 20:55:48,620 - INFO - RESURRECTION SUCCESSFUL! Restart #679 💎
💎 2025-08-03 20:55:48,621 - INFO - Resurrection successful! Guardian continues... 💎
💎 2025-08-03 20:55:59,151 - INFO - IMMORTAL STATUS: Bot restarts: 679 💎
💎 2025-08-03 20:56:18,622 - WARNING - Bot is dead! Resurrection attempt #680 💎
💎 2025-08-03 20:56:18,623 - WARNING - Bot has died! RESURRECTING... 💎
💎 2025-08-03 20:56:28,623 - INFO - Starting IMMORTAL Discord Community Global Launcher... 💎
💎 2025-08-03 20:56:28,633 - INFO - IMMORTAL Discord bot started with PID: 12440 💎
💎 2025-08-03 20:56:28,635 - INFO - RESURRECTION SUCCESSFUL! Restart #680 💎
💎 2025-08-03 20:56:28,635 - INFO - Resurrection successful! Guardian continues... 💎
💎 2025-08-03 20:56:58,636 - WARNING - Bot is dead! Resurrection attempt #681 💎
💎 2025-08-03 20:56:58,636 - WARNING - Bot has died! RESURRECTING... 💎
💎 2025-08-03 20:56:59,152 - INFO - IMMORTAL STATUS: Bot restarts: 681 💎
💎 2025-08-03 20:57:08,637 - INFO - Starting IMMORTAL Discord Community Global Launcher... 💎
💎 2025-08-03 20:57:08,645 - INFO - IMMORTAL Discord bot started with PID: 18900 💎
💎 2025-08-03 20:57:08,647 - INFO - RESURRECTION SUCCESSFUL! Restart #681 💎
💎 2025-08-03 20:57:08,647 - INFO - Resurrection successful! Guardian continues... 💎
💎 2025-08-03 20:57:38,649 - WARNING - Bot is dead! Resurrection attempt #682 💎
💎 2025-08-03 20:57:38,649 - WARNING - Bot has died! RESURRECTING... 💎
💎 2025-08-03 20:57:48,650 - INFO - Starting IMMORTAL Discord Community Global Launcher... 💎
💎 2025-08-03 20:57:48,659 - INFO - IMMORTAL Discord bot started with PID: 13064 💎
💎 2025-08-03 20:57:48,660 - INFO - RESURRECTION SUCCESSFUL! Restart #682 💎
💎 2025-08-03 20:57:48,661 - INFO - Resurrection successful! Guardian continues... 💎
💎 2025-08-03 20:57:59,154 - INFO - IMMORTAL STATUS: Bot restarts: 682 💎
💎 2025-08-03 20:58:18,662 - WARNING - Bot is dead! Resurrection attempt #683 💎
💎 2025-08-03 20:58:18,662 - WARNING - Bot has died! RESURRECTING... 💎
💎 2025-08-03 20:58:28,663 - INFO - Starting IMMORTAL Discord Community Global Launcher... 💎
💎 2025-08-03 20:58:28,672 - INFO - IMMORTAL Discord bot started with PID: 8988 💎
💎 2025-08-03 20:58:28,674 - INFO - RESURRECTION SUCCESSFUL! Restart #683 💎
💎 2025-08-03 20:58:28,675 - INFO - Resurrection successful! Guardian continues... 💎
💎 2025-08-03 20:58:58,677 - WARNING - Bot is dead! Resurrection attempt #684 💎
💎 2025-08-03 20:58:58,678 - WARNING - Bot has died! RESURRECTING... 💎
💎 2025-08-03 20:58:59,155 - INFO - IMMORTAL STATUS: Bot restarts: 684 💎
💎 2025-08-03 20:59:08,679 - INFO - Starting IMMORTAL Discord Community Global Launcher... 💎
💎 2025-08-03 20:59:08,686 - INFO - IMMORTAL Discord bot started with PID: 19920 💎
💎 2025-08-03 20:59:08,687 - INFO - RESURRECTION SUCCESSFUL! Restart #684 💎
💎 2025-08-03 20:59:08,688 - INFO - Resurrection successful! Guardian continues... 💎
💎 2025-08-03 20:59:38,689 - WARNING - Bot is dead! Resurrection attempt #685 💎
💎 2025-08-03 20:59:38,690 - WARNING - Bot has died! RESURRECTING... 💎
💎 2025-08-03 20:59:48,691 - INFO - Starting IMMORTAL Discord Community Global Launcher... 💎
💎 2025-08-03 20:59:48,699 - INFO - IMMORTAL Discord bot started with PID: 6316 💎
💎 2025-08-03 20:59:48,700 - INFO - RESURRECTION SUCCESSFUL! Restart #685 💎
💎 2025-08-03 20:59:48,703 - INFO - Resurrection successful! Guardian continues... 💎
💎 2025-08-03 20:59:59,156 - INFO - IMMORTAL STATUS: Bot restarts: 685 💎
💎 2025-08-03 21:00:18,705 - WARNING - Bot is dead! Resurrection attempt #686 💎
💎 2025-08-03 21:00:18,705 - WARNING - Bot has died! RESURRECTING... 💎
💎 2025-08-03 21:00:28,705 - INFO - Starting IMMORTAL Discord Community Global Launcher... 💎
💎 2025-08-03 21:00:28,712 - INFO - IMMORTAL Discord bot started with PID: 2844 💎
💎 2025-08-03 21:00:28,714 - INFO - RESURRECTION SUCCESSFUL! Restart #686 💎
💎 2025-08-03 21:00:28,715 - INFO - Resurrection successful! Guardian continues... 💎
💎 2025-08-03 21:00:58,716 - WARNING - Bot is dead! Resurrection attempt #687 💎
💎 2025-08-03 21:00:58,717 - WARNING - Bot has died! RESURRECTING... 💎
💎 2025-08-03 21:00:59,157 - INFO - IMMORTAL STATUS: Bot restarts: 687 💎
💎 2025-08-03 21:01:08,717 - INFO - Starting IMMORTAL Discord Community Global Launcher... 💎
💎 2025-08-03 21:01:08,725 - INFO - IMMORTAL Discord bot started with PID: 21036 💎
💎 2025-08-03 21:01:08,726 - INFO - RESURRECTION SUCCESSFUL! Restart #687 💎
💎 2025-08-03 21:01:08,727 - INFO - Resurrection successful! Guardian continues... 💎
💎 2025-08-03 21:01:38,728 - WARNING - Bot is dead! Resurrection attempt #688 💎
💎 2025-08-03 21:01:38,729 - WARNING - Bot has died! RESURRECTING... 💎
💎 2025-08-03 21:01:48,730 - INFO - Starting IMMORTAL Discord Community Global Launcher... 💎
💎 2025-08-03 21:01:48,737 - INFO - IMMORTAL Discord bot started with PID: 7668 💎
💎 2025-08-03 21:01:48,739 - INFO - RESURRECTION SUCCESSFUL! Restart #688 💎
💎 2025-08-03 21:01:48,739 - INFO - Resurrection successful! Guardian continues... 💎
💎 2025-08-03 21:01:59,158 - INFO - IMMORTAL STATUS: Bot restarts: 688 💎
💎 2025-08-03 21:02:18,740 - WARNING - Bot is dead! Resurrection attempt #689 💎
💎 2025-08-03 21:02:18,741 - WARNING - Bot has died! RESURRECTING... 💎
💎 2025-08-03 21:02:28,742 - INFO - Starting IMMORTAL Discord Community Global Launcher... 💎
💎 2025-08-03 21:02:28,751 - INFO - IMMORTAL Discord bot started with PID: 10976 💎
💎 2025-08-03 21:02:28,752 - INFO - RESURRECTION SUCCESSFUL! Restart #689 💎
💎 2025-08-03 21:02:28,753 - INFO - Resurrection successful! Guardian continues... 💎
💎 2025-08-03 21:02:58,754 - WARNING - Bot is dead! Resurrection attempt #690 💎
💎 2025-08-03 21:02:58,754 - WARNING - Bot has died! RESURRECTING... 💎
💎 2025-08-03 21:02:59,159 - INFO - IMMORTAL STATUS: Bot restarts: 690 💎
💎 2025-08-03 21:03:08,754 - INFO - Starting IMMORTAL Discord Community Global Launcher... 💎
💎 2025-08-03 21:03:08,761 - INFO - IMMORTAL Discord bot started with PID: 15996 💎
💎 2025-08-03 21:03:08,763 - INFO - RESURRECTION SUCCESSFUL! Restart #690 💎
💎 2025-08-03 21:03:08,764 - INFO - Resurrection successful! Guardian continues... 💎
💎 2025-08-03 21:03:38,764 - WARNING - Bot is dead! Resurrection attempt #691 💎
💎 2025-08-03 21:03:38,766 - WARNING - Bot has died! RESURRECTING... 💎
💎 2025-08-03 21:03:48,771 - INFO - Starting IMMORTAL Discord Community Global Launcher... 💎
💎 2025-08-03 21:03:48,784 - INFO - IMMORTAL Discord bot started with PID: 11516 💎
💎 2025-08-03 21:03:48,787 - INFO - RESURRECTION SUCCESSFUL! Restart #691 💎
💎 2025-08-03 21:03:48,788 - INFO - Resurrection successful! Guardian continues... 💎
💎 2025-08-03 21:03:59,160 - INFO - IMMORTAL STATUS: Bot restarts: 691 💎
💎 2025-08-03 21:04:18,790 - WARNING - Bot is dead! Resurrection attempt #692 💎
💎 2025-08-03 21:04:18,790 - WARNING - Bot has died! RESURRECTING... 💎
💎 2025-08-03 21:04:28,791 - INFO - Starting IMMORTAL Discord Community Global Launcher... 💎
💎 2025-08-03 21:04:28,800 - INFO - IMMORTAL Discord bot started with PID: 8780 💎
💎 2025-08-03 21:04:28,802 - INFO - RESURRECTION SUCCESSFUL! Restart #692 💎
💎 2025-08-03 21:04:28,802 - INFO - Resurrection successful! Guardian continues... 💎
💎 2025-08-03 21:04:58,804 - WARNING - Bot is dead! Resurrection attempt #693 💎
💎 2025-08-03 21:04:58,805 - WARNING - Bot has died! RESURRECTING... 💎
💎 2025-08-03 21:04:59,161 - INFO - IMMORTAL STATUS: Bot restarts: 693 💎
💎 2025-08-03 21:05:08,806 - INFO - Starting IMMORTAL Discord Community Global Launcher... 💎
💎 2025-08-03 21:05:08,813 - INFO - IMMORTAL Discord bot started with PID: 17964 💎
💎 2025-08-03 21:05:08,814 - INFO - RESURRECTION SUCCESSFUL! Restart #693 💎
💎 2025-08-03 21:05:08,815 - INFO - Resurrection successful! Guardian continues... 💎
💎 2025-08-03 21:05:38,816 - WARNING - Bot is dead! Resurrection attempt #694 💎
💎 2025-08-03 21:05:38,816 - WARNING - Bot has died! RESURRECTING... 💎
💎 2025-08-03 21:05:48,817 - INFO - Starting IMMORTAL Discord Community Global Launcher... 💎
💎 2025-08-03 21:05:48,824 - INFO - IMMORTAL Discord bot started with PID: 16172 💎
💎 2025-08-03 21:05:48,826 - INFO - RESURRECTION SUCCESSFUL! Restart #694 💎
💎 2025-08-03 21:05:48,826 - INFO - Resurrection successful! Guardian continues... 💎
💎 2025-08-03 21:05:59,162 - INFO - IMMORTAL STATUS: Bot restarts: 694 💎
💎 2025-08-03 21:06:18,827 - WARNING - Bot is dead! Resurrection attempt #695 💎
💎 2025-08-03 21:06:18,828 - WARNING - Bot has died! RESURRECTING... 💎
💎 2025-08-03 21:06:28,828 - INFO - Starting IMMORTAL Discord Community Global Launcher... 💎
💎 2025-08-03 21:06:28,836 - INFO - IMMORTAL Discord bot started with PID: 14296 💎
💎 2025-08-03 21:06:28,837 - INFO - RESURRECTION SUCCESSFUL! Restart #695 💎
💎 2025-08-03 21:06:28,837 - INFO - Resurrection successful! Guardian continues... 💎
💎 2025-08-03 21:06:58,838 - WARNING - Bot is dead! Resurrection attempt #696 💎
💎 2025-08-03 21:06:58,839 - WARNING - Bot has died! RESURRECTING... 💎
💎 2025-08-03 21:06:59,163 - INFO - IMMORTAL STATUS: Bot restarts: 696 💎
💎 2025-08-03 21:07:08,839 - INFO - Starting IMMORTAL Discord Community Global Launcher... 💎
💎 2025-08-03 21:07:08,846 - INFO - IMMORTAL Discord bot started with PID: 19760 💎
💎 2025-08-03 21:07:08,848 - INFO - RESURRECTION SUCCESSFUL! Restart #696 💎
💎 2025-08-03 21:07:08,849 - INFO - Resurrection successful! Guardian continues... 💎
💎 2025-08-03 21:07:38,850 - WARNING - Bot is dead! Resurrection attempt #697 💎
💎 2025-08-03 21:07:38,850 - WARNING - Bot has died! RESURRECTING... 💎
💎 2025-08-03 21:07:48,851 - INFO - Starting IMMORTAL Discord Community Global Launcher... 💎
💎 2025-08-03 21:07:48,858 - INFO - IMMORTAL Discord bot started with PID: 15036 💎
💎 2025-08-03 21:07:48,860 - INFO - RESURRECTION SUCCESSFUL! Restart #697 💎
💎 2025-08-03 21:07:48,861 - INFO - Resurrection successful! Guardian continues... 💎
💎 2025-08-03 21:07:59,163 - INFO - IMMORTAL STATUS: Bot restarts: 697 💎
💎 2025-08-03 21:08:18,863 - WARNING - Bot is dead! Resurrection attempt #698 💎
💎 2025-08-03 21:08:18,863 - WARNING - Bot has died! RESURRECTING... 💎
💎 2025-08-03 21:08:28,864 - INFO - Starting IMMORTAL Discord Community Global Launcher... 💎
💎 2025-08-03 21:08:28,871 - INFO - IMMORTAL Discord bot started with PID: 20580 💎
💎 2025-08-03 21:08:28,872 - INFO - RESURRECTION SUCCESSFUL! Restart #698 💎
💎 2025-08-03 21:08:28,874 - INFO - Resurrection successful! Guardian continues... 💎
💎 2025-08-03 21:08:58,875 - WARNING - Bot is dead! Resurrection attempt #699 💎
💎 2025-08-03 21:08:58,875 - WARNING - Bot has died! RESURRECTING... 💎
💎 2025-08-03 21:08:59,164 - INFO - IMMORTAL STATUS: Bot restarts: 699 💎
💎 2025-08-03 21:09:08,876 - INFO - Starting IMMORTAL Discord Community Global Launcher... 💎
💎 2025-08-03 21:09:08,883 - INFO - IMMORTAL Discord bot started with PID: 16060 💎
💎 2025-08-03 21:09:08,884 - INFO - RESURRECTION SUCCESSFUL! Restart #699 💎
💎 2025-08-03 21:09:08,885 - INFO - Resurrection successful! Guardian continues... 💎
💎 2025-08-03 21:09:38,886 - WARNING - Bot is dead! Resurrection attempt #700 💎
💎 2025-08-03 21:09:38,886 - WARNING - Bot has died! RESURRECTING... 💎
💎 2025-08-03 21:09:48,887 - INFO - Starting IMMORTAL Discord Community Global Launcher... 💎
💎 2025-08-03 21:09:48,895 - INFO - IMMORTAL Discord bot started with PID: 17972 💎
💎 2025-08-03 21:09:48,897 - INFO - RESURRECTION SUCCESSFUL! Restart #700 💎
💎 2025-08-03 21:09:48,897 - INFO - Resurrection successful! Guardian continues... 💎
💎 2025-08-03 21:09:59,165 - INFO - IMMORTAL STATUS: Bot restarts: 700 💎
💎 2025-08-03 21:10:18,898 - WARNING - Bot is dead! Resurrection attempt #701 💎
💎 2025-08-03 21:10:18,899 - WARNING - Bot has died! RESURRECTING... 💎
💎 2025-08-03 21:10:28,899 - INFO - Starting IMMORTAL Discord Community Global Launcher... 💎
💎 2025-08-03 21:10:28,907 - INFO - IMMORTAL Discord bot started with PID: 20108 💎
💎 2025-08-03 21:10:28,909 - INFO - RESURRECTION SUCCESSFUL! Restart #701 💎
💎 2025-08-03 21:10:28,910 - INFO - Resurrection successful! Guardian continues... 💎
💎 2025-08-03 21:10:58,911 - WARNING - Bot is dead! Resurrection attempt #702 💎
💎 2025-08-03 21:10:58,912 - WARNING - Bot has died! RESURRECTING... 💎
💎 2025-08-03 21:10:59,165 - INFO - IMMORTAL STATUS: Bot restarts: 702 💎
💎 2025-08-03 21:11:08,913 - INFO - Starting IMMORTAL Discord Community Global Launcher... 💎
💎 2025-08-03 21:11:08,921 - INFO - IMMORTAL Discord bot started with PID: 16824 💎
💎 2025-08-03 21:11:08,923 - INFO - RESURRECTION SUCCESSFUL! Restart #702 💎
💎 2025-08-03 21:11:08,923 - INFO - Resurrection successful! Guardian continues... 💎
💎 2025-08-03 21:11:38,925 - WARNING - Bot is dead! Resurrection attempt #703 💎
💎 2025-08-03 21:11:38,926 - WARNING - Bot has died! RESURRECTING... 💎
💎 2025-08-03 21:11:48,927 - INFO - Starting IMMORTAL Discord Community Global Launcher... 💎
💎 2025-08-03 21:11:48,935 - INFO - IMMORTAL Discord bot started with PID: 9176 💎
💎 2025-08-03 21:11:48,938 - INFO - RESURRECTION SUCCESSFUL! Restart #703 💎
💎 2025-08-03 21:11:48,939 - INFO - Resurrection successful! Guardian continues... 💎
💎 2025-08-03 21:11:59,166 - INFO - IMMORTAL STATUS: Bot restarts: 703 💎
💎 2025-08-03 21:12:18,941 - WARNING - Bot is dead! Resurrection attempt #704 💎
💎 2025-08-03 21:12:18,941 - WARNING - Bot has died! RESURRECTING... 💎
💎 2025-08-03 21:12:28,942 - INFO - Starting IMMORTAL Discord Community Global Launcher... 💎
💎 2025-08-03 21:12:28,951 - INFO - IMMORTAL Discord bot started with PID: 19080 💎
💎 2025-08-03 21:12:28,952 - INFO - RESURRECTION SUCCESSFUL! Restart #704 💎
💎 2025-08-03 21:12:28,953 - INFO - Resurrection successful! Guardian continues... 💎
💎 2025-08-03 21:12:58,953 - WARNING - Bot is dead! Resurrection attempt #705 💎
💎 2025-08-03 21:12:58,954 - WARNING - Bot has died! RESURRECTING... 💎
💎 2025-08-03 21:12:59,167 - INFO - IMMORTAL STATUS: Bot restarts: 705 💎
💎 2025-08-03 21:13:08,954 - INFO - Starting IMMORTAL Discord Community Global Launcher... 💎
💎 2025-08-03 21:13:08,964 - INFO - IMMORTAL Discord bot started with PID: 19892 💎
💎 2025-08-03 21:13:08,965 - INFO - RESURRECTION SUCCESSFUL! Restart #705 💎
💎 2025-08-03 21:13:08,966 - INFO - Resurrection successful! Guardian continues... 💎
💎 2025-08-03 21:13:38,967 - WARNING - Bot is dead! Resurrection attempt #706 💎
💎 2025-08-03 21:13:38,967 - WARNING - Bot has died! RESURRECTING... 💎
💎 2025-08-03 21:13:48,968 - INFO - Starting IMMORTAL Discord Community Global Launcher... 💎
💎 2025-08-03 21:13:48,978 - INFO - IMMORTAL Discord bot started with PID: 2120 💎
💎 2025-08-03 21:13:48,980 - INFO - RESURRECTION SUCCESSFUL! Restart #706 💎
💎 2025-08-03 21:13:48,981 - INFO - Resurrection successful! Guardian continues... 💎
💎 2025-08-03 21:13:59,168 - INFO - IMMORTAL STATUS: Bot restarts: 706 💎
💎 2025-08-03 21:14:18,982 - WARNING - Bot is dead! Resurrection attempt #707 💎
💎 2025-08-03 21:14:18,982 - WARNING - Bot has died! RESURRECTING... 💎
💎 2025-08-03 21:14:28,983 - INFO - Starting IMMORTAL Discord Community Global Launcher... 💎
💎 2025-08-03 21:14:28,992 - INFO - IMMORTAL Discord bot started with PID: 1328 💎
💎 2025-08-03 21:14:28,993 - INFO - RESURRECTION SUCCESSFUL! Restart #707 💎
💎 2025-08-03 21:14:28,994 - INFO - Resurrection successful! Guardian continues... 💎
💎 2025-08-03 21:14:58,995 - WARNING - Bot is dead! Resurrection attempt #708 💎
💎 2025-08-03 21:14:58,996 - WARNING - Bot has died! RESURRECTING... 💎
💎 2025-08-03 21:14:59,179 - INFO - IMMORTAL STATUS: Bot restarts: 708 💎
💎 2025-08-03 21:15:09,001 - INFO - Starting IMMORTAL Discord Community Global Launcher... 💎
💎 2025-08-03 21:15:09,031 - INFO - IMMORTAL Discord bot started with PID: 20492 💎
💎 2025-08-03 21:15:09,036 - INFO - RESURRECTION SUCCESSFUL! Restart #708 💎
💎 2025-08-03 21:15:09,039 - INFO - Resurrection successful! Guardian continues... 💎
💎 2025-08-03 21:15:39,042 - WARNING - Bot is dead! Resurrection attempt #709 💎
💎 2025-08-03 21:15:39,043 - WARNING - Bot has died! RESURRECTING... 💎
💎 2025-08-03 21:15:49,044 - INFO - Starting IMMORTAL Discord Community Global Launcher... 💎
💎 2025-08-03 21:15:49,058 - INFO - IMMORTAL Discord bot started with PID: 20416 💎
💎 2025-08-03 21:15:49,061 - INFO - RESURRECTION SUCCESSFUL! Restart #709 💎
💎 2025-08-03 21:15:49,062 - INFO - Resurrection successful! Guardian continues... 💎
💎 2025-08-03 21:15:59,180 - INFO - IMMORTAL STATUS: Bot restarts: 709 💎
💎 2025-08-03 21:16:19,064 - WARNING - Bot is dead! Resurrection attempt #710 💎
💎 2025-08-03 21:16:19,064 - WARNING - Bot has died! RESURRECTING... 💎
💎 2025-08-03 21:16:29,065 - INFO - Starting IMMORTAL Discord Community Global Launcher... 💎
💎 2025-08-03 21:16:29,074 - INFO - IMMORTAL Discord bot started with PID: 20132 💎
💎 2025-08-03 21:16:29,076 - INFO - RESURRECTION SUCCESSFUL! Restart #710 💎
💎 2025-08-03 21:16:29,077 - INFO - Resurrection successful! Guardian continues... 💎
💎 2025-08-03 21:16:59,077 - WARNING - Bot is dead! Resurrection attempt #711 💎
💎 2025-08-03 21:16:59,078 - WARNING - Bot has died! RESURRECTING... 💎
💎 2025-08-03 21:16:59,180 - INFO - IMMORTAL STATUS: Bot restarts: 711 💎
💎 2025-08-03 21:17:09,078 - INFO - Starting IMMORTAL Discord Community Global Launcher... 💎
💎 2025-08-03 21:17:09,087 - INFO - IMMORTAL Discord bot started with PID: 14932 💎
💎 2025-08-03 21:17:09,089 - INFO - RESURRECTION SUCCESSFUL! Restart #711 💎
💎 2025-08-03 21:17:09,089 - INFO - Resurrection successful! Guardian continues... 💎
💎 2025-08-03 21:17:39,090 - WARNING - Bot is dead! Resurrection attempt #712 💎
💎 2025-08-03 21:17:39,091 - WARNING - Bot has died! RESURRECTING... 💎
💎 2025-08-03 21:17:49,092 - INFO - Starting IMMORTAL Discord Community Global Launcher... 💎
💎 2025-08-03 21:17:49,103 - INFO - IMMORTAL Discord bot started with PID: 20040 💎
💎 2025-08-03 21:17:49,106 - INFO - RESURRECTION SUCCESSFUL! Restart #712 💎
💎 2025-08-03 21:17:49,106 - INFO - Resurrection successful! Guardian continues... 💎
💎 2025-08-03 21:17:59,181 - INFO - IMMORTAL STATUS: Bot restarts: 712 💎
💎 2025-08-03 21:18:19,107 - WARNING - Bot is dead! Resurrection attempt #713 💎
💎 2025-08-03 21:18:19,107 - WARNING - Bot has died! RESURRECTING... 💎
💎 2025-08-03 21:18:29,108 - INFO - Starting IMMORTAL Discord Community Global Launcher... 💎
💎 2025-08-03 21:18:29,118 - INFO - IMMORTAL Discord bot started with PID: 20964 💎
💎 2025-08-03 21:18:29,122 - INFO - RESURRECTION SUCCESSFUL! Restart #713 💎
💎 2025-08-03 21:18:29,123 - INFO - Resurrection successful! Guardian continues... 💎
💎 2025-08-03 21:18:59,124 - WARNING - Bot is dead! Resurrection attempt #714 💎
💎 2025-08-03 21:18:59,124 - WARNING - Bot has died! RESURRECTING... 💎
💎 2025-08-03 21:18:59,182 - INFO - IMMORTAL STATUS: Bot restarts: 714 💎
💎 2025-08-03 21:19:09,125 - INFO - Starting IMMORTAL Discord Community Global Launcher... 💎
💎 2025-08-03 21:19:09,133 - INFO - IMMORTAL Discord bot started with PID: 9472 💎
💎 2025-08-03 21:19:09,134 - INFO - RESURRECTION SUCCESSFUL! Restart #714 💎
💎 2025-08-03 21:19:09,135 - INFO - Resurrection successful! Guardian continues... 💎
💎 2025-08-03 21:19:39,136 - WARNING - Bot is dead! Resurrection attempt #715 💎
💎 2025-08-03 21:19:39,136 - WARNING - Bot has died! RESURRECTING... 💎
💎 2025-08-03 21:19:49,136 - INFO - Starting IMMORTAL Discord Community Global Launcher... 💎
💎 2025-08-03 21:19:49,144 - INFO - IMMORTAL Discord bot started with PID: 19732 💎
💎 2025-08-03 21:19:49,145 - INFO - RESURRECTION SUCCESSFUL! Restart #715 💎
💎 2025-08-03 21:19:49,146 - INFO - Resurrection successful! Guardian continues... 💎
💎 2025-08-03 21:19:59,183 - INFO - IMMORTAL STATUS: Bot restarts: 715 💎
💎 2025-08-03 21:20:19,147 - WARNING - Bot is dead! Resurrection attempt #716 💎
💎 2025-08-03 21:20:19,147 - WARNING - Bot has died! RESURRECTING... 💎
💎 2025-08-03 21:20:29,148 - INFO - Starting IMMORTAL Discord Community Global Launcher... 💎
💎 2025-08-03 21:20:29,157 - INFO - IMMORTAL Discord bot started with PID: 15592 💎
💎 2025-08-03 21:20:29,159 - INFO - RESURRECTION SUCCESSFUL! Restart #716 💎
💎 2025-08-03 21:20:29,160 - INFO - Resurrection successful! Guardian continues... 💎
💎 2025-08-03 21:20:59,161 - WARNING - Bot is dead! Resurrection attempt #717 💎
💎 2025-08-03 21:20:59,161 - WARNING - Bot has died! RESURRECTING... 💎
💎 2025-08-03 21:20:59,184 - INFO - IMMORTAL STATUS: Bot restarts: 717 💎
💎 2025-08-03 21:21:09,162 - INFO - Starting IMMORTAL Discord Community Global Launcher... 💎
💎 2025-08-03 21:21:09,170 - INFO - IMMORTAL Discord bot started with PID: 17768 💎
💎 2025-08-03 21:21:09,172 - INFO - RESURRECTION SUCCESSFUL! Restart #717 💎
💎 2025-08-03 21:21:09,173 - INFO - Resurrection successful! Guardian continues... 💎
💎 2025-08-03 21:21:39,173 - WARNING - Bot is dead! Resurrection attempt #718 💎
💎 2025-08-03 21:21:39,174 - WARNING - Bot has died! RESURRECTING... 💎
💎 2025-08-03 21:21:49,175 - INFO - Starting IMMORTAL Discord Community Global Launcher... 💎
💎 2025-08-03 21:21:49,184 - INFO - IMMORTAL Discord bot started with PID: 21280 💎
💎 2025-08-03 21:21:49,186 - INFO - RESURRECTION SUCCESSFUL! Restart #718 💎
💎 2025-08-03 21:21:49,187 - INFO - Resurrection successful! Guardian continues... 💎
💎 2025-08-03 21:21:59,184 - INFO - IMMORTAL STATUS: Bot restarts: 718 💎
💎 2025-08-03 21:22:19,188 - WARNING - Bot is dead! Resurrection attempt #719 💎
💎 2025-08-03 21:22:19,189 - WARNING - Bot has died! RESURRECTING... 💎
💎 2025-08-03 21:22:29,189 - INFO - Starting IMMORTAL Discord Community Global Launcher... 💎
💎 2025-08-03 21:22:29,197 - INFO - IMMORTAL Discord bot started with PID: 6216 💎
💎 2025-08-03 21:22:29,200 - INFO - RESURRECTION SUCCESSFUL! Restart #719 💎
💎 2025-08-03 21:22:29,200 - INFO - Resurrection successful! Guardian continues... 💎
💎 2025-08-03 21:22:59,185 - INFO - IMMORTAL STATUS: Bot restarts: 719 💎
💎 2025-08-03 21:22:59,201 - WARNING - Bot is dead! Resurrection attempt #720 💎
💎 2025-08-03 21:22:59,202 - WARNING - Bot has died! RESURRECTING... 💎
💎 2025-08-03 21:23:09,202 - INFO - Starting IMMORTAL Discord Community Global Launcher... 💎
💎 2025-08-03 21:23:09,211 - INFO - IMMORTAL Discord bot started with PID: 7372 💎
💎 2025-08-03 21:23:09,212 - INFO - RESURRECTION SUCCESSFUL! Restart #720 💎
💎 2025-08-03 21:23:09,213 - INFO - Resurrection successful! Guardian continues... 💎
💎 2025-08-03 21:23:39,215 - WARNING - Bot is dead! Resurrection attempt #721 💎
💎 2025-08-03 21:23:39,215 - WARNING - Bot has died! RESURRECTING... 💎
💎 2025-08-03 21:23:49,216 - INFO - Starting IMMORTAL Discord Community Global Launcher... 💎
💎 2025-08-03 21:23:49,223 - INFO - IMMORTAL Discord bot started with PID: 3436 💎
💎 2025-08-03 21:23:49,225 - INFO - RESURRECTION SUCCESSFUL! Restart #721 💎
💎 2025-08-03 21:23:49,225 - INFO - Resurrection successful! Guardian continues... 💎
💎 2025-08-03 21:23:59,186 - INFO - IMMORTAL STATUS: Bot restarts: 721 💎
💎 2025-08-03 21:24:19,227 - WARNING - Bot is dead! Resurrection attempt #722 💎
💎 2025-08-03 21:24:19,227 - WARNING - Bot has died! RESURRECTING... 💎
💎 2025-08-03 21:24:29,228 - INFO - Starting IMMORTAL Discord Community Global Launcher... 💎
💎 2025-08-03 21:24:29,235 - INFO - IMMORTAL Discord bot started with PID: 19688 💎
💎 2025-08-03 21:24:29,236 - INFO - RESURRECTION SUCCESSFUL! Restart #722 💎
💎 2025-08-03 21:24:29,237 - INFO - Resurrection successful! Guardian continues... 💎
💎 2025-08-03 21:24:59,187 - INFO - IMMORTAL STATUS: Bot restarts: 722 💎
💎 2025-08-03 21:24:59,239 - WARNING - Bot is dead! Resurrection attempt #723 💎
💎 2025-08-03 21:24:59,239 - WARNING - Bot has died! RESURRECTING... 💎
💎 2025-08-03 21:25:09,240 - INFO - Starting IMMORTAL Discord Community Global Launcher... 💎
💎 2025-08-03 21:25:09,246 - INFO - IMMORTAL Discord bot started with PID: 20052 💎
💎 2025-08-03 21:25:09,248 - INFO - RESURRECTION SUCCESSFUL! Restart #723 💎
💎 2025-08-03 21:25:09,249 - INFO - Resurrection successful! Guardian continues... 💎
💎 2025-08-03 21:25:39,249 - WARNING - Bot is dead! Resurrection attempt #724 💎
💎 2025-08-03 21:25:39,250 - WARNING - Bot has died! RESURRECTING... 💎
💎 2025-08-03 21:25:49,251 - INFO - Starting IMMORTAL Discord Community Global Launcher... 💎
💎 2025-08-03 21:25:49,263 - INFO - IMMORTAL Discord bot started with PID: 14876 💎
💎 2025-08-03 21:25:49,268 - INFO - RESURRECTION SUCCESSFUL! Restart #724 💎
💎 2025-08-03 21:25:49,269 - INFO - Resurrection successful! Guardian continues... 💎
💎 2025-08-03 21:25:59,188 - INFO - IMMORTAL STATUS: Bot restarts: 724 💎
💎 2025-08-03 21:26:19,270 - WARNING - Bot is dead! Resurrection attempt #725 💎
💎 2025-08-03 21:26:19,270 - WARNING - Bot has died! RESURRECTING... 💎
💎 2025-08-03 21:26:29,271 - INFO - Starting IMMORTAL Discord Community Global Launcher... 💎
💎 2025-08-03 21:26:29,280 - INFO - IMMORTAL Discord bot started with PID: 20112 💎
💎 2025-08-03 21:26:29,282 - INFO - RESURRECTION SUCCESSFUL! Restart #725 💎
💎 2025-08-03 21:26:29,283 - INFO - Resurrection successful! Guardian continues... 💎
💎 2025-08-03 21:26:59,189 - INFO - IMMORTAL STATUS: Bot restarts: 725 💎
💎 2025-08-03 21:26:59,284 - WARNING - Bot is dead! Resurrection attempt #726 💎
💎 2025-08-03 21:26:59,284 - WARNING - Bot has died! RESURRECTING... 💎
💎 2025-08-03 21:27:09,285 - INFO - Starting IMMORTAL Discord Community Global Launcher... 💎
💎 2025-08-03 21:27:09,295 - INFO - IMMORTAL Discord bot started with PID: 17400 💎
💎 2025-08-03 21:27:09,297 - INFO - RESURRECTION SUCCESSFUL! Restart #726 💎
💎 2025-08-03 21:27:09,298 - INFO - Resurrection successful! Guardian continues... 💎
💎 2025-08-03 21:27:39,299 - WARNING - Bot is dead! Resurrection attempt #727 💎
💎 2025-08-03 21:27:39,299 - WARNING - Bot has died! RESURRECTING... 💎
💎 2025-08-03 21:27:49,300 - INFO - Starting IMMORTAL Discord Community Global Launcher... 💎
💎 2025-08-03 21:27:49,314 - INFO - IMMORTAL Discord bot started with PID: 20632 💎
💎 2025-08-03 21:27:49,316 - INFO - RESURRECTION SUCCESSFUL! Restart #727 💎
💎 2025-08-03 21:27:49,317 - INFO - Resurrection successful! Guardian continues... 💎
💎 2025-08-03 21:27:59,190 - INFO - IMMORTAL STATUS: Bot restarts: 727 💎
💎 2025-08-03 21:28:19,318 - WARNING - Bot is dead! Resurrection attempt #728 💎
💎 2025-08-03 21:28:19,318 - WARNING - Bot has died! RESURRECTING... 💎
💎 2025-08-03 21:28:29,319 - INFO - Starting IMMORTAL Discord Community Global Launcher... 💎
💎 2025-08-03 21:28:29,325 - INFO - IMMORTAL Discord bot started with PID: 18560 💎
💎 2025-08-03 21:28:29,327 - INFO - RESURRECTION SUCCESSFUL! Restart #728 💎
💎 2025-08-03 21:28:29,327 - INFO - Resurrection successful! Guardian continues... 💎
💎 2025-08-03 21:28:59,192 - INFO - IMMORTAL STATUS: Bot restarts: 728 💎
💎 2025-08-03 21:28:59,329 - WARNING - Bot is dead! Resurrection attempt #729 💎
💎 2025-08-03 21:28:59,329 - WARNING - Bot has died! RESURRECTING... 💎
💎 2025-08-03 21:29:09,331 - INFO - Starting IMMORTAL Discord Community Global Launcher... 💎
💎 2025-08-03 21:29:09,345 - INFO - IMMORTAL Discord bot started with PID: 7204 💎
💎 2025-08-03 21:29:09,349 - INFO - RESURRECTION SUCCESSFUL! Restart #729 💎
💎 2025-08-03 21:29:09,349 - INFO - Resurrection successful! Guardian continues... 💎
💎 2025-08-03 21:29:39,351 - WARNING - Bot is dead! Resurrection attempt #730 💎
💎 2025-08-03 21:29:39,351 - WARNING - Bot has died! RESURRECTING... 💎
💎 2025-08-03 21:29:49,352 - INFO - Starting IMMORTAL Discord Community Global Launcher... 💎
💎 2025-08-03 21:29:49,358 - INFO - IMMORTAL Discord bot started with PID: 17644 💎
💎 2025-08-03 21:29:49,360 - INFO - RESURRECTION SUCCESSFUL! Restart #730 💎
💎 2025-08-03 21:29:49,361 - INFO - Resurrection successful! Guardian continues... 💎
💎 2025-08-03 21:29:59,192 - INFO - IMMORTAL STATUS: Bot restarts: 730 💎
💎 2025-08-03 21:30:19,362 - WARNING - Bot is dead! Resurrection attempt #731 💎
💎 2025-08-03 21:30:19,363 - WARNING - Bot has died! RESURRECTING... 💎
💎 2025-08-03 21:30:29,364 - INFO - Starting IMMORTAL Discord Community Global Launcher... 💎
💎 2025-08-03 21:30:29,374 - INFO - IMMORTAL Discord bot started with PID: 20988 💎
💎 2025-08-03 21:30:29,375 - INFO - RESURRECTION SUCCESSFUL! Restart #731 💎
💎 2025-08-03 21:30:29,375 - INFO - Resurrection successful! Guardian continues... 💎
💎 2025-08-03 21:30:59,193 - INFO - IMMORTAL STATUS: Bot restarts: 731 💎
💎 2025-08-03 21:30:59,376 - WARNING - Bot is dead! Resurrection attempt #732 💎
💎 2025-08-03 21:30:59,377 - WARNING - Bot has died! RESURRECTING... 💎
💎 2025-08-03 21:31:09,377 - INFO - Starting IMMORTAL Discord Community Global Launcher... 💎
💎 2025-08-03 21:31:09,385 - INFO - IMMORTAL Discord bot started with PID: 13884 💎
💎 2025-08-03 21:31:09,386 - INFO - RESURRECTION SUCCESSFUL! Restart #732 💎
💎 2025-08-03 21:31:09,388 - INFO - Resurrection successful! Guardian continues... 💎
💎 2025-08-03 21:31:39,389 - WARNING - Bot is dead! Resurrection attempt #733 💎
💎 2025-08-03 21:31:39,390 - WARNING - Bot has died! RESURRECTING... 💎
💎 2025-08-03 21:31:49,390 - INFO - Starting IMMORTAL Discord Community Global Launcher... 💎
💎 2025-08-03 21:31:49,397 - INFO - IMMORTAL Discord bot started with PID: 6148 💎
💎 2025-08-03 21:31:49,399 - INFO - RESURRECTION SUCCESSFUL! Restart #733 💎
💎 2025-08-03 21:31:49,399 - INFO - Resurrection successful! Guardian continues... 💎
💎 2025-08-03 21:31:59,194 - INFO - IMMORTAL STATUS: Bot restarts: 733 💎
💎 2025-08-03 21:32:19,400 - WARNING - Bot is dead! Resurrection attempt #734 💎
💎 2025-08-03 21:32:19,401 - WARNING - Bot has died! RESURRECTING... 💎
💎 2025-08-03 21:32:29,401 - INFO - Starting IMMORTAL Discord Community Global Launcher... 💎
💎 2025-08-03 21:32:29,410 - INFO - IMMORTAL Discord bot started with PID: 20932 💎
💎 2025-08-03 21:32:29,412 - INFO - RESURRECTION SUCCESSFUL! Restart #734 💎
💎 2025-08-03 21:32:29,412 - INFO - Resurrection successful! Guardian continues... 💎
💎 2025-08-03 21:32:59,194 - INFO - IMMORTAL STATUS: Bot restarts: 734 💎
💎 2025-08-03 21:32:59,413 - WARNING - Bot is dead! Resurrection attempt #735 💎
💎 2025-08-03 21:32:59,413 - WARNING - Bot has died! RESURRECTING... 💎
💎 2025-08-03 21:33:09,414 - INFO - Starting IMMORTAL Discord Community Global Launcher... 💎
💎 2025-08-03 21:33:09,422 - INFO - IMMORTAL Discord bot started with PID: 9876 💎
💎 2025-08-03 21:33:09,424 - INFO - RESURRECTION SUCCESSFUL! Restart #735 💎
💎 2025-08-03 21:33:09,425 - INFO - Resurrection successful! Guardian continues... 💎
💎 2025-08-03 21:33:39,426 - WARNING - Bot is dead! Resurrection attempt #736 💎
💎 2025-08-03 21:33:39,426 - WARNING - Bot has died! RESURRECTING... 💎
💎 2025-08-03 21:33:49,427 - INFO - Starting IMMORTAL Discord Community Global Launcher... 💎
💎 2025-08-03 21:33:49,435 - INFO - IMMORTAL Discord bot started with PID: 20672 💎
💎 2025-08-03 21:33:49,437 - INFO - RESURRECTION SUCCESSFUL! Restart #736 💎
💎 2025-08-03 21:33:49,438 - INFO - Resurrection successful! Guardian continues... 💎
💎 2025-08-03 21:33:59,195 - INFO - IMMORTAL STATUS: Bot restarts: 736 💎
💎 2025-08-03 21:34:19,439 - WARNING - Bot is dead! Resurrection attempt #737 💎
💎 2025-08-03 21:34:19,439 - WARNING - Bot has died! RESURRECTING... 💎
💎 2025-08-03 21:34:29,440 - INFO - Starting IMMORTAL Discord Community Global Launcher... 💎
💎 2025-08-03 21:34:29,446 - INFO - IMMORTAL Discord bot started with PID: 19464 💎
💎 2025-08-03 21:34:29,448 - INFO - RESURRECTION SUCCESSFUL! Restart #737 💎
💎 2025-08-03 21:34:29,449 - INFO - Resurrection successful! Guardian continues... 💎
💎 2025-08-03 21:34:59,196 - INFO - IMMORTAL STATUS: Bot restarts: 737 💎
💎 2025-08-03 21:34:59,450 - WARNING - Bot is dead! Resurrection attempt #738 💎
💎 2025-08-03 21:34:59,450 - WARNING - Bot has died! RESURRECTING... 💎
💎 2025-08-03 21:35:09,451 - INFO - Starting IMMORTAL Discord Community Global Launcher... 💎
💎 2025-08-03 21:35:09,458 - INFO - IMMORTAL Discord bot started with PID: 21460 💎
💎 2025-08-03 21:35:09,460 - INFO - RESURRECTION SUCCESSFUL! Restart #738 💎
💎 2025-08-03 21:35:09,461 - INFO - Resurrection successful! Guardian continues... 💎
💎 2025-08-03 21:35:39,462 - WARNING - Bot is dead! Resurrection attempt #739 💎
💎 2025-08-03 21:35:39,462 - WARNING - Bot has died! RESURRECTING... 💎
💎 2025-08-03 21:35:49,462 - INFO - Starting IMMORTAL Discord Community Global Launcher... 💎
💎 2025-08-03 21:35:49,474 - INFO - IMMORTAL Discord bot started with PID: 3032 💎
💎 2025-08-03 21:35:49,475 - INFO - RESURRECTION SUCCESSFUL! Restart #739 💎
💎 2025-08-03 21:35:49,476 - INFO - Resurrection successful! Guardian continues... 💎
💎 2025-08-03 21:35:59,196 - INFO - IMMORTAL STATUS: Bot restarts: 739 💎
💎 2025-08-03 21:36:19,477 - WARNING - Bot is dead! Resurrection attempt #740 💎
💎 2025-08-03 21:36:19,478 - WARNING - Bot has died! RESURRECTING... 💎
💎 2025-08-03 21:36:29,479 - INFO - Starting IMMORTAL Discord Community Global Launcher... 💎
💎 2025-08-03 21:36:29,489 - INFO - IMMORTAL Discord bot started with PID: 21500 💎
💎 2025-08-03 21:36:29,491 - INFO - RESURRECTION SUCCESSFUL! Restart #740 💎
💎 2025-08-03 21:36:29,492 - INFO - Resurrection successful! Guardian continues... 💎
💎 2025-08-03 21:36:59,197 - INFO - IMMORTAL STATUS: Bot restarts: 740 💎
💎 2025-08-03 21:36:59,493 - WARNING - Bot is dead! Resurrection attempt #741 💎
💎 2025-08-03 21:36:59,493 - WARNING - Bot has died! RESURRECTING... 💎
💎 2025-08-03 21:37:09,494 - INFO - Starting IMMORTAL Discord Community Global Launcher... 💎
💎 2025-08-03 21:37:09,503 - INFO - IMMORTAL Discord bot started with PID: 21096 💎
💎 2025-08-03 21:37:09,505 - INFO - RESURRECTION SUCCESSFUL! Restart #741 💎
💎 2025-08-03 21:37:09,506 - INFO - Resurrection successful! Guardian continues... 💎
💎 2025-08-03 21:37:39,507 - WARNING - Bot is dead! Resurrection attempt #742 💎
💎 2025-08-03 21:37:39,507 - WARNING - Bot has died! RESURRECTING... 💎
💎 2025-08-03 21:37:49,508 - INFO - Starting IMMORTAL Discord Community Global Launcher... 💎
💎 2025-08-03 21:37:49,515 - INFO - IMMORTAL Discord bot started with PID: 1996 💎
💎 2025-08-03 21:37:49,517 - INFO - RESURRECTION SUCCESSFUL! Restart #742 💎
💎 2025-08-03 21:37:49,517 - INFO - Resurrection successful! Guardian continues... 💎
💎 2025-08-03 21:37:59,198 - INFO - IMMORTAL STATUS: Bot restarts: 742 💎
💎 2025-08-03 21:38:19,518 - WARNING - Bot is dead! Resurrection attempt #743 💎
💎 2025-08-03 21:38:19,518 - WARNING - Bot has died! RESURRECTING... 💎
💎 2025-08-03 21:38:29,519 - INFO - Starting IMMORTAL Discord Community Global Launcher... 💎
💎 2025-08-03 21:38:29,527 - INFO - IMMORTAL Discord bot started with PID: 18900 💎
💎 2025-08-03 21:38:29,529 - INFO - RESURRECTION SUCCESSFUL! Restart #743 💎
💎 2025-08-03 21:38:29,529 - INFO - Resurrection successful! Guardian continues... 💎
💎 2025-08-03 21:38:59,199 - INFO - IMMORTAL STATUS: Bot restarts: 743 💎
💎 2025-08-03 21:38:59,530 - WARNING - Bot is dead! Resurrection attempt #744 💎
💎 2025-08-03 21:38:59,531 - WARNING - Bot has died! RESURRECTING... 💎
💎 2025-08-03 21:39:09,531 - INFO - Starting IMMORTAL Discord Community Global Launcher... 💎
💎 2025-08-03 21:39:09,541 - INFO - IMMORTAL Discord bot started with PID: 21252 💎
💎 2025-08-03 21:39:09,543 - INFO - RESURRECTION SUCCESSFUL! Restart #744 💎
💎 2025-08-03 21:39:09,543 - INFO - Resurrection successful! Guardian continues... 💎
💎 2025-08-03 21:39:39,544 - WARNING - Bot is dead! Resurrection attempt #745 💎
💎 2025-08-03 21:39:39,544 - WARNING - Bot has died! RESURRECTING... 💎
💎 2025-08-03 21:39:49,546 - INFO - Starting IMMORTAL Discord Community Global Launcher... 💎
💎 2025-08-03 21:39:49,558 - INFO - IMMORTAL Discord bot started with PID: 2732 💎
💎 2025-08-03 21:39:49,560 - INFO - RESURRECTION SUCCESSFUL! Restart #745 💎
💎 2025-08-03 21:39:49,560 - INFO - Resurrection successful! Guardian continues... 💎
💎 2025-08-03 21:39:59,200 - INFO - IMMORTAL STATUS: Bot restarts: 745 💎
💎 2025-08-03 21:40:19,561 - WARNING - Bot is dead! Resurrection attempt #746 💎
💎 2025-08-03 21:40:19,561 - WARNING - Bot has died! RESURRECTING... 💎
💎 2025-08-03 21:40:29,562 - INFO - Starting IMMORTAL Discord Community Global Launcher... 💎
💎 2025-08-03 21:40:29,571 - INFO - IMMORTAL Discord bot started with PID: 13568 💎
💎 2025-08-03 21:40:29,573 - INFO - RESURRECTION SUCCESSFUL! Restart #746 💎
💎 2025-08-03 21:40:29,573 - INFO - Resurrection successful! Guardian continues... 💎
💎 2025-08-03 21:40:59,201 - INFO - IMMORTAL STATUS: Bot restarts: 746 💎
💎 2025-08-03 21:40:59,574 - WARNING - Bot is dead! Resurrection attempt #747 💎
💎 2025-08-03 21:40:59,575 - WARNING - Bot has died! RESURRECTING... 💎
💎 2025-08-03 21:41:09,576 - INFO - Starting IMMORTAL Discord Community Global Launcher... 💎
💎 2025-08-03 21:41:09,586 - INFO - IMMORTAL Discord bot started with PID: 20400 💎
💎 2025-08-03 21:41:09,588 - INFO - RESURRECTION SUCCESSFUL! Restart #747 💎
💎 2025-08-03 21:41:09,588 - INFO - Resurrection successful! Guardian continues... 💎
💎 2025-08-03 21:41:39,589 - WARNING - Bot is dead! Resurrection attempt #748 💎
💎 2025-08-03 21:41:39,590 - WARNING - Bot has died! RESURRECTING... 💎
💎 2025-08-03 21:41:49,590 - INFO - Starting IMMORTAL Discord Community Global Launcher... 💎
💎 2025-08-03 21:41:49,597 - INFO - IMMORTAL Discord bot started with PID: 19648 💎
💎 2025-08-03 21:41:49,599 - INFO - RESURRECTION SUCCESSFUL! Restart #748 💎
💎 2025-08-03 21:41:49,600 - INFO - Resurrection successful! Guardian continues... 💎
💎 2025-08-03 21:41:59,202 - INFO - IMMORTAL STATUS: Bot restarts: 748 💎
💎 2025-08-03 21:42:19,601 - WARNING - Bot is dead! Resurrection attempt #749 💎
💎 2025-08-03 21:42:19,602 - WARNING - Bot has died! RESURRECTING... 💎
💎 2025-08-03 21:42:29,603 - INFO - Starting IMMORTAL Discord Community Global Launcher... 💎
💎 2025-08-03 21:42:29,612 - INFO - IMMORTAL Discord bot started with PID: 12296 💎
💎 2025-08-03 21:42:29,614 - INFO - RESURRECTION SUCCESSFUL! Restart #749 💎
💎 2025-08-03 21:42:29,615 - INFO - Resurrection successful! Guardian continues... 💎
💎 2025-08-03 21:42:59,202 - INFO - IMMORTAL STATUS: Bot restarts: 749 💎
💎 2025-08-03 21:42:59,616 - WARNING - Bot is dead! Resurrection attempt #750 💎
💎 2025-08-03 21:42:59,616 - WARNING - Bot has died! RESURRECTING... 💎
💎 2025-08-03 21:43:09,617 - INFO - Starting IMMORTAL Discord Community Global Launcher... 💎
💎 2025-08-03 21:43:09,628 - INFO - IMMORTAL Discord bot started with PID: 15504 💎
💎 2025-08-03 21:43:09,631 - INFO - RESURRECTION SUCCESSFUL! Restart #750 💎
💎 2025-08-03 21:43:09,632 - INFO - Resurrection successful! Guardian continues... 💎
💎 2025-08-03 21:43:39,633 - WARNING - Bot is dead! Resurrection attempt #751 💎
💎 2025-08-03 21:43:39,633 - WARNING - Bot has died! RESURRECTING... 💎
💎 2025-08-03 21:43:49,635 - INFO - Starting IMMORTAL Discord Community Global Launcher... 💎
💎 2025-08-03 21:43:49,649 - INFO - IMMORTAL Discord bot started with PID: 15056 💎
💎 2025-08-03 21:43:49,652 - INFO - RESURRECTION SUCCESSFUL! Restart #751 💎
💎 2025-08-03 21:43:49,653 - INFO - Resurrection successful! Guardian continues... 💎
💎 2025-08-03 21:43:59,203 - INFO - IMMORTAL STATUS: Bot restarts: 751 💎
💎 2025-08-03 21:44:19,653 - WARNING - Bot is dead! Resurrection attempt #752 💎
💎 2025-08-03 21:44:19,655 - WARNING - Bot has died! RESURRECTING... 💎
💎 2025-08-03 21:44:29,655 - INFO - Starting IMMORTAL Discord Community Global Launcher... 💎
💎 2025-08-03 21:44:29,663 - INFO - IMMORTAL Discord bot started with PID: 3160 💎
💎 2025-08-03 21:44:29,665 - INFO - RESURRECTION SUCCESSFUL! Restart #752 💎
💎 2025-08-03 21:44:29,665 - INFO - Resurrection successful! Guardian continues... 💎
💎 2025-08-03 21:44:59,204 - INFO - IMMORTAL STATUS: Bot restarts: 752 💎
💎 2025-08-03 21:44:59,666 - WARNING - Bot is dead! Resurrection attempt #753 💎
💎 2025-08-03 21:44:59,666 - WARNING - Bot has died! RESURRECTING... 💎
💎 2025-08-03 21:45:09,667 - INFO - Starting IMMORTAL Discord Community Global Launcher... 💎
💎 2025-08-03 21:45:09,676 - INFO - IMMORTAL Discord bot started with PID: 21228 💎
💎 2025-08-03 21:45:09,678 - INFO - RESURRECTION SUCCESSFUL! Restart #753 💎
💎 2025-08-03 21:45:09,678 - INFO - Resurrection successful! Guardian continues... 💎
💎 2025-08-03 21:45:39,679 - WARNING - Bot is dead! Resurrection attempt #754 💎
💎 2025-08-03 21:45:39,680 - WARNING - Bot has died! RESURRECTING... 💎
💎 2025-08-03 21:45:49,680 - INFO - Starting IMMORTAL Discord Community Global Launcher... 💎
💎 2025-08-03 21:45:49,690 - INFO - IMMORTAL Discord bot started with PID: 20776 💎
💎 2025-08-03 21:45:49,692 - INFO - RESURRECTION SUCCESSFUL! Restart #754 💎
💎 2025-08-03 21:45:49,692 - INFO - Resurrection successful! Guardian continues... 💎
💎 2025-08-03 21:45:59,205 - INFO - IMMORTAL STATUS: Bot restarts: 754 💎
💎 2025-08-03 21:46:19,693 - WARNING - Bot is dead! Resurrection attempt #755 💎
💎 2025-08-03 21:46:19,693 - WARNING - Bot has died! RESURRECTING... 💎
💎 2025-08-03 21:46:29,694 - INFO - Starting IMMORTAL Discord Community Global Launcher... 💎
💎 2025-08-03 21:46:29,702 - INFO - IMMORTAL Discord bot started with PID: 20320 💎
💎 2025-08-03 21:46:29,703 - INFO - RESURRECTION SUCCESSFUL! Restart #755 💎
💎 2025-08-03 21:46:29,704 - INFO - Resurrection successful! Guardian continues... 💎
💎 2025-08-03 21:46:59,206 - INFO - IMMORTAL STATUS: Bot restarts: 755 💎
💎 2025-08-03 21:46:59,705 - WARNING - Bot is dead! Resurrection attempt #756 💎
💎 2025-08-03 21:46:59,705 - WARNING - Bot has died! RESURRECTING... 💎
💎 2025-08-03 21:47:09,706 - INFO - Starting IMMORTAL Discord Community Global Launcher... 💎
💎 2025-08-03 21:47:09,714 - INFO - IMMORTAL Discord bot started with PID: 17460 💎
💎 2025-08-03 21:47:09,716 - INFO - RESURRECTION SUCCESSFUL! Restart #756 💎
💎 2025-08-03 21:47:09,716 - INFO - Resurrection successful! Guardian continues... 💎
💎 2025-08-03 21:47:39,717 - WARNING - Bot is dead! Resurrection attempt #757 💎
💎 2025-08-03 21:47:39,717 - WARNING - Bot has died! RESURRECTING... 💎
💎 2025-08-03 21:47:49,718 - INFO - Starting IMMORTAL Discord Community Global Launcher... 💎
💎 2025-08-03 21:47:49,726 - INFO - IMMORTAL Discord bot started with PID: 20352 💎
💎 2025-08-03 21:47:49,728 - INFO - RESURRECTION SUCCESSFUL! Restart #757 💎
💎 2025-08-03 21:47:49,728 - INFO - Resurrection successful! Guardian continues... 💎
💎 2025-08-03 21:47:59,207 - INFO - IMMORTAL STATUS: Bot restarts: 757 💎
💎 2025-08-03 21:48:19,729 - WARNING - Bot is dead! Resurrection attempt #758 💎
💎 2025-08-03 21:48:19,729 - WARNING - Bot has died! RESURRECTING... 💎
💎 2025-08-03 21:48:29,730 - INFO - Starting IMMORTAL Discord Community Global Launcher... 💎
💎 2025-08-03 21:48:29,737 - INFO - IMMORTAL Discord bot started with PID: 17760 💎
💎 2025-08-03 21:48:29,738 - INFO - RESURRECTION SUCCESSFUL! Restart #758 💎
💎 2025-08-03 21:48:29,739 - INFO - Resurrection successful! Guardian continues... 💎
💎 2025-08-03 21:48:59,208 - INFO - IMMORTAL STATUS: Bot restarts: 758 💎
💎 2025-08-03 21:48:59,740 - WARNING - Bot is dead! Resurrection attempt #759 💎
💎 2025-08-03 21:48:59,740 - WARNING - Bot has died! RESURRECTING... 💎
💎 2025-08-03 21:49:09,741 - INFO - Starting IMMORTAL Discord Community Global Launcher... 💎
💎 2025-08-03 21:49:09,756 - INFO - IMMORTAL Discord bot started with PID: 20468 💎
💎 2025-08-03 21:49:09,758 - INFO - RESURRECTION SUCCESSFUL! Restart #759 💎
💎 2025-08-03 21:49:09,758 - INFO - Resurrection successful! Guardian continues... 💎
💎 2025-08-03 21:49:39,760 - WARNING - Bot is dead! Resurrection attempt #760 💎
💎 2025-08-03 21:49:39,761 - WARNING - Bot has died! RESURRECTING... 💎
💎 2025-08-03 21:49:49,762 - INFO - Starting IMMORTAL Discord Community Global Launcher... 💎
💎 2025-08-03 21:49:49,769 - INFO - IMMORTAL Discord bot started with PID: 1652 💎
💎 2025-08-03 21:49:49,770 - INFO - RESURRECTION SUCCESSFUL! Restart #760 💎
💎 2025-08-03 21:49:49,770 - INFO - Resurrection successful! Guardian continues... 💎
💎 2025-08-03 21:49:59,223 - INFO - IMMORTAL STATUS: Bot restarts: 760 💎
💎 2025-08-03 21:50:19,771 - WARNING - Bot is dead! Resurrection attempt #761 💎
💎 2025-08-03 21:50:19,772 - WARNING - Bot has died! RESURRECTING... 💎
💎 2025-08-03 21:50:29,772 - INFO - Starting IMMORTAL Discord Community Global Launcher... 💎
💎 2025-08-03 21:50:29,781 - INFO - IMMORTAL Discord bot started with PID: 21088 💎
💎 2025-08-03 21:50:29,783 - INFO - RESURRECTION SUCCESSFUL! Restart #761 💎
💎 2025-08-03 21:50:29,784 - INFO - Resurrection successful! Guardian continues... 💎
💎 2025-08-03 21:50:59,298 - INFO - IMMORTAL STATUS: Bot restarts: 761 💎
💎 2025-08-03 21:50:59,785 - WARNING - Bot is dead! Resurrection attempt #762 💎
💎 2025-08-03 21:50:59,785 - WARNING - Bot has died! RESURRECTING... 💎
💎 2025-08-03 21:51:09,786 - INFO - Starting IMMORTAL Discord Community Global Launcher... 💎
💎 2025-08-03 21:51:09,793 - INFO - IMMORTAL Discord bot started with PID: 15780 💎
💎 2025-08-03 21:51:09,794 - INFO - RESURRECTION SUCCESSFUL! Restart #762 💎
💎 2025-08-03 21:51:09,794 - INFO - Resurrection successful! Guardian continues... 💎
💎 2025-08-03 21:51:39,795 - WARNING - Bot is dead! Resurrection attempt #763 💎
💎 2025-08-03 21:51:39,796 - WARNING - Bot has died! RESURRECTING... 💎
💎 2025-08-03 21:51:49,797 - INFO - Starting IMMORTAL Discord Community Global Launcher... 💎
💎 2025-08-03 21:51:49,804 - INFO - IMMORTAL Discord bot started with PID: 21456 💎
💎 2025-08-03 21:51:49,807 - INFO - RESURRECTION SUCCESSFUL! Restart #763 💎
💎 2025-08-03 21:51:49,807 - INFO - Resurrection successful! Guardian continues... 💎
💎 2025-08-03 21:51:59,299 - INFO - IMMORTAL STATUS: Bot restarts: 763 💎
💎 2025-08-03 21:52:19,809 - WARNING - Bot is dead! Resurrection attempt #764 💎
💎 2025-08-03 21:52:19,809 - WARNING - Bot has died! RESURRECTING... 💎
💎 2025-08-03 21:52:29,810 - INFO - Starting IMMORTAL Discord Community Global Launcher... 💎
💎 2025-08-03 21:52:29,817 - INFO - IMMORTAL Discord bot started with PID: 8776 💎
💎 2025-08-03 21:52:29,819 - INFO - RESURRECTION SUCCESSFUL! Restart #764 💎
💎 2025-08-03 21:52:29,820 - INFO - Resurrection successful! Guardian continues... 💎
💎 2025-08-03 21:52:59,300 - INFO - IMMORTAL STATUS: Bot restarts: 764 💎
💎 2025-08-03 21:52:59,820 - WARNING - Bot is dead! Resurrection attempt #765 💎
💎 2025-08-03 21:52:59,821 - WARNING - Bot has died! RESURRECTING... 💎
💎 2025-08-03 21:53:09,822 - INFO - Starting IMMORTAL Discord Community Global Launcher... 💎
💎 2025-08-03 21:53:09,830 - INFO - IMMORTAL Discord bot started with PID: 18780 💎
💎 2025-08-03 21:53:09,832 - INFO - RESURRECTION SUCCESSFUL! Restart #765 💎
💎 2025-08-03 21:53:09,833 - INFO - Resurrection successful! Guardian continues... 💎
💎 2025-08-03 21:53:39,834 - WARNING - Bot is dead! Resurrection attempt #766 💎
💎 2025-08-03 21:53:39,834 - WARNING - Bot has died! RESURRECTING... 💎
💎 2025-08-03 21:53:49,835 - INFO - Starting IMMORTAL Discord Community Global Launcher... 💎
💎 2025-08-03 21:53:49,844 - INFO - IMMORTAL Discord bot started with PID: 6668 💎
💎 2025-08-03 21:53:49,845 - INFO - RESURRECTION SUCCESSFUL! Restart #766 💎
💎 2025-08-03 21:53:49,846 - INFO - Resurrection successful! Guardian continues... 💎
💎 2025-08-03 21:53:59,301 - INFO - IMMORTAL STATUS: Bot restarts: 766 💎
💎 2025-08-03 21:54:19,847 - WARNING - Bot is dead! Resurrection attempt #767 💎
💎 2025-08-03 21:54:19,847 - WARNING - Bot has died! RESURRECTING... 💎
💎 2025-08-03 21:54:29,847 - INFO - Starting IMMORTAL Discord Community Global Launcher... 💎
💎 2025-08-03 21:54:29,855 - INFO - IMMORTAL Discord bot started with PID: 6008 💎
💎 2025-08-03 21:54:29,857 - INFO - RESURRECTION SUCCESSFUL! Restart #767 💎
💎 2025-08-03 21:54:29,857 - INFO - Resurrection successful! Guardian continues... 💎
💎 2025-08-03 21:54:59,302 - INFO - IMMORTAL STATUS: Bot restarts: 767 💎
💎 2025-08-03 21:54:59,858 - WARNING - Bot is dead! Resurrection attempt #768 💎
💎 2025-08-03 21:54:59,858 - WARNING - Bot has died! RESURRECTING... 💎
💎 2025-08-03 21:55:09,859 - INFO - Starting IMMORTAL Discord Community Global Launcher... 💎
💎 2025-08-03 21:55:09,866 - INFO - IMMORTAL Discord bot started with PID: 12328 💎
💎 2025-08-03 21:55:09,868 - INFO - RESURRECTION SUCCESSFUL! Restart #768 💎
💎 2025-08-03 21:55:09,868 - INFO - Resurrection successful! Guardian continues... 💎
💎 2025-08-03 21:55:39,870 - WARNING - Bot is dead! Resurrection attempt #769 💎
💎 2025-08-03 21:55:39,870 - WARNING - Bot has died! RESURRECTING... 💎
💎 2025-08-03 21:55:49,871 - INFO - Starting IMMORTAL Discord Community Global Launcher... 💎
💎 2025-08-03 21:55:49,878 - INFO - IMMORTAL Discord bot started with PID: 13492 💎
💎 2025-08-03 21:55:49,880 - INFO - RESURRECTION SUCCESSFUL! Restart #769 💎
💎 2025-08-03 21:55:49,880 - INFO - Resurrection successful! Guardian continues... 💎
💎 2025-08-03 21:55:59,302 - INFO - IMMORTAL STATUS: Bot restarts: 769 💎
💎 2025-08-03 21:56:19,881 - WARNING - Bot is dead! Resurrection attempt #770 💎
💎 2025-08-03 21:56:19,882 - WARNING - Bot has died! RESURRECTING... 💎
💎 2025-08-03 21:56:29,883 - INFO - Starting IMMORTAL Discord Community Global Launcher... 💎
💎 2025-08-03 21:56:29,889 - INFO - IMMORTAL Discord bot started with PID: 8860 💎
💎 2025-08-03 21:56:29,891 - INFO - RESURRECTION SUCCESSFUL! Restart #770 💎
💎 2025-08-03 21:56:29,891 - INFO - Resurrection successful! Guardian continues... 💎
💎 2025-08-03 21:56:59,303 - INFO - IMMORTAL STATUS: Bot restarts: 770 💎
💎 2025-08-03 21:56:59,893 - WARNING - Bot is dead! Resurrection attempt #771 💎
💎 2025-08-03 21:56:59,893 - WARNING - Bot has died! RESURRECTING... 💎
💎 2025-08-03 21:57:09,894 - INFO - Starting IMMORTAL Discord Community Global Launcher... 💎
💎 2025-08-03 21:57:09,902 - INFO - IMMORTAL Discord bot started with PID: 5140 💎
💎 2025-08-03 21:57:09,904 - INFO - RESURRECTION SUCCESSFUL! Restart #771 💎
💎 2025-08-03 21:57:09,904 - INFO - Resurrection successful! Guardian continues... 💎
💎 2025-08-03 21:57:39,905 - WARNING - Bot is dead! Resurrection attempt #772 💎
💎 2025-08-03 21:57:39,905 - WARNING - Bot has died! RESURRECTING... 💎
💎 2025-08-03 21:57:49,906 - INFO - Starting IMMORTAL Discord Community Global Launcher... 💎
💎 2025-08-03 21:57:49,914 - INFO - IMMORTAL Discord bot started with PID: 20812 💎
💎 2025-08-03 21:57:49,916 - INFO - RESURRECTION SUCCESSFUL! Restart #772 💎
💎 2025-08-03 21:57:49,917 - INFO - Resurrection successful! Guardian continues... 💎
💎 2025-08-03 21:57:59,304 - INFO - IMMORTAL STATUS: Bot restarts: 772 💎
💎 2025-08-03 21:58:19,918 - WARNING - Bot is dead! Resurrection attempt #773 💎
💎 2025-08-03 21:58:19,918 - WARNING - Bot has died! RESURRECTING... 💎
💎 2025-08-03 21:58:29,919 - INFO - Starting IMMORTAL Discord Community Global Launcher... 💎
💎 2025-08-03 21:58:29,928 - INFO - IMMORTAL Discord bot started with PID: 15656 💎
💎 2025-08-03 21:58:29,930 - INFO - RESURRECTION SUCCESSFUL! Restart #773 💎
💎 2025-08-03 21:58:29,930 - INFO - Resurrection successful! Guardian continues... 💎
💎 2025-08-03 21:58:59,305 - INFO - IMMORTAL STATUS: Bot restarts: 773 💎
💎 2025-08-03 21:58:59,931 - WARNING - Bot is dead! Resurrection attempt #774 💎
💎 2025-08-03 21:58:59,932 - WARNING - Bot has died! RESURRECTING... 💎
💎 2025-08-03 21:59:09,933 - INFO - Starting IMMORTAL Discord Community Global Launcher... 💎
💎 2025-08-03 21:59:09,941 - INFO - IMMORTAL Discord bot started with PID: 12392 💎
💎 2025-08-03 21:59:09,943 - INFO - RESURRECTION SUCCESSFUL! Restart #774 💎
💎 2025-08-03 21:59:09,943 - INFO - Resurrection successful! Guardian continues... 💎
💎 2025-08-03 21:59:39,945 - WARNING - Bot is dead! Resurrection attempt #775 💎
💎 2025-08-03 21:59:39,945 - WARNING - Bot has died! RESURRECTING... 💎
💎 2025-08-03 21:59:49,946 - INFO - Starting IMMORTAL Discord Community Global Launcher... 💎
💎 2025-08-03 21:59:49,954 - INFO - IMMORTAL Discord bot started with PID: 21200 💎
💎 2025-08-03 21:59:49,956 - INFO - RESURRECTION SUCCESSFUL! Restart #775 💎
💎 2025-08-03 21:59:49,956 - INFO - Resurrection successful! Guardian continues... 💎
💎 2025-08-03 21:59:59,306 - INFO - IMMORTAL STATUS: Bot restarts: 775 💎
💎 2025-08-03 22:00:19,957 - WARNING - Bot is dead! Resurrection attempt #776 💎
💎 2025-08-03 22:00:19,957 - WARNING - Bot has died! RESURRECTING... 💎
💎 2025-08-03 22:00:29,958 - INFO - Starting IMMORTAL Discord Community Global Launcher... 💎
💎 2025-08-03 22:00:29,966 - INFO - IMMORTAL Discord bot started with PID: 1116 💎
💎 2025-08-03 22:00:29,968 - INFO - RESURRECTION SUCCESSFUL! Restart #776 💎
💎 2025-08-03 22:00:29,969 - INFO - Resurrection successful! Guardian continues... 💎
💎 2025-08-03 22:00:59,307 - INFO - IMMORTAL STATUS: Bot restarts: 776 💎
💎 2025-08-03 22:00:59,970 - WARNING - Bot is dead! Resurrection attempt #777 💎
💎 2025-08-03 22:00:59,971 - WARNING - Bot has died! RESURRECTING... 💎
💎 2025-08-03 22:01:09,972 - INFO - Starting IMMORTAL Discord Community Global Launcher... 💎
💎 2025-08-03 22:01:09,979 - INFO - IMMORTAL Discord bot started with PID: 20200 💎
💎 2025-08-03 22:01:09,981 - INFO - RESURRECTION SUCCESSFUL! Restart #777 💎
💎 2025-08-03 22:01:09,981 - INFO - Resurrection successful! Guardian continues... 💎
💎 2025-08-03 22:01:39,982 - WARNING - Bot is dead! Resurrection attempt #778 💎
💎 2025-08-03 22:01:39,983 - WARNING - Bot has died! RESURRECTING... 💎
💎 2025-08-03 22:01:49,984 - INFO - Starting IMMORTAL Discord Community Global Launcher... 💎
💎 2025-08-03 22:01:49,991 - INFO - IMMORTAL Discord bot started with PID: 20268 💎
💎 2025-08-03 22:01:49,994 - INFO - RESURRECTION SUCCESSFUL! Restart #778 💎
💎 2025-08-03 22:01:49,995 - INFO - Resurrection successful! Guardian continues... 💎
💎 2025-08-03 22:01:59,308 - INFO - IMMORTAL STATUS: Bot restarts: 778 💎
💎 2025-08-03 22:02:19,999 - WARNING - Bot is dead! Resurrection attempt #779 💎
💎 2025-08-03 22:02:20,005 - WARNING - Bot has died! RESURRECTING... 💎
💎 2025-08-03 22:02:30,007 - INFO - Starting IMMORTAL Discord Community Global Launcher... 💎
💎 2025-08-03 22:02:30,017 - INFO - IMMORTAL Discord bot started with PID: 22296 💎
💎 2025-08-03 22:02:30,019 - INFO - RESURRECTION SUCCESSFUL! Restart #779 💎
💎 2025-08-03 22:02:30,020 - INFO - Resurrection successful! Guardian continues... 💎
💎 2025-08-03 22:02:59,310 - INFO - IMMORTAL STATUS: Bot restarts: 779 💎
💎 2025-08-03 22:03:00,020 - WARNING - Bot is dead! Resurrection attempt #780 💎
💎 2025-08-03 22:03:00,021 - WARNING - Bot has died! RESURRECTING... 💎
💎 2025-08-03 22:03:10,022 - INFO - Starting IMMORTAL Discord Community Global Launcher... 💎
💎 2025-08-03 22:03:10,031 - INFO - IMMORTAL Discord bot started with PID: 20540 💎
💎 2025-08-03 22:03:10,032 - INFO - RESURRECTION SUCCESSFUL! Restart #780 💎
💎 2025-08-03 22:03:10,033 - INFO - Resurrection successful! Guardian continues... 💎
💎 2025-08-03 22:03:40,034 - WARNING - Bot is dead! Resurrection attempt #781 💎
💎 2025-08-03 22:03:40,034 - WARNING - Bot has died! RESURRECTING... 💎
💎 2025-08-03 22:03:50,035 - INFO - Starting IMMORTAL Discord Community Global Launcher... 💎
💎 2025-08-03 22:03:50,043 - INFO - IMMORTAL Discord bot started with PID: 21792 💎
💎 2025-08-03 22:03:50,044 - INFO - RESURRECTION SUCCESSFUL! Restart #781 💎
💎 2025-08-03 22:03:50,045 - INFO - Resurrection successful! Guardian continues... 💎
💎 2025-08-03 22:03:59,311 - INFO - IMMORTAL STATUS: Bot restarts: 781 💎
💎 2025-08-03 22:04:20,046 - WARNING - Bot is dead! Resurrection attempt #782 💎
💎 2025-08-03 22:04:20,046 - WARNING - Bot has died! RESURRECTING... 💎
💎 2025-08-03 22:04:30,047 - INFO - Starting IMMORTAL Discord Community Global Launcher... 💎
💎 2025-08-03 22:04:30,056 - INFO - IMMORTAL Discord bot started with PID: 22104 💎
💎 2025-08-03 22:04:30,058 - INFO - RESURRECTION SUCCESSFUL! Restart #782 💎
💎 2025-08-03 22:04:30,059 - INFO - Resurrection successful! Guardian continues... 💎
💎 2025-08-03 22:04:59,312 - INFO - IMMORTAL STATUS: Bot restarts: 782 💎
💎 2025-08-03 22:05:00,060 - WARNING - Bot is dead! Resurrection attempt #783 💎
💎 2025-08-03 22:05:00,061 - WARNING - Bot has died! RESURRECTING... 💎
💎 2025-08-03 22:05:10,061 - INFO - Starting IMMORTAL Discord Community Global Launcher... 💎
💎 2025-08-03 22:05:10,069 - INFO - IMMORTAL Discord bot started with PID: 19720 💎
💎 2025-08-03 22:05:10,070 - INFO - RESURRECTION SUCCESSFUL! Restart #783 💎
💎 2025-08-03 22:05:10,071 - INFO - Resurrection successful! Guardian continues... 💎
💎 2025-08-03 22:05:40,072 - WARNING - Bot is dead! Resurrection attempt #784 💎
💎 2025-08-03 22:05:40,073 - WARNING - Bot has died! RESURRECTING... 💎
💎 2025-08-03 22:05:50,073 - INFO - Starting IMMORTAL Discord Community Global Launcher... 💎
💎 2025-08-03 22:05:50,082 - INFO - IMMORTAL Discord bot started with PID: 4088 💎
💎 2025-08-03 22:05:50,083 - INFO - RESURRECTION SUCCESSFUL! Restart #784 💎
💎 2025-08-03 22:05:50,084 - INFO - Resurrection successful! Guardian continues... 💎
💎 2025-08-03 22:05:59,313 - INFO - IMMORTAL STATUS: Bot restarts: 784 💎
💎 2025-08-03 22:06:20,084 - WARNING - Bot is dead! Resurrection attempt #785 💎
💎 2025-08-03 22:06:20,085 - WARNING - Bot has died! RESURRECTING... 💎
💎 2025-08-03 22:06:30,086 - INFO - Starting IMMORTAL Discord Community Global Launcher... 💎
💎 2025-08-03 22:06:30,092 - INFO - IMMORTAL Discord bot started with PID: 20464 💎
💎 2025-08-03 22:06:30,094 - INFO - RESURRECTION SUCCESSFUL! Restart #785 💎
💎 2025-08-03 22:06:30,095 - INFO - Resurrection successful! Guardian continues... 💎
💎 2025-08-03 22:06:59,314 - INFO - IMMORTAL STATUS: Bot restarts: 785 💎
💎 2025-08-03 22:07:00,096 - WARNING - Bot is dead! Resurrection attempt #786 💎
💎 2025-08-03 22:07:00,096 - WARNING - Bot has died! RESURRECTING... 💎
💎 2025-08-03 22:07:10,097 - INFO - Starting IMMORTAL Discord Community Global Launcher... 💎
💎 2025-08-03 22:07:10,105 - INFO - IMMORTAL Discord bot started with PID: 21160 💎
💎 2025-08-03 22:07:10,106 - INFO - RESURRECTION SUCCESSFUL! Restart #786 💎
💎 2025-08-03 22:07:10,107 - INFO - Resurrection successful! Guardian continues... 💎
💎 2025-08-03 22:07:40,108 - WARNING - Bot is dead! Resurrection attempt #787 💎
💎 2025-08-03 22:07:40,108 - WARNING - Bot has died! RESURRECTING... 💎
💎 2025-08-03 22:07:50,109 - INFO - Starting IMMORTAL Discord Community Global Launcher... 💎
💎 2025-08-03 22:07:50,116 - INFO - IMMORTAL Discord bot started with PID: 19904 💎
💎 2025-08-03 22:07:50,118 - INFO - RESURRECTION SUCCESSFUL! Restart #787 💎
💎 2025-08-03 22:07:50,119 - INFO - Resurrection successful! Guardian continues... 💎
💎 2025-08-03 22:07:59,316 - INFO - IMMORTAL STATUS: Bot restarts: 787 💎
💎 2025-08-03 22:08:20,120 - WARNING - Bot is dead! Resurrection attempt #788 💎
💎 2025-08-03 22:08:20,121 - WARNING - Bot has died! RESURRECTING... 💎
💎 2025-08-03 22:08:30,122 - INFO - Starting IMMORTAL Discord Community Global Launcher... 💎
💎 2025-08-03 22:08:30,130 - INFO - IMMORTAL Discord bot started with PID: 20036 💎
💎 2025-08-03 22:08:30,131 - INFO - RESURRECTION SUCCESSFUL! Restart #788 💎
💎 2025-08-03 22:08:30,132 - INFO - Resurrection successful! Guardian continues... 💎
💎 2025-08-03 22:08:59,316 - INFO - IMMORTAL STATUS: Bot restarts: 788 💎
💎 2025-08-03 22:09:00,134 - WARNING - Bot is dead! Resurrection attempt #789 💎
💎 2025-08-03 22:09:00,134 - WARNING - Bot has died! RESURRECTING... 💎
💎 2025-08-03 22:09:10,136 - INFO - Starting IMMORTAL Discord Community Global Launcher... 💎
💎 2025-08-03 22:09:10,144 - INFO - IMMORTAL Discord bot started with PID: 22064 💎
💎 2025-08-03 22:09:10,147 - INFO - RESURRECTION SUCCESSFUL! Restart #789 💎
💎 2025-08-03 22:09:10,147 - INFO - Resurrection successful! Guardian continues... 💎
💎 2025-08-03 22:09:40,151 - WARNING - Bot is dead! Resurrection attempt #790 💎
💎 2025-08-03 22:09:40,153 - WARNING - Bot has died! RESURRECTING... 💎
💎 2025-08-03 22:09:50,154 - INFO - Starting IMMORTAL Discord Community Global Launcher... 💎
💎 2025-08-03 22:09:50,167 - INFO - IMMORTAL Discord bot started with PID: 21132 💎
💎 2025-08-03 22:09:50,169 - INFO - RESURRECTION SUCCESSFUL! Restart #790 💎
💎 2025-08-03 22:09:50,170 - INFO - Resurrection successful! Guardian continues... 💎
💎 2025-08-03 22:09:59,318 - INFO - IMMORTAL STATUS: Bot restarts: 790 💎
💎 2025-08-03 22:10:20,170 - WARNING - Bot is dead! Resurrection attempt #791 💎
💎 2025-08-03 22:10:20,171 - WARNING - Bot has died! RESURRECTING... 💎
💎 2025-08-03 22:10:30,172 - INFO - Starting IMMORTAL Discord Community Global Launcher... 💎
💎 2025-08-03 22:10:30,181 - INFO - IMMORTAL Discord bot started with PID: 17992 💎
💎 2025-08-03 22:10:30,183 - INFO - RESURRECTION SUCCESSFUL! Restart #791 💎
💎 2025-08-03 22:10:30,184 - INFO - Resurrection successful! Guardian continues... 💎
💎 2025-08-03 22:10:59,319 - INFO - IMMORTAL STATUS: Bot restarts: 791 💎
💎 2025-08-03 22:11:00,185 - WARNING - Bot is dead! Resurrection attempt #792 💎
💎 2025-08-03 22:11:00,186 - WARNING - Bot has died! RESURRECTING... 💎
💎 2025-08-03 22:11:10,187 - INFO - Starting IMMORTAL Discord Community Global Launcher... 💎
💎 2025-08-03 22:11:10,194 - INFO - IMMORTAL Discord bot started with PID: 7372 💎
💎 2025-08-03 22:11:10,196 - INFO - RESURRECTION SUCCESSFUL! Restart #792 💎
💎 2025-08-03 22:11:10,197 - INFO - Resurrection successful! Guardian continues... 💎
💎 2025-08-03 22:11:40,198 - WARNING - Bot is dead! Resurrection attempt #793 💎
💎 2025-08-03 22:11:40,199 - WARNING - Bot has died! RESURRECTING... 💎
💎 2025-08-03 22:11:50,200 - INFO - Starting IMMORTAL Discord Community Global Launcher... 💎
💎 2025-08-03 22:11:50,207 - INFO - IMMORTAL Discord bot started with PID: 22520 💎
💎 2025-08-03 22:11:50,209 - INFO - RESURRECTION SUCCESSFUL! Restart #793 💎
💎 2025-08-03 22:11:50,210 - INFO - Resurrection successful! Guardian continues... 💎
💎 2025-08-03 22:11:59,320 - INFO - IMMORTAL STATUS: Bot restarts: 793 💎
💎 2025-08-03 22:12:20,212 - WARNING - Bot is dead! Resurrection attempt #794 💎
💎 2025-08-03 22:12:20,213 - WARNING - Bot has died! RESURRECTING... 💎
💎 2025-08-03 22:12:30,215 - INFO - Starting IMMORTAL Discord Community Global Launcher... 💎
💎 2025-08-03 22:12:30,223 - INFO - IMMORTAL Discord bot started with PID: 9912 💎
💎 2025-08-03 22:12:30,224 - INFO - RESURRECTION SUCCESSFUL! Restart #794 💎
💎 2025-08-03 22:12:30,225 - INFO - Resurrection successful! Guardian continues... 💎
💎 2025-08-03 22:12:59,321 - INFO - IMMORTAL STATUS: Bot restarts: 794 💎
💎 2025-08-03 22:13:00,226 - WARNING - Bot is dead! Resurrection attempt #795 💎
💎 2025-08-03 22:13:00,226 - WARNING - Bot has died! RESURRECTING... 💎
💎 2025-08-03 22:13:10,228 - INFO - Starting IMMORTAL Discord Community Global Launcher... 💎
💎 2025-08-03 22:13:10,240 - INFO - IMMORTAL Discord bot started with PID: 13888 💎
💎 2025-08-03 22:13:10,244 - INFO - RESURRECTION SUCCESSFUL! Restart #795 💎
💎 2025-08-03 22:13:10,245 - INFO - Resurrection successful! Guardian continues... 💎
💎 2025-08-03 22:13:40,246 - WARNING - Bot is dead! Resurrection attempt #796 💎
💎 2025-08-03 22:13:40,247 - WARNING - Bot has died! RESURRECTING... 💎
💎 2025-08-03 22:13:50,247 - INFO - Starting IMMORTAL Discord Community Global Launcher... 💎
💎 2025-08-03 22:13:50,255 - INFO - IMMORTAL Discord bot started with PID: 21564 💎
💎 2025-08-03 22:13:50,257 - INFO - RESURRECTION SUCCESSFUL! Restart #796 💎
💎 2025-08-03 22:13:50,258 - INFO - Resurrection successful! Guardian continues... 💎
💎 2025-08-03 22:13:59,322 - INFO - IMMORTAL STATUS: Bot restarts: 796 💎
💎 2025-08-03 22:14:20,258 - WARNING - Bot is dead! Resurrection attempt #797 💎
💎 2025-08-03 22:14:20,259 - WARNING - Bot has died! RESURRECTING... 💎
💎 2025-08-03 22:14:30,259 - INFO - Starting IMMORTAL Discord Community Global Launcher... 💎
💎 2025-08-03 22:14:30,271 - INFO - IMMORTAL Discord bot started with PID: 19628 💎
💎 2025-08-03 22:14:30,272 - INFO - RESURRECTION SUCCESSFUL! Restart #797 💎
💎 2025-08-03 22:14:30,273 - INFO - Resurrection successful! Guardian continues... 💎
💎 2025-08-03 22:14:59,323 - INFO - IMMORTAL STATUS: Bot restarts: 797 💎
💎 2025-08-03 22:15:00,274 - WARNING - Bot is dead! Resurrection attempt #798 💎
💎 2025-08-03 22:15:00,275 - WARNING - Bot has died! RESURRECTING... 💎
💎 2025-08-03 22:15:10,276 - INFO - Starting IMMORTAL Discord Community Global Launcher... 💎
💎 2025-08-03 22:15:10,285 - INFO - IMMORTAL Discord bot started with PID: 12020 💎
💎 2025-08-03 22:15:10,286 - INFO - RESURRECTION SUCCESSFUL! Restart #798 💎
💎 2025-08-03 22:15:10,287 - INFO - Resurrection successful! Guardian continues... 💎
💎 2025-08-03 22:15:40,289 - WARNING - Bot is dead! Resurrection attempt #799 💎
💎 2025-08-03 22:15:40,290 - WARNING - Bot has died! RESURRECTING... 💎
💎 2025-08-03 22:15:50,292 - INFO - Starting IMMORTAL Discord Community Global Launcher... 💎
💎 2025-08-03 22:15:50,299 - INFO - IMMORTAL Discord bot started with PID: 15940 💎
💎 2025-08-03 22:15:50,301 - INFO - RESURRECTION SUCCESSFUL! Restart #799 💎
💎 2025-08-03 22:15:50,301 - INFO - Resurrection successful! Guardian continues... 💎
💎 2025-08-03 22:15:59,324 - INFO - IMMORTAL STATUS: Bot restarts: 799 💎
💎 2025-08-03 22:16:20,302 - WARNING - Bot is dead! Resurrection attempt #800 💎
💎 2025-08-03 22:16:20,302 - WARNING - Bot has died! RESURRECTING... 💎
💎 2025-08-03 22:16:30,303 - INFO - Starting IMMORTAL Discord Community Global Launcher... 💎
💎 2025-08-03 22:16:30,310 - INFO - IMMORTAL Discord bot started with PID: 2880 💎
💎 2025-08-03 22:16:30,312 - INFO - RESURRECTION SUCCESSFUL! Restart #800 💎
💎 2025-08-03 22:16:30,313 - INFO - Resurrection successful! Guardian continues... 💎
💎 2025-08-03 22:16:59,325 - INFO - IMMORTAL STATUS: Bot restarts: 800 💎
💎 2025-08-03 22:17:00,314 - WARNING - Bot is dead! Resurrection attempt #801 💎
💎 2025-08-03 22:17:00,314 - WARNING - Bot has died! RESURRECTING... 💎
💎 2025-08-03 22:17:10,315 - INFO - Starting IMMORTAL Discord Community Global Launcher... 💎
💎 2025-08-03 22:17:10,325 - INFO - IMMORTAL Discord bot started with PID: 7880 💎
💎 2025-08-03 22:17:10,327 - INFO - RESURRECTION SUCCESSFUL! Restart #801 💎
💎 2025-08-03 22:17:10,327 - INFO - Resurrection successful! Guardian continues... 💎
💎 2025-08-03 22:17:40,328 - WARNING - Bot is dead! Resurrection attempt #802 💎
💎 2025-08-03 22:17:40,329 - WARNING - Bot has died! RESURRECTING... 💎
💎 2025-08-03 22:17:50,329 - INFO - Starting IMMORTAL Discord Community Global Launcher... 💎
💎 2025-08-03 22:17:50,342 - INFO - IMMORTAL Discord bot started with PID: 8508 💎
💎 2025-08-03 22:17:50,343 - INFO - RESURRECTION SUCCESSFUL! Restart #802 💎
💎 2025-08-03 22:17:50,344 - INFO - Resurrection successful! Guardian continues... 💎
💎 2025-08-03 22:17:59,326 - INFO - IMMORTAL STATUS: Bot restarts: 802 💎
💎 2025-08-03 22:18:20,345 - WARNING - Bot is dead! Resurrection attempt #803 💎
💎 2025-08-03 22:18:20,345 - WARNING - Bot has died! RESURRECTING... 💎
💎 2025-08-03 22:18:30,346 - INFO - Starting IMMORTAL Discord Community Global Launcher... 💎
💎 2025-08-03 22:18:30,353 - INFO - IMMORTAL Discord bot started with PID: 22444 💎
💎 2025-08-03 22:18:30,354 - INFO - RESURRECTION SUCCESSFUL! Restart #803 💎
💎 2025-08-03 22:18:30,355 - INFO - Resurrection successful! Guardian continues... 💎
💎 2025-08-03 22:18:59,327 - INFO - IMMORTAL STATUS: Bot restarts: 803 💎
💎 2025-08-03 22:19:00,356 - WARNING - Bot is dead! Resurrection attempt #804 💎
💎 2025-08-03 22:19:00,357 - WARNING - Bot has died! RESURRECTING... 💎
💎 2025-08-03 22:19:10,363 - INFO - Starting IMMORTAL Discord Community Global Launcher... 💎
💎 2025-08-03 22:19:10,374 - INFO - IMMORTAL Discord bot started with PID: 11912 💎
💎 2025-08-03 22:19:10,377 - INFO - RESURRECTION SUCCESSFUL! Restart #804 💎
💎 2025-08-03 22:19:10,377 - INFO - Resurrection successful! Guardian continues... 💎
💎 2025-08-03 22:19:40,379 - WARNING - Bot is dead! Resurrection attempt #805 💎
💎 2025-08-03 22:19:40,380 - WARNING - Bot has died! RESURRECTING... 💎
💎 2025-08-03 22:19:50,380 - INFO - Starting IMMORTAL Discord Community Global Launcher... 💎
💎 2025-08-03 22:19:50,391 - INFO - IMMORTAL Discord bot started with PID: 19808 💎
💎 2025-08-03 22:19:50,393 - INFO - RESURRECTION SUCCESSFUL! Restart #805 💎
💎 2025-08-03 22:19:50,393 - INFO - Resurrection successful! Guardian continues... 💎
💎 2025-08-03 22:19:59,328 - INFO - IMMORTAL STATUS: Bot restarts: 805 💎
💎 2025-08-03 22:20:20,394 - WARNING - Bot is dead! Resurrection attempt #806 💎
💎 2025-08-03 22:20:20,395 - WARNING - Bot has died! RESURRECTING... 💎
💎 2025-08-03 22:20:30,395 - INFO - Starting IMMORTAL Discord Community Global Launcher... 💎
💎 2025-08-03 22:20:30,403 - INFO - IMMORTAL Discord bot started with PID: 20824 💎
💎 2025-08-03 22:20:30,405 - INFO - RESURRECTION SUCCESSFUL! Restart #806 💎
💎 2025-08-03 22:20:30,405 - INFO - Resurrection successful! Guardian continues... 💎
💎 2025-08-03 22:20:59,329 - INFO - IMMORTAL STATUS: Bot restarts: 806 💎
💎 2025-08-03 22:21:00,406 - WARNING - Bot is dead! Resurrection attempt #807 💎
💎 2025-08-03 22:21:00,407 - WARNING - Bot has died! RESURRECTING... 💎
💎 2025-08-03 22:21:10,407 - INFO - Starting IMMORTAL Discord Community Global Launcher... 💎
💎 2025-08-03 22:21:10,414 - INFO - IMMORTAL Discord bot started with PID: 22392 💎
💎 2025-08-03 22:21:10,415 - INFO - RESURRECTION SUCCESSFUL! Restart #807 💎
💎 2025-08-03 22:21:10,416 - INFO - Resurrection successful! Guardian continues... 💎
💎 2025-08-03 22:21:40,417 - WARNING - Bot is dead! Resurrection attempt #808 💎
💎 2025-08-03 22:21:40,417 - WARNING - Bot has died! RESURRECTING... 💎
💎 2025-08-03 22:21:50,418 - INFO - Starting IMMORTAL Discord Community Global Launcher... 💎
💎 2025-08-03 22:21:50,426 - INFO - IMMORTAL Discord bot started with PID: 18352 💎
💎 2025-08-03 22:21:50,427 - INFO - RESURRECTION SUCCESSFUL! Restart #808 💎
💎 2025-08-03 22:21:50,427 - INFO - Resurrection successful! Guardian continues... 💎
💎 2025-08-03 22:21:59,330 - INFO - IMMORTAL STATUS: Bot restarts: 808 💎
💎 2025-08-03 22:22:20,428 - WARNING - Bot is dead! Resurrection attempt #809 💎
💎 2025-08-03 22:22:20,429 - WARNING - Bot has died! RESURRECTING... 💎
💎 2025-08-03 22:22:30,432 - INFO - Starting IMMORTAL Discord Community Global Launcher... 💎
💎 2025-08-03 22:22:30,440 - INFO - IMMORTAL Discord bot started with PID: 21012 💎
💎 2025-08-03 22:22:30,441 - INFO - RESURRECTION SUCCESSFUL! Restart #809 💎
💎 2025-08-03 22:22:30,441 - INFO - Resurrection successful! Guardian continues... 💎
💎 2025-08-03 22:22:59,331 - INFO - IMMORTAL STATUS: Bot restarts: 809 💎
💎 2025-08-03 22:23:00,442 - WARNING - Bot is dead! Resurrection attempt #810 💎
💎 2025-08-03 22:23:00,445 - WARNING - Bot has died! RESURRECTING... 💎
💎 2025-08-03 22:23:10,459 - INFO - Starting IMMORTAL Discord Community Global Launcher... 💎
💎 2025-08-03 22:23:10,466 - INFO - IMMORTAL Discord bot started with PID: 18304 💎
💎 2025-08-03 22:23:10,468 - INFO - RESURRECTION SUCCESSFUL! Restart #810 💎
💎 2025-08-03 22:23:10,469 - INFO - Resurrection successful! Guardian continues... 💎
💎 2025-08-03 22:23:40,469 - WARNING - Bot is dead! Resurrection attempt #811 💎
💎 2025-08-03 22:23:40,470 - WARNING - Bot has died! RESURRECTING... 💎
💎 2025-08-03 22:23:50,471 - INFO - Starting IMMORTAL Discord Community Global Launcher... 💎
💎 2025-08-03 22:23:50,481 - INFO - IMMORTAL Discord bot started with PID: 20760 💎
💎 2025-08-03 22:23:50,483 - INFO - RESURRECTION SUCCESSFUL! Restart #811 💎
💎 2025-08-03 22:23:50,483 - INFO - Resurrection successful! Guardian continues... 💎
💎 2025-08-03 22:23:59,332 - INFO - IMMORTAL STATUS: Bot restarts: 811 💎
💎 2025-08-03 22:24:20,484 - WARNING - Bot is dead! Resurrection attempt #812 💎
💎 2025-08-03 22:24:20,485 - WARNING - Bot has died! RESURRECTING... 💎
💎 2025-08-03 22:24:30,488 - INFO - Starting IMMORTAL Discord Community Global Launcher... 💎
💎 2025-08-03 22:24:30,495 - INFO - IMMORTAL Discord bot started with PID: 20668 💎
💎 2025-08-03 22:24:30,497 - INFO - RESURRECTION SUCCESSFUL! Restart #812 💎
💎 2025-08-03 22:24:30,498 - INFO - Resurrection successful! Guardian continues... 💎
💎 2025-08-03 22:24:59,333 - INFO - IMMORTAL STATUS: Bot restarts: 812 💎
💎 2025-08-03 22:25:00,500 - WARNING - Bot is dead! Resurrection attempt #813 💎
💎 2025-08-03 22:25:00,501 - WARNING - Bot has died! RESURRECTING... 💎
💎 2025-08-03 22:25:10,502 - INFO - Starting IMMORTAL Discord Community Global Launcher... 💎
💎 2025-08-03 22:25:10,522 - INFO - IMMORTAL Discord bot started with PID: 14416 💎
💎 2025-08-03 22:25:10,524 - INFO - RESURRECTION SUCCESSFUL! Restart #813 💎
💎 2025-08-03 22:25:10,526 - INFO - Resurrection successful! Guardian continues... 💎
💎 2025-08-03 22:25:40,528 - WARNING - Bot is dead! Resurrection attempt #814 💎
💎 2025-08-03 22:25:40,528 - WARNING - Bot has died! RESURRECTING... 💎
💎 2025-08-03 22:25:50,529 - INFO - Starting IMMORTAL Discord Community Global Launcher... 💎
💎 2025-08-03 22:25:50,540 - INFO - IMMORTAL Discord bot started with PID: 3484 💎
💎 2025-08-03 22:25:50,542 - INFO - RESURRECTION SUCCESSFUL! Restart #814 💎
💎 2025-08-03 22:25:50,542 - INFO - Resurrection successful! Guardian continues... 💎
💎 2025-08-03 22:25:59,334 - INFO - IMMORTAL STATUS: Bot restarts: 814 💎
💎 2025-08-03 22:26:20,544 - WARNING - Bot is dead! Resurrection attempt #815 💎
💎 2025-08-03 22:26:20,544 - WARNING - Bot has died! RESURRECTING... 💎
💎 2025-08-03 22:26:30,545 - INFO - Starting IMMORTAL Discord Community Global Launcher... 💎
💎 2025-08-03 22:26:30,555 - INFO - IMMORTAL Discord bot started with PID: 20996 💎
💎 2025-08-03 22:26:30,556 - INFO - RESURRECTION SUCCESSFUL! Restart #815 💎
💎 2025-08-03 22:26:30,557 - INFO - Resurrection successful! Guardian continues... 💎
💎 2025-08-03 22:26:59,334 - INFO - IMMORTAL STATUS: Bot restarts: 815 💎
💎 2025-08-03 22:27:00,557 - WARNING - Bot is dead! Resurrection attempt #816 💎
💎 2025-08-03 22:27:00,558 - WARNING - Bot has died! RESURRECTING... 💎
💎 2025-08-03 22:27:10,559 - INFO - Starting IMMORTAL Discord Community Global Launcher... 💎
💎 2025-08-03 22:27:10,567 - INFO - IMMORTAL Discord bot started with PID: 18640 💎
💎 2025-08-03 22:27:10,568 - INFO - RESURRECTION SUCCESSFUL! Restart #816 💎
💎 2025-08-03 22:27:10,569 - INFO - Resurrection successful! Guardian continues... 💎
💎 2025-08-03 22:27:40,570 - WARNING - Bot is dead! Resurrection attempt #817 💎
💎 2025-08-03 22:27:40,570 - WARNING - Bot has died! RESURRECTING... 💎
💎 2025-08-03 22:27:50,571 - INFO - Starting IMMORTAL Discord Community Global Launcher... 💎
💎 2025-08-03 22:27:50,583 - INFO - IMMORTAL Discord bot started with PID: 19704 💎
💎 2025-08-03 22:27:50,584 - INFO - RESURRECTION SUCCESSFUL! Restart #817 💎
💎 2025-08-03 22:27:50,585 - INFO - Resurrection successful! Guardian continues... 💎
💎 2025-08-03 22:27:59,335 - INFO - IMMORTAL STATUS: Bot restarts: 817 💎
💎 2025-08-03 22:28:20,586 - WARNING - Bot is dead! Resurrection attempt #818 💎
💎 2025-08-03 22:28:20,586 - WARNING - Bot has died! RESURRECTING... 💎
💎 2025-08-03 22:28:30,587 - INFO - Starting IMMORTAL Discord Community Global Launcher... 💎
💎 2025-08-03 22:28:30,596 - INFO - IMMORTAL Discord bot started with PID: 21596 💎
💎 2025-08-03 22:28:30,598 - INFO - RESURRECTION SUCCESSFUL! Restart #818 💎
💎 2025-08-03 22:28:30,598 - INFO - Resurrection successful! Guardian continues... 💎
💎 2025-08-03 22:28:59,336 - INFO - IMMORTAL STATUS: Bot restarts: 818 💎
💎 2025-08-03 22:29:00,599 - WARNING - Bot is dead! Resurrection attempt #819 💎
💎 2025-08-03 22:29:00,600 - WARNING - Bot has died! RESURRECTING... 💎
💎 2025-08-03 22:29:10,601 - INFO - Starting IMMORTAL Discord Community Global Launcher... 💎
💎 2025-08-03 22:29:10,610 - INFO - IMMORTAL Discord bot started with PID: 22340 💎
💎 2025-08-03 22:29:10,612 - INFO - RESURRECTION SUCCESSFUL! Restart #819 💎
💎 2025-08-03 22:29:10,613 - INFO - Resurrection successful! Guardian continues... 💎
💎 2025-08-03 22:29:40,614 - WARNING - Bot is dead! Resurrection attempt #820 💎
💎 2025-08-03 22:29:40,615 - WARNING - Bot has died! RESURRECTING... 💎
💎 2025-08-03 22:29:50,616 - INFO - Starting IMMORTAL Discord Community Global Launcher... 💎
💎 2025-08-03 22:29:50,625 - INFO - IMMORTAL Discord bot started with PID: 7080 💎
💎 2025-08-03 22:29:50,626 - INFO - RESURRECTION SUCCESSFUL! Restart #820 💎
💎 2025-08-03 22:29:50,627 - INFO - Resurrection successful! Guardian continues... 💎
💎 2025-08-03 22:29:59,337 - INFO - IMMORTAL STATUS: Bot restarts: 820 💎
💎 2025-08-03 22:30:20,628 - WARNING - Bot is dead! Resurrection attempt #821 💎
💎 2025-08-03 22:30:20,628 - WARNING - Bot has died! RESURRECTING... 💎
💎 2025-08-03 22:30:30,629 - INFO - Starting IMMORTAL Discord Community Global Launcher... 💎
💎 2025-08-03 22:30:30,638 - INFO - IMMORTAL Discord bot started with PID: 16824 💎
💎 2025-08-03 22:30:30,640 - INFO - RESURRECTION SUCCESSFUL! Restart #821 💎
💎 2025-08-03 22:30:30,640 - INFO - Resurrection successful! Guardian continues... 💎
💎 2025-08-03 22:30:59,338 - INFO - IMMORTAL STATUS: Bot restarts: 821 💎
💎 2025-08-03 22:31:00,641 - WARNING - Bot is dead! Resurrection attempt #822 💎
💎 2025-08-03 22:31:00,642 - WARNING - Bot has died! RESURRECTING... 💎
💎 2025-08-03 22:31:10,643 - INFO - Starting IMMORTAL Discord Community Global Launcher... 💎
💎 2025-08-03 22:31:10,649 - INFO - IMMORTAL Discord bot started with PID: 14152 💎
💎 2025-08-03 22:31:10,651 - INFO - RESURRECTION SUCCESSFUL! Restart #822 💎
💎 2025-08-03 22:31:10,651 - INFO - Resurrection successful! Guardian continues... 💎
💎 2025-08-03 22:31:40,652 - WARNING - Bot is dead! Resurrection attempt #823 💎
💎 2025-08-03 22:31:40,653 - WARNING - Bot has died! RESURRECTING... 💎
💎 2025-08-03 22:31:50,654 - INFO - Starting IMMORTAL Discord Community Global Launcher... 💎
💎 2025-08-03 22:31:50,663 - INFO - IMMORTAL Discord bot started with PID: 22252 💎
💎 2025-08-03 22:31:50,665 - INFO - RESURRECTION SUCCESSFUL! Restart #823 💎
💎 2025-08-03 22:31:50,665 - INFO - Resurrection successful! Guardian continues... 💎
💎 2025-08-03 22:31:59,339 - INFO - IMMORTAL STATUS: Bot restarts: 823 💎
💎 2025-08-03 22:32:20,666 - WARNING - Bot is dead! Resurrection attempt #824 💎
💎 2025-08-03 22:32:20,666 - WARNING - Bot has died! RESURRECTING... 💎
💎 2025-08-03 22:32:30,667 - INFO - Starting IMMORTAL Discord Community Global Launcher... 💎
💎 2025-08-03 22:32:30,676 - INFO - IMMORTAL Discord bot started with PID: 19544 💎
💎 2025-08-03 22:32:30,678 - INFO - RESURRECTION SUCCESSFUL! Restart #824 💎
💎 2025-08-03 22:32:30,678 - INFO - Resurrection successful! Guardian continues... 💎
💎 2025-08-03 22:32:59,340 - INFO - IMMORTAL STATUS: Bot restarts: 824 💎
💎 2025-08-03 22:33:00,679 - WARNING - Bot is dead! Resurrection attempt #825 💎
💎 2025-08-03 22:33:00,680 - WARNING - Bot has died! RESURRECTING... 💎
💎 2025-08-03 22:33:10,680 - INFO - Starting IMMORTAL Discord Community Global Launcher... 💎
💎 2025-08-03 22:33:10,690 - INFO - IMMORTAL Discord bot started with PID: 21620 💎
💎 2025-08-03 22:33:10,693 - INFO - RESURRECTION SUCCESSFUL! Restart #825 💎
💎 2025-08-03 22:33:10,693 - INFO - Resurrection successful! Guardian continues... 💎
💎 2025-08-03 22:33:40,694 - WARNING - Bot is dead! Resurrection attempt #826 💎
💎 2025-08-03 22:33:40,695 - WARNING - Bot has died! RESURRECTING... 💎
💎 2025-08-03 22:33:50,695 - INFO - Starting IMMORTAL Discord Community Global Launcher... 💎
💎 2025-08-03 22:33:50,703 - INFO - IMMORTAL Discord bot started with PID: 14880 💎
💎 2025-08-03 22:33:50,706 - INFO - RESURRECTION SUCCESSFUL! Restart #826 💎
💎 2025-08-03 22:33:50,707 - INFO - Resurrection successful! Guardian continues... 💎
💎 2025-08-03 22:33:59,341 - INFO - IMMORTAL STATUS: Bot restarts: 826 💎
💎 2025-08-03 22:34:20,708 - WARNING - Bot is dead! Resurrection attempt #827 💎
💎 2025-08-03 22:34:20,709 - WARNING - Bot has died! RESURRECTING... 💎
💎 2025-08-03 22:34:30,710 - INFO - Starting IMMORTAL Discord Community Global Launcher... 💎
💎 2025-08-03 22:34:30,720 - INFO - IMMORTAL Discord bot started with PID: 1116 💎
💎 2025-08-03 22:34:30,723 - INFO - RESURRECTION SUCCESSFUL! Restart #827 💎
💎 2025-08-03 22:34:30,723 - INFO - Resurrection successful! Guardian continues... 💎
💎 2025-08-03 22:34:59,342 - INFO - IMMORTAL STATUS: Bot restarts: 827 💎
💎 2025-08-03 22:35:00,725 - WARNING - Bot is dead! Resurrection attempt #828 💎
💎 2025-08-03 22:35:00,726 - WARNING - Bot has died! RESURRECTING... 💎
💎 2025-08-03 22:35:10,726 - INFO - Starting IMMORTAL Discord Community Global Launcher... 💎
💎 2025-08-03 22:35:10,733 - INFO - IMMORTAL Discord bot started with PID: 21064 💎
💎 2025-08-03 22:35:10,735 - INFO - RESURRECTION SUCCESSFUL! Restart #828 💎
💎 2025-08-03 22:35:10,739 - INFO - Resurrection successful! Guardian continues... 💎
💎 2025-08-03 22:35:40,740 - WARNING - Bot is dead! Resurrection attempt #829 💎
💎 2025-08-03 22:35:40,741 - WARNING - Bot has died! RESURRECTING... 💎
💎 2025-08-03 22:35:50,742 - INFO - Starting IMMORTAL Discord Community Global Launcher... 💎
💎 2025-08-03 22:35:50,751 - INFO - IMMORTAL Discord bot started with PID: 9868 💎
💎 2025-08-03 22:35:50,752 - INFO - RESURRECTION SUCCESSFUL! Restart #829 💎
💎 2025-08-03 22:35:50,753 - INFO - Resurrection successful! Guardian continues... 💎
💎 2025-08-03 22:35:59,347 - INFO - IMMORTAL STATUS: Bot restarts: 829 💎
💎 2025-08-03 22:36:20,754 - WARNING - Bot is dead! Resurrection attempt #830 💎
💎 2025-08-03 22:36:20,754 - WARNING - Bot has died! RESURRECTING... 💎
💎 2025-08-03 22:36:30,755 - INFO - Starting IMMORTAL Discord Community Global Launcher... 💎
💎 2025-08-03 22:36:30,765 - INFO - IMMORTAL Discord bot started with PID: 20416 💎
💎 2025-08-03 22:36:30,768 - INFO - RESURRECTION SUCCESSFUL! Restart #830 💎
💎 2025-08-03 22:36:30,769 - INFO - Resurrection successful! Guardian continues... 💎
💎 2025-08-03 22:36:59,351 - INFO - IMMORTAL STATUS: Bot restarts: 830 💎
💎 2025-08-03 22:37:00,770 - WARNING - Bot is dead! Resurrection attempt #831 💎
💎 2025-08-03 22:37:00,771 - WARNING - Bot has died! RESURRECTING... 💎
💎 2025-08-03 22:37:10,771 - INFO - Starting IMMORTAL Discord Community Global Launcher... 💎
💎 2025-08-03 22:37:10,782 - INFO - IMMORTAL Discord bot started with PID: 19812 💎
💎 2025-08-03 22:37:10,784 - INFO - RESURRECTION SUCCESSFUL! Restart #831 💎
💎 2025-08-03 22:37:10,786 - INFO - Resurrection successful! Guardian continues... 💎
💎 2025-08-03 22:37:40,787 - WARNING - Bot is dead! Resurrection attempt #832 💎
💎 2025-08-03 22:37:40,789 - WARNING - Bot has died! RESURRECTING... 💎
💎 2025-08-03 22:37:50,790 - INFO - Starting IMMORTAL Discord Community Global Launcher... 💎
💎 2025-08-03 22:37:50,796 - INFO - IMMORTAL Discord bot started with PID: 21656 💎
💎 2025-08-03 22:37:50,799 - INFO - RESURRECTION SUCCESSFUL! Restart #832 💎
💎 2025-08-03 22:37:50,800 - INFO - Resurrection successful! Guardian continues... 💎
💎 2025-08-03 22:37:59,352 - INFO - IMMORTAL STATUS: Bot restarts: 832 💎
💎 2025-08-03 22:38:20,802 - WARNING - Bot is dead! Resurrection attempt #833 💎
💎 2025-08-03 22:38:20,802 - WARNING - Bot has died! RESURRECTING... 💎
💎 2025-08-03 22:38:30,803 - INFO - Starting IMMORTAL Discord Community Global Launcher... 💎
💎 2025-08-03 22:38:30,810 - INFO - IMMORTAL Discord bot started with PID: 18640 💎
💎 2025-08-03 22:38:30,814 - INFO - RESURRECTION SUCCESSFUL! Restart #833 💎
💎 2025-08-03 22:38:30,814 - INFO - Resurrection successful! Guardian continues... 💎
💎 2025-08-03 22:38:59,353 - INFO - IMMORTAL STATUS: Bot restarts: 833 💎
💎 2025-08-03 22:39:00,815 - WARNING - Bot is dead! Resurrection attempt #834 💎
💎 2025-08-03 22:39:00,816 - WARNING - Bot has died! RESURRECTING... 💎
💎 2025-08-03 22:39:10,816 - INFO - Starting IMMORTAL Discord Community Global Launcher... 💎
💎 2025-08-03 22:39:10,829 - INFO - IMMORTAL Discord bot started with PID: 22388 💎
💎 2025-08-03 22:39:10,831 - INFO - RESURRECTION SUCCESSFUL! Restart #834 💎
💎 2025-08-03 22:39:10,832 - INFO - Resurrection successful! Guardian continues... 💎
💎 2025-08-03 22:39:40,833 - WARNING - Bot is dead! Resurrection attempt #835 💎
💎 2025-08-03 22:39:40,834 - WARNING - Bot has died! RESURRECTING... 💎
💎 2025-08-03 22:39:50,834 - INFO - Starting IMMORTAL Discord Community Global Launcher... 💎
💎 2025-08-03 22:39:50,844 - INFO - IMMORTAL Discord bot started with PID: 8276 💎
💎 2025-08-03 22:39:50,846 - INFO - RESURRECTION SUCCESSFUL! Restart #835 💎
💎 2025-08-03 22:39:50,846 - INFO - Resurrection successful! Guardian continues... 💎
💎 2025-08-03 22:39:59,354 - INFO - IMMORTAL STATUS: Bot restarts: 835 💎
💎 2025-08-03 22:40:20,847 - WARNING - Bot is dead! Resurrection attempt #836 💎
💎 2025-08-03 22:40:20,848 - WARNING - Bot has died! RESURRECTING... 💎
💎 2025-08-03 22:40:30,848 - INFO - Starting IMMORTAL Discord Community Global Launcher... 💎
💎 2025-08-03 22:40:30,856 - INFO - IMMORTAL Discord bot started with PID: 6624 💎
💎 2025-08-03 22:40:30,859 - INFO - RESURRECTION SUCCESSFUL! Restart #836 💎
💎 2025-08-03 22:40:30,860 - INFO - Resurrection successful! Guardian continues... 💎
💎 2025-08-03 22:40:59,355 - INFO - IMMORTAL STATUS: Bot restarts: 836 💎
💎 2025-08-03 22:41:00,861 - WARNING - Bot is dead! Resurrection attempt #837 💎
💎 2025-08-03 22:41:00,861 - WARNING - Bot has died! RESURRECTING... 💎
💎 2025-08-03 22:41:10,862 - INFO - Starting IMMORTAL Discord Community Global Launcher... 💎
💎 2025-08-03 22:41:10,870 - INFO - IMMORTAL Discord bot started with PID: 20008 💎
💎 2025-08-03 22:41:10,872 - INFO - RESURRECTION SUCCESSFUL! Restart #837 💎
💎 2025-08-03 22:41:10,872 - INFO - Resurrection successful! Guardian continues... 💎
💎 2025-08-03 22:41:40,873 - WARNING - Bot is dead! Resurrection attempt #838 💎
💎 2025-08-03 22:41:40,873 - WARNING - Bot has died! RESURRECTING... 💎
💎 2025-08-03 22:41:50,874 - INFO - Starting IMMORTAL Discord Community Global Launcher... 💎
💎 2025-08-03 22:41:50,882 - INFO - IMMORTAL Discord bot started with PID: 8560 💎
💎 2025-08-03 22:41:50,884 - INFO - RESURRECTION SUCCESSFUL! Restart #838 💎
💎 2025-08-03 22:41:50,884 - INFO - Resurrection successful! Guardian continues... 💎
💎 2025-08-03 22:41:59,356 - INFO - IMMORTAL STATUS: Bot restarts: 838 💎
💎 2025-08-03 22:42:20,885 - WARNING - Bot is dead! Resurrection attempt #839 💎
💎 2025-08-03 22:42:20,885 - WARNING - Bot has died! RESURRECTING... 💎
💎 2025-08-03 22:42:30,885 - INFO - Starting IMMORTAL Discord Community Global Launcher... 💎
💎 2025-08-03 22:42:30,894 - INFO - IMMORTAL Discord bot started with PID: 21496 💎
💎 2025-08-03 22:42:30,896 - INFO - RESURRECTION SUCCESSFUL! Restart #839 💎
💎 2025-08-03 22:42:30,897 - INFO - Resurrection successful! Guardian continues... 💎
💎 2025-08-03 22:42:59,357 - INFO - IMMORTAL STATUS: Bot restarts: 839 💎
💎 2025-08-03 22:43:00,897 - WARNING - Bot is dead! Resurrection attempt #840 💎
💎 2025-08-03 22:43:00,898 - WARNING - Bot has died! RESURRECTING... 💎
💎 2025-08-03 22:43:10,898 - INFO - Starting IMMORTAL Discord Community Global Launcher... 💎
💎 2025-08-03 22:43:10,905 - INFO - IMMORTAL Discord bot started with PID: 21308 💎
💎 2025-08-03 22:43:10,907 - INFO - RESURRECTION SUCCESSFUL! Restart #840 💎
💎 2025-08-03 22:43:10,907 - INFO - Resurrection successful! Guardian continues... 💎
💎 2025-08-03 22:43:40,908 - WARNING - Bot is dead! Resurrection attempt #841 💎
💎 2025-08-03 22:43:40,914 - WARNING - Bot has died! RESURRECTING... 💎
💎 2025-08-03 22:43:50,916 - INFO - Starting IMMORTAL Discord Community Global Launcher... 💎
💎 2025-08-03 22:43:50,925 - INFO - IMMORTAL Discord bot started with PID: 19796 💎
💎 2025-08-03 22:43:50,926 - INFO - RESURRECTION SUCCESSFUL! Restart #841 💎
💎 2025-08-03 22:43:50,929 - INFO - Resurrection successful! Guardian continues... 💎
💎 2025-08-03 22:43:59,357 - INFO - IMMORTAL STATUS: Bot restarts: 841 💎
💎 2025-08-03 22:44:20,933 - WARNING - Bot is dead! Resurrection attempt #842 💎
💎 2025-08-03 22:44:20,933 - WARNING - Bot has died! RESURRECTING... 💎
💎 2025-08-03 22:44:30,934 - INFO - Starting IMMORTAL Discord Community Global Launcher... 💎
💎 2025-08-03 22:44:30,942 - INFO - IMMORTAL Discord bot started with PID: 21828 💎
💎 2025-08-03 22:44:30,944 - INFO - RESURRECTION SUCCESSFUL! Restart #842 💎
💎 2025-08-03 22:44:30,945 - INFO - Resurrection successful! Guardian continues... 💎
💎 2025-08-03 22:44:59,358 - INFO - IMMORTAL STATUS: Bot restarts: 842 💎
💎 2025-08-03 22:45:00,946 - WARNING - Bot is dead! Resurrection attempt #843 💎
💎 2025-08-03 22:45:00,946 - WARNING - Bot has died! RESURRECTING... 💎
💎 2025-08-03 22:45:10,949 - INFO - Starting IMMORTAL Discord Community Global Launcher... 💎
💎 2025-08-03 22:45:10,969 - INFO - IMMORTAL Discord bot started with PID: 1472 💎
💎 2025-08-03 22:45:10,971 - INFO - RESURRECTION SUCCESSFUL! Restart #843 💎
💎 2025-08-03 22:45:10,972 - INFO - Resurrection successful! Guardian continues... 💎
💎 2025-08-03 22:45:40,973 - WARNING - Bot is dead! Resurrection attempt #844 💎
💎 2025-08-03 22:45:40,973 - WARNING - Bot has died! RESURRECTING... 💎
💎 2025-08-03 22:45:50,974 - INFO - Starting IMMORTAL Discord Community Global Launcher... 💎
💎 2025-08-03 22:45:50,983 - INFO - IMMORTAL Discord bot started with PID: 18372 💎
💎 2025-08-03 22:45:50,984 - INFO - RESURRECTION SUCCESSFUL! Restart #844 💎
💎 2025-08-03 22:45:50,986 - INFO - Resurrection successful! Guardian continues... 💎
💎 2025-08-03 22:45:59,359 - INFO - IMMORTAL STATUS: Bot restarts: 844 💎
💎 2025-08-03 22:46:20,987 - WARNING - Bot is dead! Resurrection attempt #845 💎
💎 2025-08-03 22:46:20,987 - WARNING - Bot has died! RESURRECTING... 💎
💎 2025-08-03 22:46:30,988 - INFO - Starting IMMORTAL Discord Community Global Launcher... 💎
💎 2025-08-03 22:46:30,996 - INFO - IMMORTAL Discord bot started with PID: 9584 💎
💎 2025-08-03 22:46:30,997 - INFO - RESURRECTION SUCCESSFUL! Restart #845 💎
💎 2025-08-03 22:46:30,998 - INFO - Resurrection successful! Guardian continues... 💎
💎 2025-08-03 22:46:59,360 - INFO - IMMORTAL STATUS: Bot restarts: 845 💎
💎 2025-08-03 22:47:00,999 - WARNING - Bot is dead! Resurrection attempt #846 💎
💎 2025-08-03 22:47:01,000 - WARNING - Bot has died! RESURRECTING... 💎
💎 2025-08-03 22:47:11,001 - INFO - Starting IMMORTAL Discord Community Global Launcher... 💎
💎 2025-08-03 22:47:11,007 - INFO - IMMORTAL Discord bot started with PID: 20132 💎
💎 2025-08-03 22:47:11,010 - INFO - RESURRECTION SUCCESSFUL! Restart #846 💎
💎 2025-08-03 22:47:11,010 - INFO - Resurrection successful! Guardian continues... 💎
💎 2025-08-03 22:47:41,011 - WARNING - Bot is dead! Resurrection attempt #847 💎
💎 2025-08-03 22:47:41,011 - WARNING - Bot has died! RESURRECTING... 💎
💎 2025-08-03 22:47:51,012 - INFO - Starting IMMORTAL Discord Community Global Launcher... 💎
💎 2025-08-03 22:47:51,021 - INFO - IMMORTAL Discord bot started with PID: 16108 💎
💎 2025-08-03 22:47:51,024 - INFO - RESURRECTION SUCCESSFUL! Restart #847 💎
💎 2025-08-03 22:47:51,030 - INFO - Resurrection successful! Guardian continues... 💎
💎 2025-08-03 22:47:59,361 - INFO - IMMORTAL STATUS: Bot restarts: 847 💎
💎 2025-08-03 22:48:21,032 - WARNING - Bot is dead! Resurrection attempt #848 💎
💎 2025-08-03 22:48:21,032 - WARNING - Bot has died! RESURRECTING... 💎
💎 2025-08-03 22:48:31,033 - INFO - Starting IMMORTAL Discord Community Global Launcher... 💎
💎 2025-08-03 22:48:31,042 - INFO - IMMORTAL Discord bot started with PID: 18036 💎
💎 2025-08-03 22:48:31,043 - INFO - RESURRECTION SUCCESSFUL! Restart #848 💎
💎 2025-08-03 22:48:31,044 - INFO - Resurrection successful! Guardian continues... 💎
💎 2025-08-03 22:48:59,362 - INFO - IMMORTAL STATUS: Bot restarts: 848 💎
💎 2025-08-03 22:49:01,045 - WARNING - Bot is dead! Resurrection attempt #849 💎
💎 2025-08-03 22:49:01,045 - WARNING - Bot has died! RESURRECTING... 💎
💎 2025-08-03 22:49:11,046 - INFO - Starting IMMORTAL Discord Community Global Launcher... 💎
💎 2025-08-03 22:49:11,055 - INFO - IMMORTAL Discord bot started with PID: 21628 💎
💎 2025-08-03 22:49:11,057 - INFO - RESURRECTION SUCCESSFUL! Restart #849 💎
💎 2025-08-03 22:49:11,059 - INFO - Resurrection successful! Guardian continues... 💎
💎 2025-08-03 22:49:41,060 - WARNING - Bot is dead! Resurrection attempt #850 💎
💎 2025-08-03 22:49:41,060 - WARNING - Bot has died! RESURRECTING... 💎
💎 2025-08-03 22:49:51,061 - INFO - Starting IMMORTAL Discord Community Global Launcher... 💎
💎 2025-08-03 22:49:51,069 - INFO - IMMORTAL Discord bot started with PID: 21848 💎
💎 2025-08-03 22:49:51,072 - INFO - RESURRECTION SUCCESSFUL! Restart #850 💎
💎 2025-08-03 22:49:51,072 - INFO - Resurrection successful! Guardian continues... 💎
💎 2025-08-03 22:49:59,362 - INFO - IMMORTAL STATUS: Bot restarts: 850 💎
💎 2025-08-03 22:50:21,073 - WARNING - Bot is dead! Resurrection attempt #851 💎
💎 2025-08-03 22:50:21,074 - WARNING - Bot has died! RESURRECTING... 💎
💎 2025-08-03 22:50:31,074 - INFO - Starting IMMORTAL Discord Community Global Launcher... 💎
💎 2025-08-03 22:50:31,084 - INFO - IMMORTAL Discord bot started with PID: 21880 💎
💎 2025-08-03 22:50:31,086 - INFO - RESURRECTION SUCCESSFUL! Restart #851 💎
💎 2025-08-03 22:50:31,087 - INFO - Resurrection successful! Guardian continues... 💎
💎 2025-08-03 22:50:59,363 - INFO - IMMORTAL STATUS: Bot restarts: 851 💎
💎 2025-08-03 22:51:01,089 - WARNING - Bot is dead! Resurrection attempt #852 💎
💎 2025-08-03 22:51:01,090 - WARNING - Bot has died! RESURRECTING... 💎
💎 2025-08-03 22:51:11,091 - INFO - Starting IMMORTAL Discord Community Global Launcher... 💎
💎 2025-08-03 22:51:11,100 - INFO - IMMORTAL Discord bot started with PID: 13280 💎
💎 2025-08-03 22:51:11,102 - INFO - RESURRECTION SUCCESSFUL! Restart #852 💎
💎 2025-08-03 22:51:11,102 - INFO - Resurrection successful! Guardian continues... 💎
💎 2025-08-03 22:51:41,104 - WARNING - Bot is dead! Resurrection attempt #853 💎
💎 2025-08-03 22:51:41,104 - WARNING - Bot has died! RESURRECTING... 💎
💎 2025-08-03 22:51:51,105 - INFO - Starting IMMORTAL Discord Community Global Launcher... 💎
💎 2025-08-03 22:51:51,123 - INFO - IMMORTAL Discord bot started with PID: 22236 💎
💎 2025-08-03 22:51:51,125 - INFO - RESURRECTION SUCCESSFUL! Restart #853 💎
💎 2025-08-03 22:51:51,126 - INFO - Resurrection successful! Guardian continues... 💎
💎 2025-08-03 22:51:59,364 - INFO - IMMORTAL STATUS: Bot restarts: 853 💎
💎 2025-08-03 22:52:21,128 - WARNING - Bot is dead! Resurrection attempt #854 💎
💎 2025-08-03 22:52:21,129 - WARNING - Bot has died! RESURRECTING... 💎
💎 2025-08-03 22:52:31,130 - INFO - Starting IMMORTAL Discord Community Global Launcher... 💎
💎 2025-08-03 22:52:31,137 - INFO - IMMORTAL Discord bot started with PID: 19476 💎
💎 2025-08-03 22:52:31,139 - INFO - RESURRECTION SUCCESSFUL! Restart #854 💎
💎 2025-08-03 22:52:31,139 - INFO - Resurrection successful! Guardian continues... 💎
💎 2025-08-03 22:52:59,365 - INFO - IMMORTAL STATUS: Bot restarts: 854 💎
💎 2025-08-03 22:53:01,140 - WARNING - Bot is dead! Resurrection attempt #855 💎
💎 2025-08-03 22:53:01,140 - WARNING - Bot has died! RESURRECTING... 💎
💎 2025-08-03 22:53:11,141 - INFO - Starting IMMORTAL Discord Community Global Launcher... 💎
💎 2025-08-03 22:53:11,148 - INFO - IMMORTAL Discord bot started with PID: 13888 💎
💎 2025-08-03 22:53:11,150 - INFO - RESURRECTION SUCCESSFUL! Restart #855 💎
💎 2025-08-03 22:53:11,150 - INFO - Resurrection successful! Guardian continues... 💎
💎 2025-08-03 22:53:41,151 - WARNING - Bot is dead! Resurrection attempt #856 💎
💎 2025-08-03 22:53:41,152 - WARNING - Bot has died! RESURRECTING... 💎
💎 2025-08-03 22:53:51,153 - INFO - Starting IMMORTAL Discord Community Global Launcher... 💎
💎 2025-08-03 22:53:51,160 - INFO - IMMORTAL Discord bot started with PID: 15560 💎
💎 2025-08-03 22:53:51,162 - INFO - RESURRECTION SUCCESSFUL! Restart #856 💎
💎 2025-08-03 22:53:51,162 - INFO - Resurrection successful! Guardian continues... 💎
💎 2025-08-03 22:53:59,365 - INFO - IMMORTAL STATUS: Bot restarts: 856 💎
💎 2025-08-03 22:54:21,169 - WARNING - Bot is dead! Resurrection attempt #857 💎
💎 2025-08-03 22:54:21,174 - WARNING - Bot has died! RESURRECTING... 💎
💎 2025-08-03 22:54:31,179 - INFO - Starting IMMORTAL Discord Community Global Launcher... 💎
💎 2025-08-03 22:54:31,246 - INFO - IMMORTAL Discord bot started with PID: 6952 💎
💎 2025-08-03 22:54:31,257 - INFO - RESURRECTION SUCCESSFUL! Restart #857 💎
💎 2025-08-03 22:54:31,261 - INFO - Resurrection successful! Guardian continues... 💎
💎 2025-08-03 22:54:59,380 - INFO - IMMORTAL STATUS: Bot restarts: 857 💎
💎 2025-08-03 22:55:01,262 - WARNING - Bot is dead! Resurrection attempt #858 💎
💎 2025-08-03 22:55:01,263 - WARNING - Bot has died! RESURRECTING... 💎
💎 2025-08-03 22:55:11,264 - INFO - Starting IMMORTAL Discord Community Global Launcher... 💎
💎 2025-08-03 22:55:11,282 - INFO - IMMORTAL Discord bot started with PID: 21672 💎
💎 2025-08-03 22:55:11,285 - INFO - RESURRECTION SUCCESSFUL! Restart #858 💎
💎 2025-08-03 22:55:11,286 - INFO - Resurrection successful! Guardian continues... 💎
💎 2025-08-03 22:55:41,287 - WARNING - Bot is dead! Resurrection attempt #859 💎
💎 2025-08-03 22:55:41,288 - WARNING - Bot has died! RESURRECTING... 💎
💎 2025-08-03 22:55:51,288 - INFO - Starting IMMORTAL Discord Community Global Launcher... 💎
💎 2025-08-03 22:55:51,297 - INFO - IMMORTAL Discord bot started with PID: 9380 💎
💎 2025-08-03 22:55:51,301 - INFO - RESURRECTION SUCCESSFUL! Restart #859 💎
💎 2025-08-03 22:55:51,301 - INFO - Resurrection successful! Guardian continues... 💎
💎 2025-08-03 22:55:59,396 - INFO - IMMORTAL STATUS: Bot restarts: 859 💎
💎 2025-08-03 22:56:21,302 - WARNING - Bot is dead! Resurrection attempt #860 💎
💎 2025-08-03 22:56:21,302 - WARNING - Bot has died! RESURRECTING... 💎
💎 2025-08-03 22:56:31,303 - INFO - Starting IMMORTAL Discord Community Global Launcher... 💎
💎 2025-08-03 22:56:31,311 - INFO - IMMORTAL Discord bot started with PID: 22516 💎
💎 2025-08-03 22:56:31,313 - INFO - RESURRECTION SUCCESSFUL! Restart #860 💎
💎 2025-08-03 22:56:31,314 - INFO - Resurrection successful! Guardian continues... 💎
💎 2025-08-03 22:56:59,397 - INFO - IMMORTAL STATUS: Bot restarts: 860 💎
💎 2025-08-03 22:57:01,314 - WARNING - Bot is dead! Resurrection attempt #861 💎
💎 2025-08-03 22:57:01,315 - WARNING - Bot has died! RESURRECTING... 💎
💎 2025-08-03 22:57:11,316 - INFO - Starting IMMORTAL Discord Community Global Launcher... 💎
💎 2025-08-03 22:57:11,333 - INFO - IMMORTAL Discord bot started with PID: 4972 💎
💎 2025-08-03 22:57:11,336 - INFO - RESURRECTION SUCCESSFUL! Restart #861 💎
💎 2025-08-03 22:57:11,338 - INFO - Resurrection successful! Guardian continues... 💎
💎 2025-08-03 22:57:41,342 - WARNING - Bot is dead! Resurrection attempt #862 💎
💎 2025-08-03 22:57:41,342 - WARNING - Bot has died! RESURRECTING... 💎
💎 2025-08-03 22:57:51,343 - INFO - Starting IMMORTAL Discord Community Global Launcher... 💎
💎 2025-08-03 22:57:51,351 - INFO - IMMORTAL Discord bot started with PID: 9180 💎
💎 2025-08-03 22:57:51,353 - INFO - RESURRECTION SUCCESSFUL! Restart #862 💎
💎 2025-08-03 22:57:51,354 - INFO - Resurrection successful! Guardian continues... 💎
💎 2025-08-03 22:57:59,398 - INFO - IMMORTAL STATUS: Bot restarts: 862 💎
💎 2025-08-03 22:58:21,355 - WARNING - Bot is dead! Resurrection attempt #863 💎
💎 2025-08-03 22:58:21,356 - WARNING - Bot has died! RESURRECTING... 💎
💎 2025-08-03 22:58:31,356 - INFO - Starting IMMORTAL Discord Community Global Launcher... 💎
💎 2025-08-03 22:58:31,367 - INFO - IMMORTAL Discord bot started with PID: 21084 💎
💎 2025-08-03 22:58:31,369 - INFO - RESURRECTION SUCCESSFUL! Restart #863 💎
💎 2025-08-03 22:58:31,370 - INFO - Resurrection successful! Guardian continues... 💎
💎 2025-08-03 22:58:59,399 - INFO - IMMORTAL STATUS: Bot restarts: 863 💎
💎 2025-08-03 22:59:01,370 - WARNING - Bot is dead! Resurrection attempt #864 💎
💎 2025-08-03 22:59:01,371 - WARNING - Bot has died! RESURRECTING... 💎
💎 2025-08-03 22:59:11,371 - INFO - Starting IMMORTAL Discord Community Global Launcher... 💎
💎 2025-08-03 22:59:11,380 - INFO - IMMORTAL Discord bot started with PID: 21248 💎
💎 2025-08-03 22:59:11,382 - INFO - RESURRECTION SUCCESSFUL! Restart #864 💎
💎 2025-08-03 22:59:11,382 - INFO - Resurrection successful! Guardian continues... 💎
💎 2025-08-03 22:59:41,383 - WARNING - Bot is dead! Resurrection attempt #865 💎
💎 2025-08-03 22:59:41,384 - WARNING - Bot has died! RESURRECTING... 💎
💎 2025-08-03 22:59:51,384 - INFO - Starting IMMORTAL Discord Community Global Launcher... 💎
💎 2025-08-03 22:59:51,393 - INFO - IMMORTAL Discord bot started with PID: 21280 💎
💎 2025-08-03 22:59:51,395 - INFO - RESURRECTION SUCCESSFUL! Restart #865 💎
💎 2025-08-03 22:59:51,395 - INFO - Resurrection successful! Guardian continues... 💎
💎 2025-08-03 22:59:59,400 - INFO - IMMORTAL STATUS: Bot restarts: 865 💎
💎 2025-08-03 23:00:21,397 - WARNING - Bot is dead! Resurrection attempt #866 💎
💎 2025-08-03 23:00:21,399 - WARNING - Bot has died! RESURRECTING... 💎
💎 2025-08-03 23:00:31,402 - INFO - Starting IMMORTAL Discord Community Global Launcher... 💎
💎 2025-08-03 23:00:31,410 - INFO - IMMORTAL Discord bot started with PID: 22316 💎
💎 2025-08-03 23:00:31,412 - INFO - RESURRECTION SUCCESSFUL! Restart #866 💎
💎 2025-08-03 23:00:31,412 - INFO - Resurrection successful! Guardian continues... 💎
💎 2025-08-03 23:00:59,402 - INFO - IMMORTAL STATUS: Bot restarts: 866 💎
💎 2025-08-03 23:01:01,413 - WARNING - Bot is dead! Resurrection attempt #867 💎
💎 2025-08-03 23:01:01,414 - WARNING - Bot has died! RESURRECTING... 💎
💎 2025-08-03 23:01:11,415 - INFO - Starting IMMORTAL Discord Community Global Launcher... 💎
💎 2025-08-03 23:01:11,421 - INFO - IMMORTAL Discord bot started with PID: 12928 💎
💎 2025-08-03 23:01:11,423 - INFO - RESURRECTION SUCCESSFUL! Restart #867 💎
💎 2025-08-03 23:01:11,423 - INFO - Resurrection successful! Guardian continues... 💎
💎 2025-08-03 23:01:41,424 - WARNING - Bot is dead! Resurrection attempt #868 💎
💎 2025-08-03 23:01:41,425 - WARNING - Bot has died! RESURRECTING... 💎
💎 2025-08-03 23:01:51,425 - INFO - Starting IMMORTAL Discord Community Global Launcher... 💎
💎 2025-08-03 23:01:51,433 - INFO - IMMORTAL Discord bot started with PID: 19672 💎
💎 2025-08-03 23:01:51,434 - INFO - RESURRECTION SUCCESSFUL! Restart #868 💎
💎 2025-08-03 23:01:51,435 - INFO - Resurrection successful! Guardian continues... 💎
💎 2025-08-03 23:01:59,405 - INFO - IMMORTAL STATUS: Bot restarts: 868 💎
💎 2025-08-03 23:02:21,436 - WARNING - Bot is dead! Resurrection attempt #869 💎
💎 2025-08-03 23:02:21,437 - WARNING - Bot has died! RESURRECTING... 💎
💎 2025-08-03 23:02:31,438 - INFO - Starting IMMORTAL Discord Community Global Launcher... 💎
💎 2025-08-03 23:02:31,444 - INFO - IMMORTAL Discord bot started with PID: 20568 💎
💎 2025-08-03 23:02:31,446 - INFO - RESURRECTION SUCCESSFUL! Restart #869 💎
💎 2025-08-03 23:02:31,446 - INFO - Resurrection successful! Guardian continues... 💎
💎 2025-08-03 23:02:59,406 - INFO - IMMORTAL STATUS: Bot restarts: 869 💎
💎 2025-08-03 23:03:01,447 - WARNING - Bot is dead! Resurrection attempt #870 💎
💎 2025-08-03 23:03:01,448 - WARNING - Bot has died! RESURRECTING... 💎
💎 2025-08-03 23:03:11,448 - INFO - Starting IMMORTAL Discord Community Global Launcher... 💎
💎 2025-08-03 23:03:11,464 - INFO - IMMORTAL Discord bot started with PID: 16172 💎
💎 2025-08-03 23:03:11,466 - INFO - RESURRECTION SUCCESSFUL! Restart #870 💎
💎 2025-08-03 23:03:11,467 - INFO - Resurrection successful! Guardian continues... 💎
💎 2025-08-03 23:03:41,468 - WARNING - Bot is dead! Resurrection attempt #871 💎
💎 2025-08-03 23:03:41,468 - WARNING - Bot has died! RESURRECTING... 💎
💎 2025-08-03 23:03:51,468 - INFO - Starting IMMORTAL Discord Community Global Launcher... 💎
💎 2025-08-03 23:03:51,477 - INFO - IMMORTAL Discord bot started with PID: 21688 💎
💎 2025-08-03 23:03:51,478 - INFO - RESURRECTION SUCCESSFUL! Restart #871 💎
💎 2025-08-03 23:03:51,479 - INFO - Resurrection successful! Guardian continues... 💎
💎 2025-08-03 23:03:59,408 - INFO - IMMORTAL STATUS: Bot restarts: 871 💎
💎 2025-08-03 23:04:21,479 - WARNING - Bot is dead! Resurrection attempt #872 💎
💎 2025-08-03 23:04:21,480 - WARNING - Bot has died! RESURRECTING... 💎
💎 2025-08-03 23:04:31,480 - INFO - Starting IMMORTAL Discord Community Global Launcher... 💎
💎 2025-08-03 23:04:31,490 - INFO - IMMORTAL Discord bot started with PID: 19632 💎
💎 2025-08-03 23:04:31,493 - INFO - RESURRECTION SUCCESSFUL! Restart #872 💎
💎 2025-08-03 23:04:31,493 - INFO - Resurrection successful! Guardian continues... 💎
💎 2025-08-03 23:04:59,409 - INFO - IMMORTAL STATUS: Bot restarts: 872 💎
💎 2025-08-03 23:05:01,494 - WARNING - Bot is dead! Resurrection attempt #873 💎
💎 2025-08-03 23:05:01,494 - WARNING - Bot has died! RESURRECTING... 💎
💎 2025-08-03 23:05:11,495 - INFO - Starting IMMORTAL Discord Community Global Launcher... 💎
💎 2025-08-03 23:05:11,503 - INFO - IMMORTAL Discord bot started with PID: 11356 💎
💎 2025-08-03 23:05:11,504 - INFO - RESURRECTION SUCCESSFUL! Restart #873 💎
💎 2025-08-03 23:05:11,505 - INFO - Resurrection successful! Guardian continues... 💎
💎 2025-08-03 23:05:41,506 - WARNING - Bot is dead! Resurrection attempt #874 💎
💎 2025-08-03 23:05:41,507 - WARNING - Bot has died! RESURRECTING... 💎
💎 2025-08-03 23:05:51,508 - INFO - Starting IMMORTAL Discord Community Global Launcher... 💎
💎 2025-08-03 23:05:51,518 - INFO - IMMORTAL Discord bot started with PID: 22076 💎
💎 2025-08-03 23:05:51,519 - INFO - RESURRECTION SUCCESSFUL! Restart #874 💎
💎 2025-08-03 23:05:51,520 - INFO - Resurrection successful! Guardian continues... 💎
💎 2025-08-03 23:05:59,409 - INFO - IMMORTAL STATUS: Bot restarts: 874 💎
💎 2025-08-03 23:06:21,520 - WARNING - Bot is dead! Resurrection attempt #875 💎
💎 2025-08-03 23:06:21,521 - WARNING - Bot has died! RESURRECTING... 💎
💎 2025-08-03 23:06:31,522 - INFO - Starting IMMORTAL Discord Community Global Launcher... 💎
💎 2025-08-03 23:06:31,529 - INFO - IMMORTAL Discord bot started with PID: 19820 💎
💎 2025-08-03 23:06:31,531 - INFO - RESURRECTION SUCCESSFUL! Restart #875 💎
💎 2025-08-03 23:06:31,531 - INFO - Resurrection successful! Guardian continues... 💎
💎 2025-08-03 23:06:59,410 - INFO - IMMORTAL STATUS: Bot restarts: 875 💎
💎 2025-08-03 23:07:01,532 - WARNING - Bot is dead! Resurrection attempt #876 💎
💎 2025-08-03 23:07:01,532 - WARNING - Bot has died! RESURRECTING... 💎
💎 2025-08-03 23:07:11,532 - INFO - Starting IMMORTAL Discord Community Global Launcher... 💎
💎 2025-08-03 23:07:11,547 - INFO - IMMORTAL Discord bot started with PID: 20708 💎
💎 2025-08-03 23:07:11,549 - INFO - RESURRECTION SUCCESSFUL! Restart #876 💎
💎 2025-08-03 23:07:11,549 - INFO - Resurrection successful! Guardian continues... 💎
💎 2025-08-03 23:07:41,551 - WARNING - Bot is dead! Resurrection attempt #877 💎
💎 2025-08-03 23:07:41,551 - WARNING - Bot has died! RESURRECTING... 💎
💎 2025-08-03 23:07:51,553 - INFO - Starting IMMORTAL Discord Community Global Launcher... 💎
💎 2025-08-03 23:07:51,562 - INFO - IMMORTAL Discord bot started with PID: 21332 💎
💎 2025-08-03 23:07:51,564 - INFO - RESURRECTION SUCCESSFUL! Restart #877 💎
💎 2025-08-03 23:07:51,565 - INFO - Resurrection successful! Guardian continues... 💎
💎 2025-08-03 23:07:59,411 - INFO - IMMORTAL STATUS: Bot restarts: 877 💎
💎 2025-08-03 23:08:21,566 - WARNING - Bot is dead! Resurrection attempt #878 💎
💎 2025-08-03 23:08:21,566 - WARNING - Bot has died! RESURRECTING... 💎
💎 2025-08-03 23:08:31,567 - INFO - Starting IMMORTAL Discord Community Global Launcher... 💎
💎 2025-08-03 23:08:31,575 - INFO - IMMORTAL Discord bot started with PID: 9416 💎
💎 2025-08-03 23:08:31,577 - INFO - RESURRECTION SUCCESSFUL! Restart #878 💎
💎 2025-08-03 23:08:31,577 - INFO - Resurrection successful! Guardian continues... 💎
💎 2025-08-03 23:08:59,412 - INFO - IMMORTAL STATUS: Bot restarts: 878 💎
💎 2025-08-03 23:09:01,579 - WARNING - Bot is dead! Resurrection attempt #879 💎
💎 2025-08-03 23:09:01,579 - WARNING - Bot has died! RESURRECTING... 💎
💎 2025-08-03 23:09:11,580 - INFO - Starting IMMORTAL Discord Community Global Launcher... 💎
💎 2025-08-03 23:09:11,588 - INFO - IMMORTAL Discord bot started with PID: 21556 💎
💎 2025-08-03 23:09:11,590 - INFO - RESURRECTION SUCCESSFUL! Restart #879 💎
💎 2025-08-03 23:09:11,590 - INFO - Resurrection successful! Guardian continues... 💎
💎 2025-08-03 23:09:41,591 - WARNING - Bot is dead! Resurrection attempt #880 💎
💎 2025-08-03 23:09:41,592 - WARNING - Bot has died! RESURRECTING... 💎
💎 2025-08-03 23:09:51,592 - INFO - Starting IMMORTAL Discord Community Global Launcher... 💎
💎 2025-08-03 23:09:51,601 - INFO - IMMORTAL Discord bot started with PID: 16164 💎
💎 2025-08-03 23:09:51,603 - INFO - RESURRECTION SUCCESSFUL! Restart #880 💎
💎 2025-08-03 23:09:51,603 - INFO - Resurrection successful! Guardian continues... 💎
💎 2025-08-03 23:09:59,413 - INFO - IMMORTAL STATUS: Bot restarts: 880 💎
💎 2025-08-03 23:10:21,605 - WARNING - Bot is dead! Resurrection attempt #881 💎
💎 2025-08-03 23:10:21,605 - WARNING - Bot has died! RESURRECTING... 💎
💎 2025-08-03 23:10:31,605 - INFO - Starting IMMORTAL Discord Community Global Launcher... 💎
💎 2025-08-03 23:10:31,624 - INFO - IMMORTAL Discord bot started with PID: 17348 💎
💎 2025-08-03 23:10:31,626 - INFO - RESURRECTION SUCCESSFUL! Restart #881 💎
💎 2025-08-03 23:10:31,626 - INFO - Resurrection successful! Guardian continues... 💎
💎 2025-08-03 23:10:59,414 - INFO - IMMORTAL STATUS: Bot restarts: 881 💎
💎 2025-08-03 23:11:01,627 - WARNING - Bot is dead! Resurrection attempt #882 💎
💎 2025-08-03 23:11:01,628 - WARNING - Bot has died! RESURRECTING... 💎
💎 2025-08-03 23:11:11,629 - INFO - Starting IMMORTAL Discord Community Global Launcher... 💎
💎 2025-08-03 23:11:11,636 - INFO - IMMORTAL Discord bot started with PID: 22356 💎
💎 2025-08-03 23:11:11,637 - INFO - RESURRECTION SUCCESSFUL! Restart #882 💎
💎 2025-08-03 23:11:11,638 - INFO - Resurrection successful! Guardian continues... 💎
💎 2025-08-03 23:11:41,638 - WARNING - Bot is dead! Resurrection attempt #883 💎
💎 2025-08-03 23:11:41,639 - WARNING - Bot has died! RESURRECTING... 💎
💎 2025-08-03 23:11:51,643 - INFO - Starting IMMORTAL Discord Community Global Launcher... 💎
💎 2025-08-03 23:11:51,706 - INFO - IMMORTAL Discord bot started with PID: 8876 💎
💎 2025-08-03 23:11:51,728 - INFO - RESURRECTION SUCCESSFUL! Restart #883 💎
💎 2025-08-03 23:11:51,729 - INFO - Resurrection successful! Guardian continues... 💎
💎 2025-08-03 23:11:59,415 - INFO - IMMORTAL STATUS: Bot restarts: 883 💎
💎 2025-08-03 23:12:21,734 - WARNING - Bot is dead! Resurrection attempt #884 💎
💎 2025-08-03 23:12:21,735 - WARNING - Bot has died! RESURRECTING... 💎
💎 2025-08-03 23:12:31,735 - INFO - Starting IMMORTAL Discord Community Global Launcher... 💎
💎 2025-08-03 23:12:31,746 - INFO - IMMORTAL Discord bot started with PID: 15196 💎
💎 2025-08-03 23:12:31,749 - INFO - RESURRECTION SUCCESSFUL! Restart #884 💎
💎 2025-08-03 23:12:31,749 - INFO - Resurrection successful! Guardian continues... 💎
💎 2025-08-03 23:12:59,416 - INFO - IMMORTAL STATUS: Bot restarts: 884 💎
💎 2025-08-03 23:13:01,750 - WARNING - Bot is dead! Resurrection attempt #885 💎
💎 2025-08-03 23:13:01,751 - WARNING - Bot has died! RESURRECTING... 💎
💎 2025-08-03 23:13:11,751 - INFO - Starting IMMORTAL Discord Community Global Launcher... 💎
💎 2025-08-03 23:13:11,771 - INFO - IMMORTAL Discord bot started with PID: 18700 💎
💎 2025-08-03 23:13:11,777 - INFO - RESURRECTION SUCCESSFUL! Restart #885 💎
💎 2025-08-03 23:13:11,782 - INFO - Resurrection successful! Guardian continues... 💎
💎 2025-08-03 23:13:41,786 - WARNING - Bot is dead! Resurrection attempt #886 💎
💎 2025-08-03 23:13:41,786 - WARNING - Bot has died! RESURRECTING... 💎
💎 2025-08-03 23:13:51,787 - INFO - Starting IMMORTAL Discord Community Global Launcher... 💎
💎 2025-08-03 23:13:51,795 - INFO - IMMORTAL Discord bot started with PID: 3012 💎
💎 2025-08-03 23:13:51,797 - INFO - RESURRECTION SUCCESSFUL! Restart #886 💎
💎 2025-08-03 23:13:51,797 - INFO - Resurrection successful! Guardian continues... 💎
💎 2025-08-03 23:13:59,417 - INFO - IMMORTAL STATUS: Bot restarts: 886 💎
💎 2025-08-03 23:14:21,798 - WARNING - Bot is dead! Resurrection attempt #887 💎
💎 2025-08-03 23:14:21,799 - WARNING - Bot has died! RESURRECTING... 💎
💎 2025-08-03 23:14:31,800 - INFO - Starting IMMORTAL Discord Community Global Launcher... 💎
💎 2025-08-03 23:14:31,813 - INFO - IMMORTAL Discord bot started with PID: 22476 💎
💎 2025-08-03 23:14:31,816 - INFO - RESURRECTION SUCCESSFUL! Restart #887 💎
💎 2025-08-03 23:14:31,817 - INFO - Resurrection successful! Guardian continues... 💎
💎 2025-08-03 23:14:59,417 - INFO - IMMORTAL STATUS: Bot restarts: 887 💎
💎 2025-08-03 23:15:01,818 - WARNING - Bot is dead! Resurrection attempt #888 💎
💎 2025-08-03 23:15:01,818 - WARNING - Bot has died! RESURRECTING... 💎
💎 2025-08-03 23:15:11,819 - INFO - Starting IMMORTAL Discord Community Global Launcher... 💎
💎 2025-08-03 23:15:11,828 - INFO - IMMORTAL Discord bot started with PID: 22332 💎
💎 2025-08-03 23:15:11,830 - INFO - RESURRECTION SUCCESSFUL! Restart #888 💎
💎 2025-08-03 23:15:11,830 - INFO - Resurrection successful! Guardian continues... 💎
💎 2025-08-03 23:15:41,831 - WARNING - Bot is dead! Resurrection attempt #889 💎
💎 2025-08-03 23:15:41,832 - WARNING - Bot has died! RESURRECTING... 💎
💎 2025-08-03 23:15:51,833 - INFO - Starting IMMORTAL Discord Community Global Launcher... 💎
💎 2025-08-03 23:15:51,840 - INFO - IMMORTAL Discord bot started with PID: 22184 💎
💎 2025-08-03 23:15:51,842 - INFO - RESURRECTION SUCCESSFUL! Restart #889 💎
💎 2025-08-03 23:15:51,843 - INFO - Resurrection successful! Guardian continues... 💎
💎 2025-08-03 23:15:59,419 - INFO - IMMORTAL STATUS: Bot restarts: 889 💎
💎 2025-08-03 23:16:21,844 - WARNING - Bot is dead! Resurrection attempt #890 💎
💎 2025-08-03 23:16:21,844 - WARNING - Bot has died! RESURRECTING... 💎
💎 2025-08-03 23:16:31,845 - INFO - Starting IMMORTAL Discord Community Global Launcher... 💎
💎 2025-08-03 23:16:31,851 - INFO - IMMORTAL Discord bot started with PID: 22332 💎
💎 2025-08-03 23:16:31,853 - INFO - RESURRECTION SUCCESSFUL! Restart #890 💎
💎 2025-08-03 23:16:31,854 - INFO - Resurrection successful! Guardian continues... 💎
💎 2025-08-03 23:16:59,420 - INFO - IMMORTAL STATUS: Bot restarts: 890 💎
💎 2025-08-03 23:17:01,855 - WARNING - Bot is dead! Resurrection attempt #891 💎
💎 2025-08-03 23:17:01,856 - WARNING - Bot has died! RESURRECTING... 💎
💎 2025-08-03 23:17:11,857 - INFO - Starting IMMORTAL Discord Community Global Launcher... 💎
💎 2025-08-03 23:17:11,865 - INFO - IMMORTAL Discord bot started with PID: 16164 💎
💎 2025-08-03 23:17:11,866 - INFO - RESURRECTION SUCCESSFUL! Restart #891 💎
💎 2025-08-03 23:17:11,868 - INFO - Resurrection successful! Guardian continues... 💎
💎 2025-08-03 23:17:41,871 - WARNING - Bot is dead! Resurrection attempt #892 💎
💎 2025-08-03 23:17:41,872 - WARNING - Bot has died! RESURRECTING... 💎
💎 2025-08-03 23:17:51,873 - INFO - Starting IMMORTAL Discord Community Global Launcher... 💎
💎 2025-08-03 23:17:51,885 - INFO - IMMORTAL Discord bot started with PID: 22100 💎
💎 2025-08-03 23:17:51,890 - INFO - RESURRECTION SUCCESSFUL! Restart #892 💎
💎 2025-08-03 23:17:51,891 - INFO - Resurrection successful! Guardian continues... 💎
💎 2025-08-03 23:17:59,421 - INFO - IMMORTAL STATUS: Bot restarts: 892 💎
💎 2025-08-03 23:18:21,893 - WARNING - Bot is dead! Resurrection attempt #893 💎
💎 2025-08-03 23:18:21,893 - WARNING - Bot has died! RESURRECTING... 💎
💎 2025-08-03 23:18:31,894 - INFO - Starting IMMORTAL Discord Community Global Launcher... 💎
💎 2025-08-03 23:18:31,905 - INFO - IMMORTAL Discord bot started with PID: 3996 💎
💎 2025-08-03 23:18:31,907 - INFO - RESURRECTION SUCCESSFUL! Restart #893 💎
💎 2025-08-03 23:18:31,908 - INFO - Resurrection successful! Guardian continues... 💎
💎 2025-08-03 23:18:59,422 - INFO - IMMORTAL STATUS: Bot restarts: 893 💎
💎 2025-08-03 23:19:01,909 - WARNING - Bot is dead! Resurrection attempt #894 💎
💎 2025-08-03 23:19:01,910 - WARNING - Bot has died! RESURRECTING... 💎
💎 2025-08-03 23:19:11,911 - INFO - Starting IMMORTAL Discord Community Global Launcher... 💎
💎 2025-08-03 23:19:11,922 - INFO - IMMORTAL Discord bot started with PID: 20344 💎
💎 2025-08-03 23:19:11,924 - INFO - RESURRECTION SUCCESSFUL! Restart #894 💎
💎 2025-08-03 23:19:11,925 - INFO - Resurrection successful! Guardian continues... 💎
💎 2025-08-03 23:19:41,926 - WARNING - Bot is dead! Resurrection attempt #895 💎
💎 2025-08-03 23:19:41,926 - WARNING - Bot has died! RESURRECTING... 💎
💎 2025-08-03 23:19:51,928 - INFO - Starting IMMORTAL Discord Community Global Launcher... 💎
💎 2025-08-03 23:19:51,940 - INFO - IMMORTAL Discord bot started with PID: 17460 💎
💎 2025-08-03 23:19:51,942 - INFO - RESURRECTION SUCCESSFUL! Restart #895 💎
💎 2025-08-03 23:19:51,943 - INFO - Resurrection successful! Guardian continues... 💎
💎 2025-08-03 23:19:59,423 - INFO - IMMORTAL STATUS: Bot restarts: 895 💎
💎 2025-08-03 23:20:21,944 - WARNING - Bot is dead! Resurrection attempt #896 💎
💎 2025-08-03 23:20:21,945 - WARNING - Bot has died! RESURRECTING... 💎
💎 2025-08-03 23:20:31,945 - INFO - Starting IMMORTAL Discord Community Global Launcher... 💎
💎 2025-08-03 23:20:31,958 - INFO - IMMORTAL Discord bot started with PID: 22092 💎
💎 2025-08-03 23:20:31,961 - INFO - RESURRECTION SUCCESSFUL! Restart #896 💎
💎 2025-08-03 23:20:31,961 - INFO - Resurrection successful! Guardian continues... 💎
💎 2025-08-03 23:20:59,424 - INFO - IMMORTAL STATUS: Bot restarts: 896 💎
💎 2025-08-03 23:21:01,962 - WARNING - Bot is dead! Resurrection attempt #897 💎
💎 2025-08-03 23:21:01,963 - WARNING - Bot has died! RESURRECTING... 💎
💎 2025-08-03 23:21:11,964 - INFO - Starting IMMORTAL Discord Community Global Launcher... 💎
💎 2025-08-03 23:21:11,973 - INFO - IMMORTAL Discord bot started with PID: 12660 💎
💎 2025-08-03 23:21:11,975 - INFO - RESURRECTION SUCCESSFUL! Restart #897 💎
💎 2025-08-03 23:21:11,977 - INFO - Resurrection successful! Guardian continues... 💎
💎 2025-08-03 23:21:41,979 - WARNING - Bot is dead! Resurrection attempt #898 💎
💎 2025-08-03 23:21:41,980 - WARNING - Bot has died! RESURRECTING... 💎
💎 2025-08-03 23:21:51,981 - INFO - Starting IMMORTAL Discord Community Global Launcher... 💎
💎 2025-08-03 23:21:51,990 - INFO - IMMORTAL Discord bot started with PID: 20148 💎
💎 2025-08-03 23:21:51,993 - INFO - RESURRECTION SUCCESSFUL! Restart #898 💎
💎 2025-08-03 23:21:51,993 - INFO - Resurrection successful! Guardian continues... 💎
💎 2025-08-03 23:21:59,425 - INFO - IMMORTAL STATUS: Bot restarts: 898 💎
💎 2025-08-03 23:22:21,994 - WARNING - Bot is dead! Resurrection attempt #899 💎
💎 2025-08-03 23:22:21,995 - WARNING - Bot has died! RESURRECTING... 💎
💎 2025-08-03 23:22:31,998 - INFO - Starting IMMORTAL Discord Community Global Launcher... 💎
💎 2025-08-03 23:22:32,010 - INFO - IMMORTAL Discord bot started with PID: 21656 💎
💎 2025-08-03 23:22:32,012 - INFO - RESURRECTION SUCCESSFUL! Restart #899 💎
💎 2025-08-03 23:22:32,013 - INFO - Resurrection successful! Guardian continues... 💎
💎 2025-08-03 23:22:59,426 - INFO - IMMORTAL STATUS: Bot restarts: 899 💎
💎 2025-08-03 23:23:02,014 - WARNING - Bot is dead! Resurrection attempt #900 💎
💎 2025-08-03 23:23:02,015 - WARNING - Bot has died! RESURRECTING... 💎
💎 2025-08-03 23:23:12,016 - INFO - Starting IMMORTAL Discord Community Global Launcher... 💎
💎 2025-08-03 23:23:12,026 - INFO - IMMORTAL Discord bot started with PID: 21308 💎
💎 2025-08-03 23:23:12,028 - INFO - RESURRECTION SUCCESSFUL! Restart #900 💎
💎 2025-08-03 23:23:12,030 - INFO - Resurrection successful! Guardian continues... 💎
💎 2025-08-03 23:23:42,032 - WARNING - Bot is dead! Resurrection attempt #901 💎
💎 2025-08-03 23:23:42,033 - WARNING - Bot has died! RESURRECTING... 💎
💎 2025-08-03 23:23:52,033 - INFO - Starting IMMORTAL Discord Community Global Launcher... 💎
💎 2025-08-03 23:23:52,043 - INFO - IMMORTAL Discord bot started with PID: 2880 💎
💎 2025-08-03 23:23:52,045 - INFO - RESURRECTION SUCCESSFUL! Restart #901 💎
💎 2025-08-03 23:23:52,046 - INFO - Resurrection successful! Guardian continues... 💎
💎 2025-08-03 23:23:59,427 - INFO - IMMORTAL STATUS: Bot restarts: 901 💎
💎 2025-08-03 23:24:22,047 - WARNING - Bot is dead! Resurrection attempt #902 💎
💎 2025-08-03 23:24:22,047 - WARNING - Bot has died! RESURRECTING... 💎
💎 2025-08-03 23:24:32,048 - INFO - Starting IMMORTAL Discord Community Global Launcher... 💎
💎 2025-08-03 23:24:32,064 - INFO - IMMORTAL Discord bot started with PID: 20456 💎
💎 2025-08-03 23:24:32,069 - INFO - RESURRECTION SUCCESSFUL! Restart #902 💎
💎 2025-08-03 23:24:32,070 - INFO - Resurrection successful! Guardian continues... 💎
💎 2025-08-03 23:24:59,428 - INFO - IMMORTAL STATUS: Bot restarts: 902 💎
💎 2025-08-03 23:25:02,071 - WARNING - Bot is dead! Resurrection attempt #903 💎
💎 2025-08-03 23:25:02,072 - WARNING - Bot has died! RESURRECTING... 💎
💎 2025-08-03 23:25:12,073 - INFO - Starting IMMORTAL Discord Community Global Launcher... 💎
💎 2025-08-03 23:25:12,082 - INFO - IMMORTAL Discord bot started with PID: 19132 💎
💎 2025-08-03 23:25:12,085 - INFO - RESURRECTION SUCCESSFUL! Restart #903 💎
💎 2025-08-03 23:25:12,086 - INFO - Resurrection successful! Guardian continues... 💎
💎 2025-08-03 23:25:42,087 - WARNING - Bot is dead! Resurrection attempt #904 💎
💎 2025-08-03 23:25:42,088 - WARNING - Bot has died! RESURRECTING... 💎
💎 2025-08-03 23:25:52,089 - INFO - Starting IMMORTAL Discord Community Global Launcher... 💎
💎 2025-08-03 23:25:52,104 - INFO - IMMORTAL Discord bot started with PID: 2720 💎
💎 2025-08-03 23:25:52,106 - INFO - RESURRECTION SUCCESSFUL! Restart #904 💎
💎 2025-08-03 23:25:52,108 - INFO - Resurrection successful! Guardian continues... 💎
💎 2025-08-03 23:25:59,428 - INFO - IMMORTAL STATUS: Bot restarts: 904 💎
💎 2025-08-03 23:26:22,109 - WARNING - Bot is dead! Resurrection attempt #905 💎
💎 2025-08-03 23:26:22,110 - WARNING - Bot has died! RESURRECTING... 💎
💎 2025-08-03 23:26:32,111 - INFO - Starting IMMORTAL Discord Community Global Launcher... 💎
💎 2025-08-03 23:26:32,123 - INFO - IMMORTAL Discord bot started with PID: 21556 💎
💎 2025-08-03 23:26:32,126 - INFO - RESURRECTION SUCCESSFUL! Restart #905 💎
💎 2025-08-03 23:26:32,127 - INFO - Resurrection successful! Guardian continues... 💎
💎 2025-08-03 23:26:59,430 - INFO - IMMORTAL STATUS: Bot restarts: 905 💎
💎 2025-08-03 23:27:02,128 - WARNING - Bot is dead! Resurrection attempt #906 💎
💎 2025-08-03 23:27:02,129 - WARNING - Bot has died! RESURRECTING... 💎
💎 2025-08-03 23:27:12,129 - INFO - Starting IMMORTAL Discord Community Global Launcher... 💎
💎 2025-08-03 23:27:12,139 - INFO - IMMORTAL Discord bot started with PID: 20320 💎
💎 2025-08-03 23:27:12,142 - INFO - RESURRECTION SUCCESSFUL! Restart #906 💎
💎 2025-08-03 23:27:12,142 - INFO - Resurrection successful! Guardian continues... 💎
💎 2025-08-03 23:27:42,143 - WARNING - Bot is dead! Resurrection attempt #907 💎
💎 2025-08-03 23:27:42,143 - WARNING - Bot has died! RESURRECTING... 💎
💎 2025-08-03 23:27:52,144 - INFO - Starting IMMORTAL Discord Community Global Launcher... 💎
💎 2025-08-03 23:27:52,152 - INFO - IMMORTAL Discord bot started with PID: 15100 💎
💎 2025-08-03 23:27:52,154 - INFO - RESURRECTION SUCCESSFUL! Restart #907 💎
💎 2025-08-03 23:27:52,154 - INFO - Resurrection successful! Guardian continues... 💎
💎 2025-08-03 23:27:59,441 - INFO - IMMORTAL STATUS: Bot restarts: 907 💎
💎 2025-08-03 23:28:22,155 - WARNING - Bot is dead! Resurrection attempt #908 💎
💎 2025-08-03 23:28:22,156 - WARNING - Bot has died! RESURRECTING... 💎
💎 2025-08-03 23:28:32,157 - INFO - Starting IMMORTAL Discord Community Global Launcher... 💎
💎 2025-08-03 23:28:32,166 - INFO - IMMORTAL Discord bot started with PID: 20924 💎
💎 2025-08-03 23:28:32,167 - INFO - RESURRECTION SUCCESSFUL! Restart #908 💎
💎 2025-08-03 23:28:32,168 - INFO - Resurrection successful! Guardian continues... 💎
💎 2025-08-03 23:28:59,449 - INFO - IMMORTAL STATUS: Bot restarts: 908 💎
💎 2025-08-03 23:29:02,169 - WARNING - Bot is dead! Resurrection attempt #909 💎
💎 2025-08-03 23:29:02,169 - WARNING - Bot has died! RESURRECTING... 💎
💎 2025-08-03 23:29:12,169 - INFO - Starting IMMORTAL Discord Community Global Launcher... 💎
💎 2025-08-03 23:29:12,181 - INFO - IMMORTAL Discord bot started with PID: 20956 💎
💎 2025-08-03 23:29:12,183 - INFO - RESURRECTION SUCCESSFUL! Restart #909 💎
💎 2025-08-03 23:29:12,183 - INFO - Resurrection successful! Guardian continues... 💎
💎 2025-08-03 23:29:42,184 - WARNING - Bot is dead! Resurrection attempt #910 💎
💎 2025-08-03 23:29:42,184 - WARNING - Bot has died! RESURRECTING... 💎
💎 2025-08-03 23:29:52,186 - INFO - Starting IMMORTAL Discord Community Global Launcher... 💎
💎 2025-08-03 23:29:52,193 - INFO - IMMORTAL Discord bot started with PID: 15012 💎
💎 2025-08-03 23:29:52,195 - INFO - RESURRECTION SUCCESSFUL! Restart #910 💎
💎 2025-08-03 23:29:52,195 - INFO - Resurrection successful! Guardian continues... 💎
💎 2025-08-03 23:29:59,450 - INFO - IMMORTAL STATUS: Bot restarts: 910 💎
💎 2025-08-03 23:30:22,197 - WARNING - Bot is dead! Resurrection attempt #911 💎
💎 2025-08-03 23:30:22,201 - WARNING - Bot has died! RESURRECTING... 💎
💎 2025-08-03 23:30:32,204 - INFO - Starting IMMORTAL Discord Community Global Launcher... 💎
💎 2025-08-03 23:30:32,214 - INFO - IMMORTAL Discord bot started with PID: 19376 💎
💎 2025-08-03 23:30:32,217 - INFO - RESURRECTION SUCCESSFUL! Restart #911 💎
💎 2025-08-03 23:30:32,218 - INFO - Resurrection successful! Guardian continues... 💎
💎 2025-08-03 23:30:59,451 - INFO - IMMORTAL STATUS: Bot restarts: 911 💎
💎 2025-08-03 23:31:02,219 - WARNING - Bot is dead! Resurrection attempt #912 💎
💎 2025-08-03 23:31:02,219 - WARNING - Bot has died! RESURRECTING... 💎
💎 2025-08-03 23:31:12,220 - INFO - Starting IMMORTAL Discord Community Global Launcher... 💎
💎 2025-08-03 23:31:12,228 - INFO - IMMORTAL Discord bot started with PID: 20100 💎
💎 2025-08-03 23:31:12,230 - INFO - RESURRECTION SUCCESSFUL! Restart #912 💎
💎 2025-08-03 23:31:12,231 - INFO - Resurrection successful! Guardian continues... 💎
💎 2025-08-03 23:31:42,232 - WARNING - Bot is dead! Resurrection attempt #913 💎
💎 2025-08-03 23:31:42,233 - WARNING - Bot has died! RESURRECTING... 💎
💎 2025-08-03 23:31:52,234 - INFO - Starting IMMORTAL Discord Community Global Launcher... 💎
💎 2025-08-03 23:31:52,244 - INFO - IMMORTAL Discord bot started with PID: 21436 💎
💎 2025-08-03 23:31:52,246 - INFO - RESURRECTION SUCCESSFUL! Restart #913 💎
💎 2025-08-03 23:31:52,247 - INFO - Resurrection successful! Guardian continues... 💎
💎 2025-08-03 23:31:59,452 - INFO - IMMORTAL STATUS: Bot restarts: 913 💎
💎 2025-08-03 23:32:22,248 - WARNING - Bot is dead! Resurrection attempt #914 💎
💎 2025-08-03 23:32:22,249 - WARNING - Bot has died! RESURRECTING... 💎
💎 2025-08-03 23:32:32,249 - INFO - Starting IMMORTAL Discord Community Global Launcher... 💎
💎 2025-08-03 23:32:32,261 - INFO - IMMORTAL Discord bot started with PID: 11948 💎
💎 2025-08-03 23:32:32,263 - INFO - RESURRECTION SUCCESSFUL! Restart #914 💎
💎 2025-08-03 23:32:32,263 - INFO - Resurrection successful! Guardian continues... 💎
💎 2025-08-03 23:32:59,453 - INFO - IMMORTAL STATUS: Bot restarts: 914 💎
💎 2025-08-03 23:33:02,265 - WARNING - Bot is dead! Resurrection attempt #915 💎
💎 2025-08-03 23:33:02,267 - WARNING - Bot has died! RESURRECTING... 💎
💎 2025-08-03 23:33:12,268 - INFO - Starting IMMORTAL Discord Community Global Launcher... 💎
💎 2025-08-03 23:33:12,281 - INFO - IMMORTAL Discord bot started with PID: 21840 💎
💎 2025-08-03 23:33:12,285 - INFO - RESURRECTION SUCCESSFUL! Restart #915 💎
💎 2025-08-03 23:33:12,286 - INFO - Resurrection successful! Guardian continues... 💎
💎 2025-08-03 23:33:42,289 - WARNING - Bot is dead! Resurrection attempt #916 💎
💎 2025-08-03 23:33:42,289 - WARNING - Bot has died! RESURRECTING... 💎
💎 2025-08-03 23:33:52,290 - INFO - Starting IMMORTAL Discord Community Global Launcher... 💎
💎 2025-08-03 23:33:52,300 - INFO - IMMORTAL Discord bot started with PID: 4044 💎
💎 2025-08-03 23:33:52,302 - INFO - RESURRECTION SUCCESSFUL! Restart #916 💎
💎 2025-08-03 23:33:52,302 - INFO - Resurrection successful! Guardian continues... 💎
💎 2025-08-03 23:33:59,453 - INFO - IMMORTAL STATUS: Bot restarts: 916 💎
💎 2025-08-03 23:34:22,303 - WARNING - Bot is dead! Resurrection attempt #917 💎
💎 2025-08-03 23:34:22,304 - WARNING - Bot has died! RESURRECTING... 💎
💎 2025-08-03 23:34:32,304 - INFO - Starting IMMORTAL Discord Community Global Launcher... 💎
💎 2025-08-03 23:34:32,313 - INFO - IMMORTAL Discord bot started with PID: 21800 💎
💎 2025-08-03 23:34:32,314 - INFO - RESURRECTION SUCCESSFUL! Restart #917 💎
💎 2025-08-03 23:34:32,314 - INFO - Resurrection successful! Guardian continues... 💎
💎 2025-08-03 23:34:59,454 - INFO - IMMORTAL STATUS: Bot restarts: 917 💎
💎 2025-08-03 23:35:02,315 - WARNING - Bot is dead! Resurrection attempt #918 💎
💎 2025-08-03 23:35:02,315 - WARNING - Bot has died! RESURRECTING... 💎
💎 2025-08-03 23:35:12,316 - INFO - Starting IMMORTAL Discord Community Global Launcher... 💎
💎 2025-08-03 23:35:12,324 - INFO - IMMORTAL Discord bot started with PID: 8848 💎
💎 2025-08-03 23:35:12,325 - INFO - RESURRECTION SUCCESSFUL! Restart #918 💎
💎 2025-08-03 23:35:12,326 - INFO - Resurrection successful! Guardian continues... 💎
💎 2025-08-03 23:35:42,327 - WARNING - Bot is dead! Resurrection attempt #919 💎
💎 2025-08-03 23:35:42,328 - WARNING - Bot has died! RESURRECTING... 💎
💎 2025-08-03 23:35:52,329 - INFO - Starting IMMORTAL Discord Community Global Launcher... 💎
💎 2025-08-03 23:35:52,338 - INFO - IMMORTAL Discord bot started with PID: 11448 💎
💎 2025-08-03 23:35:52,339 - INFO - RESURRECTION SUCCESSFUL! Restart #919 💎
💎 2025-08-03 23:35:52,340 - INFO - Resurrection successful! Guardian continues... 💎
💎 2025-08-03 23:35:59,455 - INFO - IMMORTAL STATUS: Bot restarts: 919 💎
💎 2025-08-03 23:36:22,341 - WARNING - Bot is dead! Resurrection attempt #920 💎
💎 2025-08-03 23:36:22,342 - WARNING - Bot has died! RESURRECTING... 💎
💎 2025-08-03 23:36:32,343 - INFO - Starting IMMORTAL Discord Community Global Launcher... 💎
💎 2025-08-03 23:36:32,351 - INFO - IMMORTAL Discord bot started with PID: 15196 💎
💎 2025-08-03 23:36:32,352 - INFO - RESURRECTION SUCCESSFUL! Restart #920 💎
💎 2025-08-03 23:36:32,353 - INFO - Resurrection successful! Guardian continues... 💎
💎 2025-08-03 23:36:59,456 - INFO - IMMORTAL STATUS: Bot restarts: 920 💎
💎 2025-08-03 23:37:02,354 - WARNING - Bot is dead! Resurrection attempt #921 💎
💎 2025-08-03 23:37:02,355 - WARNING - Bot has died! RESURRECTING... 💎
💎 2025-08-03 23:37:12,356 - INFO - Starting IMMORTAL Discord Community Global Launcher... 💎
💎 2025-08-03 23:37:12,363 - INFO - IMMORTAL Discord bot started with PID: 19632 💎
💎 2025-08-03 23:37:12,365 - INFO - RESURRECTION SUCCESSFUL! Restart #921 💎
💎 2025-08-03 23:37:12,365 - INFO - Resurrection successful! Guardian continues... 💎
💎 2025-08-03 23:37:42,366 - WARNING - Bot is dead! Resurrection attempt #922 💎
💎 2025-08-03 23:37:42,367 - WARNING - Bot has died! RESURRECTING... 💎
💎 2025-08-03 23:37:52,367 - INFO - Starting IMMORTAL Discord Community Global Launcher... 💎
💎 2025-08-03 23:37:52,375 - INFO - IMMORTAL Discord bot started with PID: 13888 💎
💎 2025-08-03 23:37:52,377 - INFO - RESURRECTION SUCCESSFUL! Restart #922 💎
💎 2025-08-03 23:37:52,378 - INFO - Resurrection successful! Guardian continues... 💎
💎 2025-08-03 23:37:59,456 - INFO - IMMORTAL STATUS: Bot restarts: 922 💎
💎 2025-08-03 23:38:22,379 - WARNING - Bot is dead! Resurrection attempt #923 💎
💎 2025-08-03 23:38:22,379 - WARNING - Bot has died! RESURRECTING... 💎
💎 2025-08-03 23:38:32,380 - INFO - Starting IMMORTAL Discord Community Global Launcher... 💎
💎 2025-08-03 23:38:32,388 - INFO - IMMORTAL Discord bot started with PID: 15196 💎
💎 2025-08-03 23:38:32,390 - INFO - RESURRECTION SUCCESSFUL! Restart #923 💎
💎 2025-08-03 23:38:32,390 - INFO - Resurrection successful! Guardian continues... 💎
💎 2025-08-03 23:38:59,457 - INFO - IMMORTAL STATUS: Bot restarts: 923 💎
💎 2025-08-03 23:39:02,391 - WARNING - Bot is dead! Resurrection attempt #924 💎
💎 2025-08-03 23:39:02,391 - WARNING - Bot has died! RESURRECTING... 💎
💎 2025-08-03 23:39:12,392 - INFO - Starting IMMORTAL Discord Community Global Launcher... 💎
💎 2025-08-03 23:39:12,400 - INFO - IMMORTAL Discord bot started with PID: 21580 💎
💎 2025-08-03 23:39:12,401 - INFO - RESURRECTION SUCCESSFUL! Restart #924 💎
💎 2025-08-03 23:39:12,402 - INFO - Resurrection successful! Guardian continues... 💎
💎 2025-08-03 23:39:42,403 - WARNING - Bot is dead! Resurrection attempt #925 💎
💎 2025-08-03 23:39:42,403 - WARNING - Bot has died! RESURRECTING... 💎
💎 2025-08-03 23:39:52,404 - INFO - Starting IMMORTAL Discord Community Global Launcher... 💎
💎 2025-08-03 23:39:52,413 - INFO - IMMORTAL Discord bot started with PID: 15248 💎
💎 2025-08-03 23:39:52,415 - INFO - RESURRECTION SUCCESSFUL! Restart #925 💎
💎 2025-08-03 23:39:52,416 - INFO - Resurrection successful! Guardian continues... 💎
💎 2025-08-03 23:39:59,458 - INFO - IMMORTAL STATUS: Bot restarts: 925 💎
💎 2025-08-03 23:40:22,416 - WARNING - Bot is dead! Resurrection attempt #926 💎
💎 2025-08-03 23:40:22,417 - WARNING - Bot has died! RESURRECTING... 💎
💎 2025-08-03 23:40:32,417 - INFO - Starting IMMORTAL Discord Community Global Launcher... 💎
💎 2025-08-03 23:40:32,425 - INFO - IMMORTAL Discord bot started with PID: 7080 💎
💎 2025-08-03 23:40:32,427 - INFO - RESURRECTION SUCCESSFUL! Restart #926 💎
💎 2025-08-03 23:40:32,427 - INFO - Resurrection successful! Guardian continues... 💎
💎 2025-08-03 23:40:59,459 - INFO - IMMORTAL STATUS: Bot restarts: 926 💎
💎 2025-08-03 23:41:02,428 - WARNING - Bot is dead! Resurrection attempt #927 💎
💎 2025-08-03 23:41:02,429 - WARNING - Bot has died! RESURRECTING... 💎
💎 2025-08-03 23:41:12,430 - INFO - Starting IMMORTAL Discord Community Global Launcher... 💎
💎 2025-08-03 23:41:12,439 - INFO - IMMORTAL Discord bot started with PID: 13084 💎
💎 2025-08-03 23:41:12,440 - INFO - RESURRECTION SUCCESSFUL! Restart #927 💎
💎 2025-08-03 23:41:12,441 - INFO - Resurrection successful! Guardian continues... 💎
💎 2025-08-03 23:41:42,442 - WARNING - Bot is dead! Resurrection attempt #928 💎
💎 2025-08-03 23:41:42,442 - WARNING - Bot has died! RESURRECTING... 💎
💎 2025-08-03 23:41:52,443 - INFO - Starting IMMORTAL Discord Community Global Launcher... 💎
💎 2025-08-03 23:41:52,451 - INFO - IMMORTAL Discord bot started with PID: 22196 💎
💎 2025-08-03 23:41:52,453 - INFO - RESURRECTION SUCCESSFUL! Restart #928 💎
💎 2025-08-03 23:41:52,453 - INFO - Resurrection successful! Guardian continues... 💎
💎 2025-08-03 23:41:59,460 - INFO - IMMORTAL STATUS: Bot restarts: 928 💎
💎 2025-08-03 23:42:22,454 - WARNING - Bot is dead! Resurrection attempt #929 💎
💎 2025-08-03 23:42:22,455 - WARNING - Bot has died! RESURRECTING... 💎
💎 2025-08-03 23:42:32,456 - INFO - Starting IMMORTAL Discord Community Global Launcher... 💎
💎 2025-08-03 23:42:32,465 - INFO - IMMORTAL Discord bot started with PID: 12064 💎
💎 2025-08-03 23:42:32,466 - INFO - RESURRECTION SUCCESSFUL! Restart #929 💎
💎 2025-08-03 23:42:32,466 - INFO - Resurrection successful! Guardian continues... 💎
💎 2025-08-03 23:42:59,461 - INFO - IMMORTAL STATUS: Bot restarts: 929 💎
💎 2025-08-03 23:43:02,467 - WARNING - Bot is dead! Resurrection attempt #930 💎
💎 2025-08-03 23:43:02,468 - WARNING - Bot has died! RESURRECTING... 💎
💎 2025-08-03 23:43:12,469 - INFO - Starting IMMORTAL Discord Community Global Launcher... 💎
💎 2025-08-03 23:43:12,478 - INFO - IMMORTAL Discord bot started with PID: 21852 💎
💎 2025-08-03 23:43:12,479 - INFO - RESURRECTION SUCCESSFUL! Restart #930 💎
💎 2025-08-03 23:43:12,480 - INFO - Resurrection successful! Guardian continues... 💎
💎 2025-08-03 23:43:42,481 - WARNING - Bot is dead! Resurrection attempt #931 💎
💎 2025-08-03 23:43:42,482 - WARNING - Bot has died! RESURRECTING... 💎
💎 2025-08-03 23:43:52,549 - INFO - Starting IMMORTAL Discord Community Global Launcher... 💎
💎 2025-08-03 23:43:52,628 - INFO - IMMORTAL Discord bot started with PID: 9584 💎
💎 2025-08-03 23:43:52,640 - INFO - RESURRECTION SUCCESSFUL! Restart #931 💎
💎 2025-08-03 23:43:52,690 - INFO - Resurrection successful! Guardian continues... 💎
💎 2025-08-03 23:43:59,462 - INFO - IMMORTAL STATUS: Bot restarts: 931 💎
💎 2025-08-03 23:44:22,776 - WARNING - Bot is dead! Resurrection attempt #932 💎
💎 2025-08-03 23:44:22,777 - WARNING - Bot has died! RESURRECTING... 💎
💎 2025-08-03 23:44:32,778 - INFO - Starting IMMORTAL Discord Community Global Launcher... 💎
💎 2025-08-03 23:44:32,786 - INFO - IMMORTAL Discord bot started with PID: 16988 💎
💎 2025-08-03 23:44:32,788 - INFO - RESURRECTION SUCCESSFUL! Restart #932 💎
💎 2025-08-03 23:44:32,788 - INFO - Resurrection successful! Guardian continues... 💎
💎 2025-08-03 23:44:59,463 - INFO - IMMORTAL STATUS: Bot restarts: 932 💎
💎 2025-08-03 23:45:02,791 - WARNING - Bot is dead! Resurrection attempt #933 💎
💎 2025-08-03 23:45:02,791 - WARNING - Bot has died! RESURRECTING... 💎
💎 2025-08-03 23:45:12,792 - INFO - Starting IMMORTAL Discord Community Global Launcher... 💎
💎 2025-08-03 23:45:12,799 - INFO - IMMORTAL Discord bot started with PID: 12316 💎
💎 2025-08-03 23:45:12,802 - INFO - RESURRECTION SUCCESSFUL! Restart #933 💎
💎 2025-08-03 23:45:12,803 - INFO - Resurrection successful! Guardian continues... 💎
💎 2025-08-03 23:45:42,804 - WARNING - Bot is dead! Resurrection attempt #934 💎
💎 2025-08-03 23:45:42,804 - WARNING - Bot has died! RESURRECTING... 💎
💎 2025-08-03 23:45:52,805 - INFO - Starting IMMORTAL Discord Community Global Launcher... 💎
💎 2025-08-03 23:45:52,812 - INFO - IMMORTAL Discord bot started with PID: 20656 💎
💎 2025-08-03 23:45:52,813 - INFO - RESURRECTION SUCCESSFUL! Restart #934 💎
💎 2025-08-03 23:45:52,814 - INFO - Resurrection successful! Guardian continues... 💎
💎 2025-08-03 23:45:59,516 - INFO - IMMORTAL STATUS: Bot restarts: 934 💎
💎 2025-08-03 23:46:22,815 - WARNING - Bot is dead! Resurrection attempt #935 💎
💎 2025-08-03 23:46:22,816 - WARNING - Bot has died! RESURRECTING... 💎
💎 2025-08-03 23:46:32,816 - INFO - Starting IMMORTAL Discord Community Global Launcher... 💎
💎 2025-08-03 23:46:32,824 - INFO - IMMORTAL Discord bot started with PID: 2732 💎
💎 2025-08-03 23:46:32,826 - INFO - RESURRECTION SUCCESSFUL! Restart #935 💎
💎 2025-08-03 23:46:32,827 - INFO - Resurrection successful! Guardian continues... 💎
💎 2025-08-03 23:46:59,608 - INFO - IMMORTAL STATUS: Bot restarts: 935 💎
💎 2025-08-03 23:47:02,829 - WARNING - Bot is dead! Resurrection attempt #936 💎
💎 2025-08-03 23:47:02,829 - WARNING - Bot has died! RESURRECTING... 💎
💎 2025-08-03 23:47:12,830 - INFO - Starting IMMORTAL Discord Community Global Launcher... 💎
💎 2025-08-03 23:47:12,843 - INFO - IMMORTAL Discord bot started with PID: 17804 💎
💎 2025-08-03 23:47:12,846 - INFO - RESURRECTION SUCCESSFUL! Restart #936 💎
💎 2025-08-03 23:47:12,847 - INFO - Resurrection successful! Guardian continues... 💎
💎 2025-08-03 23:47:42,848 - WARNING - Bot is dead! Resurrection attempt #937 💎
💎 2025-08-03 23:47:42,849 - WARNING - Bot has died! RESURRECTING... 💎
💎 2025-08-03 23:47:52,849 - INFO - Starting IMMORTAL Discord Community Global Launcher... 💎
💎 2025-08-03 23:47:52,858 - INFO - IMMORTAL Discord bot started with PID: 21488 💎
💎 2025-08-03 23:47:52,859 - INFO - RESURRECTION SUCCESSFUL! Restart #937 💎
💎 2025-08-03 23:47:52,860 - INFO - Resurrection successful! Guardian continues... 💎
💎 2025-08-03 23:47:59,609 - INFO - IMMORTAL STATUS: Bot restarts: 937 💎
💎 2025-08-03 23:48:22,861 - WARNING - Bot is dead! Resurrection attempt #938 💎
💎 2025-08-03 23:48:22,861 - WARNING - Bot has died! RESURRECTING... 💎
💎 2025-08-03 23:48:32,862 - INFO - Starting IMMORTAL Discord Community Global Launcher... 💎
💎 2025-08-03 23:48:32,872 - INFO - IMMORTAL Discord bot started with PID: 14600 💎
💎 2025-08-03 23:48:32,874 - INFO - RESURRECTION SUCCESSFUL! Restart #938 💎
💎 2025-08-03 23:48:32,874 - INFO - Resurrection successful! Guardian continues... 💎
💎 2025-08-03 23:48:59,610 - INFO - IMMORTAL STATUS: Bot restarts: 938 💎
💎 2025-08-03 23:49:02,876 - WARNING - Bot is dead! Resurrection attempt #939 💎
💎 2025-08-03 23:49:02,877 - WARNING - Bot has died! RESURRECTING... 💎
💎 2025-08-03 23:49:12,878 - INFO - Starting IMMORTAL Discord Community Global Launcher... 💎
💎 2025-08-03 23:49:12,885 - INFO - IMMORTAL Discord bot started with PID: 21276 💎
💎 2025-08-03 23:49:12,887 - INFO - RESURRECTION SUCCESSFUL! Restart #939 💎
💎 2025-08-03 23:49:12,889 - INFO - Resurrection successful! Guardian continues... 💎
💎 2025-08-03 23:49:42,890 - WARNING - Bot is dead! Resurrection attempt #940 💎
💎 2025-08-03 23:49:42,890 - WARNING - Bot has died! RESURRECTING... 💎
💎 2025-08-03 23:49:52,891 - INFO - Starting IMMORTAL Discord Community Global Launcher... 💎
💎 2025-08-03 23:49:52,898 - INFO - IMMORTAL Discord bot started with PID: 676 💎
💎 2025-08-03 23:49:52,900 - INFO - RESURRECTION SUCCESSFUL! Restart #940 💎
💎 2025-08-03 23:49:52,900 - INFO - Resurrection successful! Guardian continues... 💎
💎 2025-08-03 23:49:59,611 - INFO - IMMORTAL STATUS: Bot restarts: 940 💎
💎 2025-08-03 23:50:22,901 - WARNING - Bot is dead! Resurrection attempt #941 💎
💎 2025-08-03 23:50:22,902 - WARNING - Bot has died! RESURRECTING... 💎
💎 2025-08-03 23:50:32,902 - INFO - Starting IMMORTAL Discord Community Global Launcher... 💎
💎 2025-08-03 23:50:32,911 - INFO - IMMORTAL Discord bot started with PID: 21860 💎
💎 2025-08-03 23:50:32,912 - INFO - RESURRECTION SUCCESSFUL! Restart #941 💎
💎 2025-08-03 23:50:32,913 - INFO - Resurrection successful! Guardian continues... 💎
💎 2025-08-03 23:50:59,611 - INFO - IMMORTAL STATUS: Bot restarts: 941 💎
💎 2025-08-03 23:51:02,914 - WARNING - Bot is dead! Resurrection attempt #942 💎
💎 2025-08-03 23:51:02,915 - WARNING - Bot has died! RESURRECTING... 💎
💎 2025-08-03 23:51:12,915 - INFO - Starting IMMORTAL Discord Community Global Launcher... 💎
💎 2025-08-03 23:51:12,922 - INFO - IMMORTAL Discord bot started with PID: 16348 💎
💎 2025-08-03 23:51:12,924 - INFO - RESURRECTION SUCCESSFUL! Restart #942 💎
💎 2025-08-03 23:51:12,924 - INFO - Resurrection successful! Guardian continues... 💎
💎 2025-08-03 23:51:42,925 - WARNING - Bot is dead! Resurrection attempt #943 💎
💎 2025-08-03 23:51:42,926 - WARNING - Bot has died! RESURRECTING... 💎
💎 2025-08-03 23:51:52,926 - INFO - Starting IMMORTAL Discord Community Global Launcher... 💎
💎 2025-08-03 23:51:52,934 - INFO - IMMORTAL Discord bot started with PID: 20856 💎
💎 2025-08-03 23:51:52,936 - INFO - RESURRECTION SUCCESSFUL! Restart #943 💎
💎 2025-08-03 23:51:52,936 - INFO - Resurrection successful! Guardian continues... 💎
💎 2025-08-03 23:51:59,612 - INFO - IMMORTAL STATUS: Bot restarts: 943 💎
💎 2025-08-03 23:52:22,937 - WARNING - Bot is dead! Resurrection attempt #944 💎
💎 2025-08-03 23:52:22,937 - WARNING - Bot has died! RESURRECTING... 💎
💎 2025-08-03 23:52:32,938 - INFO - Starting IMMORTAL Discord Community Global Launcher... 💎
💎 2025-08-03 23:52:32,944 - INFO - IMMORTAL Discord bot started with PID: 22276 💎
💎 2025-08-03 23:52:32,947 - INFO - RESURRECTION SUCCESSFUL! Restart #944 💎
💎 2025-08-03 23:52:32,948 - INFO - Resurrection successful! Guardian continues... 💎
💎 2025-08-03 23:52:59,613 - INFO - IMMORTAL STATUS: Bot restarts: 944 💎
💎 2025-08-03 23:53:02,949 - WARNING - Bot is dead! Resurrection attempt #945 💎
💎 2025-08-03 23:53:02,949 - WARNING - Bot has died! RESURRECTING... 💎
💎 2025-08-03 23:53:12,974 - INFO - Starting IMMORTAL Discord Community Global Launcher... 💎
💎 2025-08-03 23:53:12,993 - INFO - IMMORTAL Discord bot started with PID: 20700 💎
💎 2025-08-03 23:53:12,996 - INFO - RESURRECTION SUCCESSFUL! Restart #945 💎
💎 2025-08-03 23:53:13,002 - INFO - Resurrection successful! Guardian continues... 💎
💎 2025-08-03 23:53:43,003 - WARNING - Bot is dead! Resurrection attempt #946 💎
💎 2025-08-03 23:53:43,004 - WARNING - Bot has died! RESURRECTING... 💎
💎 2025-08-03 23:53:53,005 - INFO - Starting IMMORTAL Discord Community Global Launcher... 💎
💎 2025-08-03 23:53:53,013 - INFO - IMMORTAL Discord bot started with PID: 20628 💎
💎 2025-08-03 23:53:53,015 - INFO - RESURRECTION SUCCESSFUL! Restart #946 💎
💎 2025-08-03 23:53:53,015 - INFO - Resurrection successful! Guardian continues... 💎
💎 2025-08-03 23:53:59,615 - INFO - IMMORTAL STATUS: Bot restarts: 946 💎
💎 2025-08-03 23:54:23,016 - WARNING - Bot is dead! Resurrection attempt #947 💎
💎 2025-08-03 23:54:23,017 - WARNING - Bot has died! RESURRECTING... 💎
💎 2025-08-03 23:54:33,018 - INFO - Starting IMMORTAL Discord Community Global Launcher... 💎
💎 2025-08-03 23:54:33,033 - INFO - IMMORTAL Discord bot started with PID: 21016 💎
💎 2025-08-03 23:54:33,035 - INFO - RESURRECTION SUCCESSFUL! Restart #947 💎
💎 2025-08-03 23:54:33,039 - INFO - Resurrection successful! Guardian continues... 💎
💎 2025-08-03 23:54:59,616 - INFO - IMMORTAL STATUS: Bot restarts: 947 💎
💎 2025-08-03 23:55:03,041 - WARNING - Bot is dead! Resurrection attempt #948 💎
💎 2025-08-03 23:55:03,041 - WARNING - Bot has died! RESURRECTING... 💎
💎 2025-08-03 23:55:13,046 - INFO - Starting IMMORTAL Discord Community Global Launcher... 💎
💎 2025-08-03 23:55:13,060 - INFO - IMMORTAL Discord bot started with PID: 20852 💎
💎 2025-08-03 23:55:13,065 - INFO - RESURRECTION SUCCESSFUL! Restart #948 💎
💎 2025-08-03 23:55:13,070 - INFO - Resurrection successful! Guardian continues... 💎
💎 2025-08-03 23:55:43,072 - WARNING - Bot is dead! Resurrection attempt #949 💎
💎 2025-08-03 23:55:43,073 - WARNING - Bot has died! RESURRECTING... 💎
💎 2025-08-03 23:55:53,074 - INFO - Starting IMMORTAL Discord Community Global Launcher... 💎
💎 2025-08-03 23:55:53,088 - INFO - IMMORTAL Discord bot started with PID: 22176 💎
💎 2025-08-03 23:55:53,090 - INFO - RESURRECTION SUCCESSFUL! Restart #949 💎
💎 2025-08-03 23:55:53,091 - INFO - Resurrection successful! Guardian continues... 💎
💎 2025-08-03 23:55:59,617 - INFO - IMMORTAL STATUS: Bot restarts: 949 💎
💎 2025-08-03 23:56:23,092 - WARNING - Bot is dead! Resurrection attempt #950 💎
💎 2025-08-03 23:56:23,093 - WARNING - Bot has died! RESURRECTING... 💎
💎 2025-08-03 23:56:33,094 - INFO - Starting IMMORTAL Discord Community Global Launcher... 💎
💎 2025-08-03 23:56:33,104 - INFO - IMMORTAL Discord bot started with PID: 22224 💎
💎 2025-08-03 23:56:33,105 - INFO - RESURRECTION SUCCESSFUL! Restart #950 💎
💎 2025-08-03 23:56:33,106 - INFO - Resurrection successful! Guardian continues... 💎
💎 2025-08-03 23:56:59,618 - INFO - IMMORTAL STATUS: Bot restarts: 950 💎
💎 2025-08-03 23:57:03,107 - WARNING - Bot is dead! Resurrection attempt #951 💎
💎 2025-08-03 23:57:03,107 - WARNING - Bot has died! RESURRECTING... 💎
💎 2025-08-03 23:57:13,108 - INFO - Starting IMMORTAL Discord Community Global Launcher... 💎
💎 2025-08-03 23:57:13,119 - INFO - IMMORTAL Discord bot started with PID: 19556 💎
💎 2025-08-03 23:57:13,120 - INFO - RESURRECTION SUCCESSFUL! Restart #951 💎
💎 2025-08-03 23:57:13,121 - INFO - Resurrection successful! Guardian continues... 💎
💎 2025-08-03 23:57:43,122 - WARNING - Bot is dead! Resurrection attempt #952 💎
💎 2025-08-03 23:57:43,122 - WARNING - Bot has died! RESURRECTING... 💎
💎 2025-08-03 23:57:53,123 - INFO - Starting IMMORTAL Discord Community Global Launcher... 💎
💎 2025-08-03 23:57:53,131 - INFO - IMMORTAL Discord bot started with PID: 14932 💎
💎 2025-08-03 23:57:53,133 - INFO - RESURRECTION SUCCESSFUL! Restart #952 💎
💎 2025-08-03 23:57:53,134 - INFO - Resurrection successful! Guardian continues... 💎
💎 2025-08-03 23:57:59,618 - INFO - IMMORTAL STATUS: Bot restarts: 952 💎
💎 2025-08-03 23:58:23,135 - WARNING - Bot is dead! Resurrection attempt #953 💎
💎 2025-08-03 23:58:23,135 - WARNING - Bot has died! RESURRECTING... 💎
💎 2025-08-03 23:58:33,136 - INFO - Starting IMMORTAL Discord Community Global Launcher... 💎
💎 2025-08-03 23:58:33,143 - INFO - IMMORTAL Discord bot started with PID: 744 💎
💎 2025-08-03 23:58:33,145 - INFO - RESURRECTION SUCCESSFUL! Restart #953 💎
💎 2025-08-03 23:58:33,146 - INFO - Resurrection successful! Guardian continues... 💎
💎 2025-08-03 23:58:59,619 - INFO - IMMORTAL STATUS: Bot restarts: 953 💎
💎 2025-08-03 23:59:03,146 - WARNING - Bot is dead! Resurrection attempt #954 💎
💎 2025-08-03 23:59:03,147 - WARNING - Bot has died! RESURRECTING... 💎
💎 2025-08-03 23:59:13,154 - INFO - Starting IMMORTAL Discord Community Global Launcher... 💎
💎 2025-08-03 23:59:13,196 - INFO - IMMORTAL Discord bot started with PID: 16860 💎
💎 2025-08-03 23:59:13,204 - INFO - RESURRECTION SUCCESSFUL! Restart #954 💎
💎 2025-08-03 23:59:13,210 - INFO - Resurrection successful! Guardian continues... 💎
💎 2025-08-03 23:59:43,214 - WARNING - Bot is dead! Resurrection attempt #955 💎
💎 2025-08-03 23:59:43,215 - WARNING - Bot has died! RESURRECTING... 💎
💎 2025-08-03 23:59:53,215 - INFO - Starting IMMORTAL Discord Community Global Launcher... 💎
💎 2025-08-03 23:59:53,229 - INFO - IMMORTAL Discord bot started with PID: 5912 💎
💎 2025-08-03 23:59:53,231 - INFO - RESURRECTION SUCCESSFUL! Restart #955 💎
💎 2025-08-03 23:59:53,232 - INFO - Resurrection successful! Guardian continues... 💎
💎 2025-08-03 23:59:59,620 - INFO - IMMORTAL STATUS: Bot restarts: 955 💎
💎 2025-08-04 00:00:23,234 - WARNING - Bot is dead! Resurrection attempt #956 💎
💎 2025-08-04 00:00:23,234 - WARNING - Bot has died! RESURRECTING... 💎
💎 2025-08-04 00:00:33,236 - INFO - Starting IMMORTAL Discord Community Global Launcher... 💎
💎 2025-08-04 00:00:33,250 - INFO - IMMORTAL Discord bot started with PID: 3348 💎
💎 2025-08-04 00:00:33,251 - INFO - RESURRECTION SUCCESSFUL! Restart #956 💎
💎 2025-08-04 00:00:33,251 - INFO - Resurrection successful! Guardian continues... 💎
💎 2025-08-04 00:00:59,621 - INFO - IMMORTAL STATUS: Bot restarts: 956 💎
💎 2025-08-04 00:01:03,252 - WARNING - Bot is dead! Resurrection attempt #957 💎
💎 2025-08-04 00:01:03,253 - WARNING - Bot has died! RESURRECTING... 💎
💎 2025-08-04 00:01:13,254 - INFO - Starting IMMORTAL Discord Community Global Launcher... 💎
💎 2025-08-04 00:01:13,261 - INFO - IMMORTAL Discord bot started with PID: 3020 💎
💎 2025-08-04 00:01:13,262 - INFO - RESURRECTION SUCCESSFUL! Restart #957 💎
💎 2025-08-04 00:01:13,263 - INFO - Resurrection successful! Guardian continues... 💎
💎 2025-08-04 00:01:43,264 - WARNING - Bot is dead! Resurrection attempt #958 💎
💎 2025-08-04 00:01:43,265 - WARNING - Bot has died! RESURRECTING... 💎
💎 2025-08-04 00:01:53,266 - INFO - Starting IMMORTAL Discord Community Global Launcher... 💎
💎 2025-08-04 00:01:53,276 - INFO - IMMORTAL Discord bot started with PID: 21860 💎
💎 2025-08-04 00:01:53,278 - INFO - RESURRECTION SUCCESSFUL! Restart #958 💎
💎 2025-08-04 00:01:53,280 - INFO - Resurrection successful! Guardian continues... 💎
💎 2025-08-04 00:01:59,622 - INFO - IMMORTAL STATUS: Bot restarts: 958 💎
💎 2025-08-04 00:02:23,281 - WARNING - Bot is dead! Resurrection attempt #959 💎
💎 2025-08-04 00:02:23,282 - WARNING - Bot has died! RESURRECTING... 💎
💎 2025-08-04 00:02:33,282 - INFO - Starting IMMORTAL Discord Community Global Launcher... 💎
💎 2025-08-04 00:02:33,291 - INFO - IMMORTAL Discord bot started with PID: 20972 💎
💎 2025-08-04 00:02:33,293 - INFO - RESURRECTION SUCCESSFUL! Restart #959 💎
💎 2025-08-04 00:02:33,294 - INFO - Resurrection successful! Guardian continues... 💎
💎 2025-08-04 00:02:59,623 - INFO - IMMORTAL STATUS: Bot restarts: 959 💎
💎 2025-08-04 00:03:03,295 - WARNING - Bot is dead! Resurrection attempt #960 💎
💎 2025-08-04 00:03:03,296 - WARNING - Bot has died! RESURRECTING... 💎
💎 2025-08-04 00:03:13,296 - INFO - Starting IMMORTAL Discord Community Global Launcher... 💎
💎 2025-08-04 00:03:13,306 - INFO - IMMORTAL Discord bot started with PID: 6716 💎
💎 2025-08-04 00:03:13,309 - INFO - RESURRECTION SUCCESSFUL! Restart #960 💎
💎 2025-08-04 00:03:13,309 - INFO - Resurrection successful! Guardian continues... 💎
💎 2025-08-04 00:03:43,310 - WARNING - Bot is dead! Resurrection attempt #961 💎
💎 2025-08-04 00:03:43,311 - WARNING - Bot has died! RESURRECTING... 💎
💎 2025-08-04 00:03:53,312 - INFO - Starting IMMORTAL Discord Community Global Launcher... 💎
💎 2025-08-04 00:03:53,326 - INFO - IMMORTAL Discord bot started with PID: 20472 💎
💎 2025-08-04 00:03:53,329 - INFO - RESURRECTION SUCCESSFUL! Restart #961 💎
💎 2025-08-04 00:03:53,332 - INFO - Resurrection successful! Guardian continues... 💎
💎 2025-08-04 00:03:59,623 - INFO - IMMORTAL STATUS: Bot restarts: 961 💎
💎 2025-08-04 00:04:23,335 - WARNING - Bot is dead! Resurrection attempt #962 💎
💎 2025-08-04 00:04:23,335 - WARNING - Bot has died! RESURRECTING... 💎
💎 2025-08-04 00:04:33,336 - INFO - Starting IMMORTAL Discord Community Global Launcher... 💎
💎 2025-08-04 00:04:33,348 - INFO - IMMORTAL Discord bot started with PID: 22288 💎
💎 2025-08-04 00:04:33,351 - INFO - RESURRECTION SUCCESSFUL! Restart #962 💎
💎 2025-08-04 00:04:33,351 - INFO - Resurrection successful! Guardian continues... 💎
💎 2025-08-04 00:04:59,625 - INFO - IMMORTAL STATUS: Bot restarts: 962 💎
💎 2025-08-04 00:05:03,352 - WARNING - Bot is dead! Resurrection attempt #963 💎
💎 2025-08-04 00:05:03,353 - WARNING - Bot has died! RESURRECTING... 💎
💎 2025-08-04 00:05:13,354 - INFO - Starting IMMORTAL Discord Community Global Launcher... 💎
💎 2025-08-04 00:05:13,365 - INFO - IMMORTAL Discord bot started with PID: 11908 💎
💎 2025-08-04 00:05:13,366 - INFO - RESURRECTION SUCCESSFUL! Restart #963 💎
💎 2025-08-04 00:05:13,372 - INFO - Resurrection successful! Guardian continues... 💎
💎 2025-08-04 00:05:43,374 - WARNING - Bot is dead! Resurrection attempt #964 💎
💎 2025-08-04 00:05:43,374 - WARNING - Bot has died! RESURRECTING... 💎
💎 2025-08-04 00:05:53,375 - INFO - Starting IMMORTAL Discord Community Global Launcher... 💎
💎 2025-08-04 00:05:53,384 - INFO - IMMORTAL Discord bot started with PID: 4956 💎
💎 2025-08-04 00:05:53,385 - INFO - RESURRECTION SUCCESSFUL! Restart #964 💎
💎 2025-08-04 00:05:53,386 - INFO - Resurrection successful! Guardian continues... 💎
💎 2025-08-04 00:05:59,625 - INFO - IMMORTAL STATUS: Bot restarts: 964 💎
💎 2025-08-04 00:06:23,386 - WARNING - Bot is dead! Resurrection attempt #965 💎
💎 2025-08-04 00:06:23,387 - WARNING - Bot has died! RESURRECTING... 💎
💎 2025-08-04 00:06:33,388 - INFO - Starting IMMORTAL Discord Community Global Launcher... 💎
💎 2025-08-04 00:06:33,396 - INFO - IMMORTAL Discord bot started with PID: 21872 💎
💎 2025-08-04 00:06:33,398 - INFO - RESURRECTION SUCCESSFUL! Restart #965 💎
💎 2025-08-04 00:06:33,398 - INFO - Resurrection successful! Guardian continues... 💎
💎 2025-08-04 00:06:59,626 - INFO - IMMORTAL STATUS: Bot restarts: 965 💎
💎 2025-08-04 00:07:03,399 - WARNING - Bot is dead! Resurrection attempt #966 💎
💎 2025-08-04 00:07:03,400 - WARNING - Bot has died! RESURRECTING... 💎
💎 2025-08-04 00:07:13,401 - INFO - Starting IMMORTAL Discord Community Global Launcher... 💎
💎 2025-08-04 00:07:13,414 - INFO - IMMORTAL Discord bot started with PID: 8128 💎
💎 2025-08-04 00:07:13,415 - INFO - RESURRECTION SUCCESSFUL! Restart #966 💎
💎 2025-08-04 00:07:13,416 - INFO - Resurrection successful! Guardian continues... 💎
💎 2025-08-04 00:07:43,417 - WARNING - Bot is dead! Resurrection attempt #967 💎
💎 2025-08-04 00:07:43,417 - WARNING - Bot has died! RESURRECTING... 💎
💎 2025-08-04 00:07:53,422 - INFO - Starting IMMORTAL Discord Community Global Launcher... 💎
💎 2025-08-04 00:07:53,430 - INFO - IMMORTAL Discord bot started with PID: 22324 💎
💎 2025-08-04 00:07:53,431 - INFO - RESURRECTION SUCCESSFUL! Restart #967 💎
💎 2025-08-04 00:07:53,432 - INFO - Resurrection successful! Guardian continues... 💎
💎 2025-08-04 00:07:59,627 - INFO - IMMORTAL STATUS: Bot restarts: 967 💎
💎 2025-08-04 00:08:23,433 - WARNING - Bot is dead! Resurrection attempt #968 💎
💎 2025-08-04 00:08:23,434 - WARNING - Bot has died! RESURRECTING... 💎
💎 2025-08-04 00:08:33,434 - INFO - Starting IMMORTAL Discord Community Global Launcher... 💎
💎 2025-08-04 00:08:33,443 - INFO - IMMORTAL Discord bot started with PID: 2880 💎
💎 2025-08-04 00:08:33,446 - INFO - RESURRECTION SUCCESSFUL! Restart #968 💎
💎 2025-08-04 00:08:33,446 - INFO - Resurrection successful! Guardian continues... 💎
💎 2025-08-04 00:08:59,628 - INFO - IMMORTAL STATUS: Bot restarts: 968 💎
💎 2025-08-04 00:09:03,447 - WARNING - Bot is dead! Resurrection attempt #969 💎
💎 2025-08-04 00:09:03,448 - WARNING - Bot has died! RESURRECTING... 💎
💎 2025-08-04 00:09:13,449 - INFO - Starting IMMORTAL Discord Community Global Launcher... 💎
💎 2025-08-04 00:09:13,461 - INFO - IMMORTAL Discord bot started with PID: 22080 💎
💎 2025-08-04 00:09:13,463 - INFO - RESURRECTION SUCCESSFUL! Restart #969 💎
💎 2025-08-04 00:09:13,464 - INFO - Resurrection successful! Guardian continues... 💎
💎 2025-08-04 00:09:43,465 - WARNING - Bot is dead! Resurrection attempt #970 💎
💎 2025-08-04 00:09:43,465 - WARNING - Bot has died! RESURRECTING... 💎
💎 2025-08-04 00:09:53,466 - INFO - Starting IMMORTAL Discord Community Global Launcher... 💎
💎 2025-08-04 00:09:53,477 - INFO - IMMORTAL Discord bot started with PID: 20824 💎
💎 2025-08-04 00:09:53,479 - INFO - RESURRECTION SUCCESSFUL! Restart #970 💎
💎 2025-08-04 00:09:53,479 - INFO - Resurrection successful! Guardian continues... 💎
💎 2025-08-04 00:09:59,629 - INFO - IMMORTAL STATUS: Bot restarts: 970 💎
💎 2025-08-04 00:10:23,480 - WARNING - Bot is dead! Resurrection attempt #971 💎
💎 2025-08-04 00:10:23,481 - WARNING - Bot has died! RESURRECTING... 💎
💎 2025-08-04 00:10:33,482 - INFO - Starting IMMORTAL Discord Community Global Launcher... 💎
💎 2025-08-04 00:10:33,489 - INFO - IMMORTAL Discord bot started with PID: 15560 💎
💎 2025-08-04 00:10:33,491 - INFO - RESURRECTION SUCCESSFUL! Restart #971 💎
💎 2025-08-04 00:10:33,491 - INFO - Resurrection successful! Guardian continues... 💎
💎 2025-08-04 00:10:59,630 - INFO - IMMORTAL STATUS: Bot restarts: 971 💎
💎 2025-08-04 00:11:03,492 - WARNING - Bot is dead! Resurrection attempt #972 💎
💎 2025-08-04 00:11:03,493 - WARNING - Bot has died! RESURRECTING... 💎
💎 2025-08-04 00:11:13,498 - INFO - Starting IMMORTAL Discord Community Global Launcher... 💎
💎 2025-08-04 00:11:13,513 - INFO - IMMORTAL Discord bot started with PID: 2472 💎
💎 2025-08-04 00:11:13,514 - INFO - RESURRECTION SUCCESSFUL! Restart #972 💎
💎 2025-08-04 00:11:13,516 - INFO - Resurrection successful! Guardian continues... 💎
💎 2025-08-04 00:11:43,517 - WARNING - Bot is dead! Resurrection attempt #973 💎
💎 2025-08-04 00:11:43,517 - WARNING - Bot has died! RESURRECTING... 💎
💎 2025-08-04 00:11:53,518 - INFO - Starting IMMORTAL Discord Community Global Launcher... 💎
💎 2025-08-04 00:11:53,527 - INFO - IMMORTAL Discord bot started with PID: 21160 💎
💎 2025-08-04 00:11:53,529 - INFO - RESURRECTION SUCCESSFUL! Restart #973 💎
💎 2025-08-04 00:11:53,529 - INFO - Resurrection successful! Guardian continues... 💎
💎 2025-08-04 00:11:59,631 - INFO - IMMORTAL STATUS: Bot restarts: 973 💎
💎 2025-08-04 00:12:23,530 - WARNING - Bot is dead! Resurrection attempt #974 💎
💎 2025-08-04 00:12:23,531 - WARNING - Bot has died! RESURRECTING... 💎
💎 2025-08-04 00:12:33,532 - INFO - Starting IMMORTAL Discord Community Global Launcher... 💎
💎 2025-08-04 00:12:33,540 - INFO - IMMORTAL Discord bot started with PID: 20368 💎
💎 2025-08-04 00:12:33,542 - INFO - RESURRECTION SUCCESSFUL! Restart #974 💎
💎 2025-08-04 00:12:33,542 - INFO - Resurrection successful! Guardian continues... 💎
💎 2025-08-04 00:12:59,632 - INFO - IMMORTAL STATUS: Bot restarts: 974 💎
💎 2025-08-04 00:13:03,556 - WARNING - Bot is dead! Resurrection attempt #975 💎
💎 2025-08-04 00:13:03,556 - WARNING - Bot has died! RESURRECTING... 💎
💎 2025-08-04 00:13:13,558 - INFO - Starting IMMORTAL Discord Community Global Launcher... 💎
💎 2025-08-04 00:13:13,567 - INFO - IMMORTAL Discord bot started with PID: 18684 💎
💎 2025-08-04 00:13:13,571 - INFO - RESURRECTION SUCCESSFUL! Restart #975 💎
💎 2025-08-04 00:13:13,572 - INFO - Resurrection successful! Guardian continues... 💎
💎 2025-08-04 00:13:43,577 - WARNING - Bot is dead! Resurrection attempt #976 💎
💎 2025-08-04 00:13:43,578 - WARNING - Bot has died! RESURRECTING... 💎
💎 2025-08-04 00:13:53,583 - INFO - Starting IMMORTAL Discord Community Global Launcher... 💎
💎 2025-08-04 00:13:53,603 - INFO - IMMORTAL Discord bot started with PID: 144 💎
💎 2025-08-04 00:13:53,609 - INFO - RESURRECTION SUCCESSFUL! Restart #976 💎
💎 2025-08-04 00:13:53,612 - INFO - Resurrection successful! Guardian continues... 💎
💎 2025-08-04 00:13:59,633 - INFO - IMMORTAL STATUS: Bot restarts: 976 💎
💎 2025-08-04 00:14:23,613 - WARNING - Bot is dead! Resurrection attempt #977 💎
💎 2025-08-04 00:14:23,614 - WARNING - Bot has died! RESURRECTING... 💎
💎 2025-08-04 00:14:33,625 - INFO - Starting IMMORTAL Discord Community Global Launcher... 💎
💎 2025-08-04 00:14:33,642 - INFO - IMMORTAL Discord bot started with PID: 19796 💎
💎 2025-08-04 00:14:33,645 - INFO - RESURRECTION SUCCESSFUL! Restart #977 💎
💎 2025-08-04 00:14:33,653 - INFO - Resurrection successful! Guardian continues... 💎
💎 2025-08-04 00:14:59,634 - INFO - IMMORTAL STATUS: Bot restarts: 977 💎
💎 2025-08-04 00:15:03,654 - WARNING - Bot is dead! Resurrection attempt #978 💎
💎 2025-08-04 00:15:03,654 - WARNING - Bot has died! RESURRECTING... 💎
💎 2025-08-04 00:15:13,655 - INFO - Starting IMMORTAL Discord Community Global Launcher... 💎
💎 2025-08-04 00:15:13,663 - INFO - IMMORTAL Discord bot started with PID: 13556 💎
💎 2025-08-04 00:15:13,664 - INFO - RESURRECTION SUCCESSFUL! Restart #978 💎
💎 2025-08-04 00:15:13,665 - INFO - Resurrection successful! Guardian continues... 💎
💎 2025-08-04 00:15:43,666 - WARNING - Bot is dead! Resurrection attempt #979 💎
💎 2025-08-04 00:15:43,666 - WARNING - Bot has died! RESURRECTING... 💎
💎 2025-08-04 00:15:53,667 - INFO - Starting IMMORTAL Discord Community Global Launcher... 💎
💎 2025-08-04 00:15:53,676 - INFO - IMMORTAL Discord bot started with PID: 15156 💎
💎 2025-08-04 00:15:53,677 - INFO - RESURRECTION SUCCESSFUL! Restart #979 💎
💎 2025-08-04 00:15:53,679 - INFO - Resurrection successful! Guardian continues... 💎
💎 2025-08-04 00:15:59,634 - INFO - IMMORTAL STATUS: Bot restarts: 979 💎
💎 2025-08-04 00:16:23,680 - WARNING - Bot is dead! Resurrection attempt #980 💎
💎 2025-08-04 00:16:23,681 - WARNING - Bot has died! RESURRECTING... 💎
💎 2025-08-04 00:16:33,682 - INFO - Starting IMMORTAL Discord Community Global Launcher... 💎
💎 2025-08-04 00:16:33,692 - INFO - IMMORTAL Discord bot started with PID: 15236 💎
💎 2025-08-04 00:16:33,693 - INFO - RESURRECTION SUCCESSFUL! Restart #980 💎
💎 2025-08-04 00:16:33,694 - INFO - Resurrection successful! Guardian continues... 💎
💎 2025-08-04 00:16:59,635 - INFO - IMMORTAL STATUS: Bot restarts: 980 💎
💎 2025-08-04 00:17:03,695 - WARNING - Bot is dead! Resurrection attempt #981 💎
💎 2025-08-04 00:17:03,695 - WARNING - Bot has died! RESURRECTING... 💎
💎 2025-08-04 00:17:13,696 - INFO - Starting IMMORTAL Discord Community Global Launcher... 💎
💎 2025-08-04 00:17:13,713 - INFO - IMMORTAL Discord bot started with PID: 11288 💎
💎 2025-08-04 00:17:13,715 - INFO - RESURRECTION SUCCESSFUL! Restart #981 💎
💎 2025-08-04 00:17:13,718 - INFO - Resurrection successful! Guardian continues... 💎
💎 2025-08-04 00:17:43,719 - WARNING - Bot is dead! Resurrection attempt #982 💎
💎 2025-08-04 00:17:43,720 - WARNING - Bot has died! RESURRECTING... 💎
💎 2025-08-04 00:17:53,721 - INFO - Starting IMMORTAL Discord Community Global Launcher... 💎
💎 2025-08-04 00:17:53,729 - INFO - IMMORTAL Discord bot started with PID: 14296 💎
💎 2025-08-04 00:17:53,731 - INFO - RESURRECTION SUCCESSFUL! Restart #982 💎
💎 2025-08-04 00:17:53,732 - INFO - Resurrection successful! Guardian continues... 💎
💎 2025-08-04 00:17:59,636 - INFO - IMMORTAL STATUS: Bot restarts: 982 💎
💎 2025-08-04 00:18:23,732 - WARNING - Bot is dead! Resurrection attempt #983 💎
💎 2025-08-04 00:18:23,732 - WARNING - Bot has died! RESURRECTING... 💎
💎 2025-08-04 00:18:33,733 - INFO - Starting IMMORTAL Discord Community Global Launcher... 💎
💎 2025-08-04 00:18:33,742 - INFO - IMMORTAL Discord bot started with PID: 19484 💎
💎 2025-08-04 00:18:33,744 - INFO - RESURRECTION SUCCESSFUL! Restart #983 💎
💎 2025-08-04 00:18:33,744 - INFO - Resurrection successful! Guardian continues... 💎
💎 2025-08-04 00:18:59,637 - INFO - IMMORTAL STATUS: Bot restarts: 983 💎
💎 2025-08-04 00:19:03,745 - WARNING - Bot is dead! Resurrection attempt #984 💎
💎 2025-08-04 00:19:03,745 - WARNING - Bot has died! RESURRECTING... 💎
💎 2025-08-04 00:19:13,747 - INFO - Starting IMMORTAL Discord Community Global Launcher... 💎
💎 2025-08-04 00:19:13,758 - INFO - IMMORTAL Discord bot started with PID: 19576 💎
💎 2025-08-04 00:19:13,761 - INFO - RESURRECTION SUCCESSFUL! Restart #984 💎
💎 2025-08-04 00:19:13,764 - INFO - Resurrection successful! Guardian continues... 💎
💎 2025-08-04 00:19:43,765 - WARNING - Bot is dead! Resurrection attempt #985 💎
💎 2025-08-04 00:19:43,766 - WARNING - Bot has died! RESURRECTING... 💎
💎 2025-08-04 00:19:53,768 - INFO - Starting IMMORTAL Discord Community Global Launcher... 💎
💎 2025-08-04 00:19:53,776 - INFO - IMMORTAL Discord bot started with PID: 14296 💎
💎 2025-08-04 00:19:53,778 - INFO - RESURRECTION SUCCESSFUL! Restart #985 💎
💎 2025-08-04 00:19:53,779 - INFO - Resurrection successful! Guardian continues... 💎
💎 2025-08-04 00:19:59,640 - INFO - IMMORTAL STATUS: Bot restarts: 985 💎
💎 2025-08-04 00:20:23,780 - WARNING - Bot is dead! Resurrection attempt #986 💎
💎 2025-08-04 00:20:23,781 - WARNING - Bot has died! RESURRECTING... 💎
💎 2025-08-04 00:20:33,782 - INFO - Starting IMMORTAL Discord Community Global Launcher... 💎
💎 2025-08-04 00:20:33,792 - INFO - IMMORTAL Discord bot started with PID: 14668 💎
💎 2025-08-04 00:20:33,794 - INFO - RESURRECTION SUCCESSFUL! Restart #986 💎
💎 2025-08-04 00:20:33,794 - INFO - Resurrection successful! Guardian continues... 💎
💎 2025-08-04 00:20:59,641 - INFO - IMMORTAL STATUS: Bot restarts: 986 💎
💎 2025-08-04 00:21:03,795 - WARNING - Bot is dead! Resurrection attempt #987 💎
💎 2025-08-04 00:21:03,796 - WARNING - Bot has died! RESURRECTING... 💎
💎 2025-08-04 00:21:13,796 - INFO - Starting IMMORTAL Discord Community Global Launcher... 💎
💎 2025-08-04 00:21:13,805 - INFO - IMMORTAL Discord bot started with PID: 3532 💎
💎 2025-08-04 00:21:13,806 - INFO - RESURRECTION SUCCESSFUL! Restart #987 💎
💎 2025-08-04 00:21:13,807 - INFO - Resurrection successful! Guardian continues... 💎
💎 2025-08-04 00:21:43,808 - WARNING - Bot is dead! Resurrection attempt #988 💎
💎 2025-08-04 00:21:43,808 - WARNING - Bot has died! RESURRECTING... 💎
💎 2025-08-04 00:21:53,809 - INFO - Starting IMMORTAL Discord Community Global Launcher... 💎
💎 2025-08-04 00:21:53,819 - INFO - IMMORTAL Discord bot started with PID: 20660 💎
💎 2025-08-04 00:21:53,821 - INFO - RESURRECTION SUCCESSFUL! Restart #988 💎
💎 2025-08-04 00:21:53,822 - INFO - Resurrection successful! Guardian continues... 💎
💎 2025-08-04 00:21:59,641 - INFO - IMMORTAL STATUS: Bot restarts: 988 💎
💎 2025-08-04 00:22:23,822 - WARNING - Bot is dead! Resurrection attempt #989 💎
💎 2025-08-04 00:22:23,823 - WARNING - Bot has died! RESURRECTING... 💎
💎 2025-08-04 00:22:33,824 - INFO - Starting IMMORTAL Discord Community Global Launcher... 💎
💎 2025-08-04 00:22:33,843 - INFO - IMMORTAL Discord bot started with PID: 11948 💎
💎 2025-08-04 00:22:33,845 - INFO - RESURRECTION SUCCESSFUL! Restart #989 💎
💎 2025-08-04 00:22:33,845 - INFO - Resurrection successful! Guardian continues... 💎
💎 2025-08-04 00:22:59,642 - INFO - IMMORTAL STATUS: Bot restarts: 989 💎
💎 2025-08-04 00:23:03,846 - WARNING - Bot is dead! Resurrection attempt #990 💎
💎 2025-08-04 00:23:03,847 - WARNING - Bot has died! RESURRECTING... 💎
💎 2025-08-04 00:23:13,848 - INFO - Starting IMMORTAL Discord Community Global Launcher... 💎
💎 2025-08-04 00:23:13,860 - INFO - IMMORTAL Discord bot started with PID: 22460 💎
💎 2025-08-04 00:23:13,861 - INFO - RESURRECTION SUCCESSFUL! Restart #990 💎
💎 2025-08-04 00:23:13,862 - INFO - Resurrection successful! Guardian continues... 💎
💎 2025-08-04 00:23:43,863 - WARNING - Bot is dead! Resurrection attempt #991 💎
💎 2025-08-04 00:23:43,863 - WARNING - Bot has died! RESURRECTING... 💎
💎 2025-08-04 00:23:53,864 - INFO - Starting IMMORTAL Discord Community Global Launcher... 💎
💎 2025-08-04 00:23:53,877 - INFO - IMMORTAL Discord bot started with PID: 22332 💎
💎 2025-08-04 00:23:53,880 - INFO - RESURRECTION SUCCESSFUL! Restart #991 💎
💎 2025-08-04 00:23:53,881 - INFO - Resurrection successful! Guardian continues... 💎
💎 2025-08-04 00:23:59,644 - INFO - IMMORTAL STATUS: Bot restarts: 991 💎
💎 2025-08-04 00:24:23,882 - WARNING - Bot is dead! Resurrection attempt #992 💎
💎 2025-08-04 00:24:23,883 - WARNING - Bot has died! RESURRECTING... 💎
💎 2025-08-04 00:24:33,885 - INFO - Starting IMMORTAL Discord Community Global Launcher... 💎
💎 2025-08-04 00:24:33,934 - INFO - IMMORTAL Discord bot started with PID: 21216 💎
💎 2025-08-04 00:24:33,948 - INFO - RESURRECTION SUCCESSFUL! Restart #992 💎
💎 2025-08-04 00:24:33,950 - INFO - Resurrection successful! Guardian continues... 💎
💎 2025-08-04 00:24:59,645 - INFO - IMMORTAL STATUS: Bot restarts: 992 💎
💎 2025-08-04 00:25:03,952 - WARNING - Bot is dead! Resurrection attempt #993 💎
💎 2025-08-04 00:25:03,953 - WARNING - Bot has died! RESURRECTING... 💎
💎 2025-08-04 00:25:13,955 - INFO - Starting IMMORTAL Discord Community Global Launcher... 💎
💎 2025-08-04 00:25:13,965 - INFO - IMMORTAL Discord bot started with PID: 15796 💎
💎 2025-08-04 00:25:13,967 - INFO - RESURRECTION SUCCESSFUL! Restart #993 💎
💎 2025-08-04 00:25:13,968 - INFO - Resurrection successful! Guardian continues... 💎
💎 2025-08-04 00:25:43,970 - WARNING - Bot is dead! Resurrection attempt #994 💎
💎 2025-08-04 00:25:43,973 - WARNING - Bot has died! RESURRECTING... 💎
💎 2025-08-04 00:25:53,974 - INFO - Starting IMMORTAL Discord Community Global Launcher... 💎
💎 2025-08-04 00:25:53,988 - INFO - IMMORTAL Discord bot started with PID: 19968 💎
💎 2025-08-04 00:25:53,993 - INFO - RESURRECTION SUCCESSFUL! Restart #994 💎
💎 2025-08-04 00:25:53,994 - INFO - Resurrection successful! Guardian continues... 💎
💎 2025-08-04 00:25:59,647 - INFO - IMMORTAL STATUS: Bot restarts: 994 💎
💎 2025-08-04 00:26:24,000 - WARNING - Bot is dead! Resurrection attempt #995 💎
💎 2025-08-04 00:26:24,007 - WARNING - Bot has died! RESURRECTING... 💎
💎 2025-08-04 00:26:34,008 - INFO - Starting IMMORTAL Discord Community Global Launcher... 💎
💎 2025-08-04 00:26:34,032 - INFO - IMMORTAL Discord bot started with PID: 19928 💎
💎 2025-08-04 00:26:34,039 - INFO - RESURRECTION SUCCESSFUL! Restart #995 💎
💎 2025-08-04 00:26:34,039 - INFO - Resurrection successful! Guardian continues... 💎
💎 2025-08-04 00:26:59,648 - INFO - IMMORTAL STATUS: Bot restarts: 995 💎
💎 2025-08-04 00:27:04,041 - WARNING - Bot is dead! Resurrection attempt #996 💎
💎 2025-08-04 00:27:04,042 - WARNING - Bot has died! RESURRECTING... 💎
💎 2025-08-04 00:27:14,044 - INFO - Starting IMMORTAL Discord Community Global Launcher... 💎
💎 2025-08-04 00:27:14,082 - INFO - IMMORTAL Discord bot started with PID: 16008 💎
💎 2025-08-04 00:27:14,085 - INFO - RESURRECTION SUCCESSFUL! Restart #996 💎
💎 2025-08-04 00:27:14,093 - INFO - Resurrection successful! Guardian continues... 💎
💎 2025-08-04 00:27:44,093 - WARNING - Bot is dead! Resurrection attempt #997 💎
💎 2025-08-04 00:27:44,094 - WARNING - Bot has died! RESURRECTING... 💎
💎 2025-08-04 00:27:54,095 - INFO - Starting IMMORTAL Discord Community Global Launcher... 💎
💎 2025-08-04 00:27:54,121 - INFO - IMMORTAL Discord bot started with PID: 7004 💎
💎 2025-08-04 00:27:54,124 - INFO - RESURRECTION SUCCESSFUL! Restart #997 💎
💎 2025-08-04 00:27:54,128 - INFO - Resurrection successful! Guardian continues... 💎
💎 2025-08-04 00:27:59,649 - INFO - IMMORTAL STATUS: Bot restarts: 997 💎
💎 2025-08-04 00:28:24,134 - WARNING - Bot is dead! Resurrection attempt #998 💎
💎 2025-08-04 00:28:24,135 - WARNING - Bot has died! RESURRECTING... 💎
💎 2025-08-04 00:28:34,138 - INFO - Starting IMMORTAL Discord Community Global Launcher... 💎
💎 2025-08-04 00:28:34,158 - INFO - IMMORTAL Discord bot started with PID: 21972 💎
💎 2025-08-04 00:28:34,161 - INFO - RESURRECTION SUCCESSFUL! Restart #998 💎
💎 2025-08-04 00:28:34,161 - INFO - Resurrection successful! Guardian continues... 💎
💎 2025-08-04 00:28:59,651 - INFO - IMMORTAL STATUS: Bot restarts: 998 💎
💎 2025-08-04 00:29:04,163 - WARNING - Bot is dead! Resurrection attempt #999 💎
💎 2025-08-04 00:29:04,163 - WARNING - Bot has died! RESURRECTING... 💎
💎 2025-08-04 00:29:14,172 - INFO - Starting IMMORTAL Discord Community Global Launcher... 💎
💎 2025-08-04 00:29:14,217 - INFO - IMMORTAL Discord bot started with PID: 20792 💎
💎 2025-08-04 00:29:14,231 - INFO - RESURRECTION SUCCESSFUL! Restart #999 💎
💎 2025-08-04 00:29:14,237 - INFO - Resurrection successful! Guardian continues... 💎
💎 2025-08-04 00:29:44,245 - WARNING - Bot is dead! Resurrection attempt #1000 💎
💎 2025-08-04 00:29:44,246 - WARNING - Bot has died! RESURRECTING... 💎
💎 2025-08-04 00:29:54,247 - INFO - Starting IMMORTAL Discord Community Global Launcher... 💎
💎 2025-08-04 00:29:54,263 - INFO - IMMORTAL Discord bot started with PID: 21932 💎
💎 2025-08-04 00:29:54,265 - INFO - RESURRECTION SUCCESSFUL! Restart #1000 💎
💎 2025-08-04 00:29:54,266 - INFO - Resurrection successful! Guardian continues... 💎
💎 2025-08-04 00:29:59,653 - INFO - IMMORTAL STATUS: Bot restarts: 1000 💎
💎 2025-08-04 00:30:24,267 - WARNING - Bot is dead! Resurrection attempt #1001 💎
💎 2025-08-04 00:30:24,269 - WARNING - Bot has died! RESURRECTING... 💎
💎 2025-08-04 00:30:34,270 - INFO - Starting IMMORTAL Discord Community Global Launcher... 💎
💎 2025-08-04 00:30:34,282 - INFO - IMMORTAL Discord bot started with PID: 19988 💎
💎 2025-08-04 00:30:34,286 - INFO - RESURRECTION SUCCESSFUL! Restart #1001 💎
💎 2025-08-04 00:30:34,287 - INFO - Resurrection successful! Guardian continues... 💎
💎 2025-08-04 00:30:59,656 - INFO - IMMORTAL STATUS: Bot restarts: 1001 💎
💎 2025-08-04 00:31:04,288 - WARNING - Bot is dead! Resurrection attempt #1002 💎
💎 2025-08-04 00:31:04,288 - WARNING - Bot has died! RESURRECTING... 💎
💎 2025-08-04 00:31:14,289 - INFO - Starting IMMORTAL Discord Community Global Launcher... 💎
💎 2025-08-04 00:31:14,301 - INFO - IMMORTAL Discord bot started with PID: 13616 💎
💎 2025-08-04 00:31:14,303 - INFO - RESURRECTION SUCCESSFUL! Restart #1002 💎
💎 2025-08-04 00:31:14,304 - INFO - Resurrection successful! Guardian continues... 💎
💎 2025-08-04 00:31:44,305 - WARNING - Bot is dead! Resurrection attempt #1003 💎
💎 2025-08-04 00:31:44,307 - WARNING - Bot has died! RESURRECTING... 💎
💎 2025-08-04 00:31:54,308 - INFO - Starting IMMORTAL Discord Community Global Launcher... 💎
💎 2025-08-04 00:31:54,332 - INFO - IMMORTAL Discord bot started with PID: 3220 💎
💎 2025-08-04 00:31:54,336 - INFO - RESURRECTION SUCCESSFUL! Restart #1003 💎
💎 2025-08-04 00:31:54,337 - INFO - Resurrection successful! Guardian continues... 💎
💎 2025-08-04 00:31:59,657 - INFO - IMMORTAL STATUS: Bot restarts: 1003 💎
💎 2025-08-04 00:32:24,338 - WARNING - Bot is dead! Resurrection attempt #1004 💎
💎 2025-08-04 00:32:24,338 - WARNING - Bot has died! RESURRECTING... 💎
💎 2025-08-04 00:32:34,339 - INFO - Starting IMMORTAL Discord Community Global Launcher... 💎
💎 2025-08-04 00:32:34,350 - INFO - IMMORTAL Discord bot started with PID: 20420 💎
💎 2025-08-04 00:32:34,352 - INFO - RESURRECTION SUCCESSFUL! Restart #1004 💎
💎 2025-08-04 00:32:34,353 - INFO - Resurrection successful! Guardian continues... 💎
💎 2025-08-04 00:32:59,658 - INFO - IMMORTAL STATUS: Bot restarts: 1004 💎
💎 2025-08-04 00:33:04,354 - WARNING - Bot is dead! Resurrection attempt #1005 💎
💎 2025-08-04 00:33:04,354 - WARNING - Bot has died! RESURRECTING... 💎
💎 2025-08-04 00:33:14,355 - INFO - Starting IMMORTAL Discord Community Global Launcher... 💎
💎 2025-08-04 00:33:14,363 - INFO - IMMORTAL Discord bot started with PID: 19500 💎
💎 2025-08-04 00:33:14,365 - INFO - RESURRECTION SUCCESSFUL! Restart #1005 💎
💎 2025-08-04 00:33:14,366 - INFO - Resurrection successful! Guardian continues... 💎
💎 2025-08-04 00:33:44,367 - WARNING - Bot is dead! Resurrection attempt #1006 💎
💎 2025-08-04 00:33:44,367 - WARNING - Bot has died! RESURRECTING... 💎
💎 2025-08-04 00:33:54,368 - INFO - Starting IMMORTAL Discord Community Global Launcher... 💎
💎 2025-08-04 00:33:54,378 - INFO - IMMORTAL Discord bot started with PID: 21588 💎
💎 2025-08-04 00:33:54,379 - INFO - RESURRECTION SUCCESSFUL! Restart #1006 💎
💎 2025-08-04 00:33:54,380 - INFO - Resurrection successful! Guardian continues... 💎
💎 2025-08-04 00:33:59,659 - INFO - IMMORTAL STATUS: Bot restarts: 1006 💎
💎 2025-08-04 00:34:24,381 - WARNING - Bot is dead! Resurrection attempt #1007 💎
💎 2025-08-04 00:34:24,381 - WARNING - Bot has died! RESURRECTING... 💎
💎 2025-08-04 00:34:34,382 - INFO - Starting IMMORTAL Discord Community Global Launcher... 💎
💎 2025-08-04 00:34:34,391 - INFO - IMMORTAL Discord bot started with PID: 18172 💎
💎 2025-08-04 00:34:34,393 - INFO - RESURRECTION SUCCESSFUL! Restart #1007 💎
💎 2025-08-04 00:34:34,394 - INFO - Resurrection successful! Guardian continues... 💎
💎 2025-08-04 00:34:59,664 - INFO - IMMORTAL STATUS: Bot restarts: 1007 💎
💎 2025-08-04 00:35:04,395 - WARNING - Bot is dead! Resurrection attempt #1008 💎
💎 2025-08-04 00:35:04,395 - WARNING - Bot has died! RESURRECTING... 💎
💎 2025-08-04 00:35:14,396 - INFO - Starting IMMORTAL Discord Community Global Launcher... 💎
💎 2025-08-04 00:35:14,409 - INFO - IMMORTAL Discord bot started with PID: 16900 💎
💎 2025-08-04 00:35:14,411 - INFO - RESURRECTION SUCCESSFUL! Restart #1008 💎
💎 2025-08-04 00:35:14,411 - INFO - Resurrection successful! Guardian continues... 💎
💎 2025-08-04 00:35:44,412 - WARNING - Bot is dead! Resurrection attempt #1009 💎
💎 2025-08-04 00:35:44,413 - WARNING - Bot has died! RESURRECTING... 💎
💎 2025-08-04 00:35:54,416 - INFO - Starting IMMORTAL Discord Community Global Launcher... 💎
💎 2025-08-04 00:35:54,422 - INFO - IMMORTAL Discord bot started with PID: 11516 💎
💎 2025-08-04 00:35:54,424 - INFO - RESURRECTION SUCCESSFUL! Restart #1009 💎
💎 2025-08-04 00:35:54,425 - INFO - Resurrection successful! Guardian continues... 💎
💎 2025-08-04 00:35:59,669 - INFO - IMMORTAL STATUS: Bot restarts: 1009 💎
💎 2025-08-04 00:36:24,430 - WARNING - Bot is dead! Resurrection attempt #1010 💎
💎 2025-08-04 00:36:24,435 - WARNING - Bot has died! RESURRECTING... 💎
💎 2025-08-04 00:36:34,436 - INFO - Starting IMMORTAL Discord Community Global Launcher... 💎
💎 2025-08-04 00:36:34,453 - INFO - IMMORTAL Discord bot started with PID: 20996 💎
💎 2025-08-04 00:36:34,456 - INFO - RESURRECTION SUCCESSFUL! Restart #1010 💎
💎 2025-08-04 00:36:34,457 - INFO - Resurrection successful! Guardian continues... 💎
💎 2025-08-04 00:36:59,670 - INFO - IMMORTAL STATUS: Bot restarts: 1010 💎
💎 2025-08-04 00:37:04,458 - WARNING - Bot is dead! Resurrection attempt #1011 💎
💎 2025-08-04 00:37:04,459 - WARNING - Bot has died! RESURRECTING... 💎
💎 2025-08-04 00:37:14,459 - INFO - Starting IMMORTAL Discord Community Global Launcher... 💎
💎 2025-08-04 00:37:14,466 - INFO - IMMORTAL Discord bot started with PID: 21324 💎
💎 2025-08-04 00:37:14,468 - INFO - RESURRECTION SUCCESSFUL! Restart #1011 💎
💎 2025-08-04 00:37:14,468 - INFO - Resurrection successful! Guardian continues... 💎
💎 2025-08-04 00:37:44,472 - WARNING - Bot is dead! Resurrection attempt #1012 💎
💎 2025-08-04 00:37:44,510 - WARNING - Bot has died! RESURRECTING... 💎
💎 2025-08-04 00:37:54,519 - INFO - Starting IMMORTAL Discord Community Global Launcher... 💎
💎 2025-08-04 00:37:54,527 - INFO - IMMORTAL Discord bot started with PID: 12200 💎
💎 2025-08-04 00:37:54,529 - INFO - RESURRECTION SUCCESSFUL! Restart #1012 💎
💎 2025-08-04 00:37:54,529 - INFO - Resurrection successful! Guardian continues... 💎
💎 2025-08-04 00:37:59,671 - INFO - IMMORTAL STATUS: Bot restarts: 1012 💎
💎 2025-08-04 00:38:24,530 - WARNING - Bot is dead! Resurrection attempt #1013 💎
💎 2025-08-04 00:38:24,531 - WARNING - Bot has died! RESURRECTING... 💎
💎 2025-08-04 00:38:34,531 - INFO - Starting IMMORTAL Discord Community Global Launcher... 💎
💎 2025-08-04 00:38:34,539 - INFO - IMMORTAL Discord bot started with PID: 180 💎
💎 2025-08-04 00:38:34,542 - INFO - RESURRECTION SUCCESSFUL! Restart #1013 💎
💎 2025-08-04 00:38:34,543 - INFO - Resurrection successful! Guardian continues... 💎
💎 2025-08-04 00:38:59,671 - INFO - IMMORTAL STATUS: Bot restarts: 1013 💎
💎 2025-08-04 00:39:04,544 - WARNING - Bot is dead! Resurrection attempt #1014 💎
💎 2025-08-04 00:39:04,545 - WARNING - Bot has died! RESURRECTING... 💎
💎 2025-08-04 00:39:14,546 - INFO - Starting IMMORTAL Discord Community Global Launcher... 💎
💎 2025-08-04 00:39:14,556 - INFO - IMMORTAL Discord bot started with PID: 13056 💎
💎 2025-08-04 00:39:14,558 - INFO - RESURRECTION SUCCESSFUL! Restart #1014 💎
💎 2025-08-04 00:39:14,559 - INFO - Resurrection successful! Guardian continues... 💎
💎 2025-08-04 00:39:44,560 - WARNING - Bot is dead! Resurrection attempt #1015 💎
💎 2025-08-04 00:39:44,560 - WARNING - Bot has died! RESURRECTING... 💎
💎 2025-08-04 00:39:54,561 - INFO - Starting IMMORTAL Discord Community Global Launcher... 💎
💎 2025-08-04 00:39:54,572 - INFO - IMMORTAL Discord bot started with PID: 22032 💎
💎 2025-08-04 00:39:54,574 - INFO - RESURRECTION SUCCESSFUL! Restart #1015 💎
💎 2025-08-04 00:39:54,574 - INFO - Resurrection successful! Guardian continues... 💎
💎 2025-08-04 00:39:59,672 - INFO - IMMORTAL STATUS: Bot restarts: 1015 💎
💎 2025-08-04 00:40:24,575 - WARNING - Bot is dead! Resurrection attempt #1016 💎
💎 2025-08-04 00:40:24,576 - WARNING - Bot has died! RESURRECTING... 💎
💎 2025-08-04 00:40:34,576 - INFO - Starting IMMORTAL Discord Community Global Launcher... 💎
💎 2025-08-04 00:40:34,583 - INFO - IMMORTAL Discord bot started with PID: 21212 💎
💎 2025-08-04 00:40:34,585 - INFO - RESURRECTION SUCCESSFUL! Restart #1016 💎
💎 2025-08-04 00:40:34,586 - INFO - Resurrection successful! Guardian continues... 💎
💎 2025-08-04 00:40:59,673 - INFO - IMMORTAL STATUS: Bot restarts: 1016 💎
💎 2025-08-04 00:41:04,587 - WARNING - Bot is dead! Resurrection attempt #1017 💎
💎 2025-08-04 00:41:04,587 - WARNING - Bot has died! RESURRECTING... 💎
💎 2025-08-04 00:41:14,587 - INFO - Starting IMMORTAL Discord Community Global Launcher... 💎
💎 2025-08-04 00:41:14,604 - INFO - IMMORTAL Discord bot started with PID: 22008 💎
💎 2025-08-04 00:41:14,605 - INFO - RESURRECTION SUCCESSFUL! Restart #1017 💎
💎 2025-08-04 00:41:14,605 - INFO - Resurrection successful! Guardian continues... 💎
💎 2025-08-04 00:41:44,606 - WARNING - Bot is dead! Resurrection attempt #1018 💎
💎 2025-08-04 00:41:44,606 - WARNING - Bot has died! RESURRECTING... 💎
💎 2025-08-04 00:41:54,607 - INFO - Starting IMMORTAL Discord Community Global Launcher... 💎
💎 2025-08-04 00:41:54,616 - INFO - IMMORTAL Discord bot started with PID: 22060 💎
💎 2025-08-04 00:41:54,619 - INFO - RESURRECTION SUCCESSFUL! Restart #1018 💎
💎 2025-08-04 00:41:54,619 - INFO - Resurrection successful! Guardian continues... 💎
💎 2025-08-04 00:41:59,674 - INFO - IMMORTAL STATUS: Bot restarts: 1018 💎
💎 2025-08-04 00:42:24,620 - WARNING - Bot is dead! Resurrection attempt #1019 💎
💎 2025-08-04 00:42:24,621 - WARNING - Bot has died! RESURRECTING... 💎
💎 2025-08-04 00:42:34,621 - INFO - Starting IMMORTAL Discord Community Global Launcher... 💎
💎 2025-08-04 00:42:34,629 - INFO - IMMORTAL Discord bot started with PID: 11972 💎
💎 2025-08-04 00:42:34,630 - INFO - RESURRECTION SUCCESSFUL! Restart #1019 💎
💎 2025-08-04 00:42:34,631 - INFO - Resurrection successful! Guardian continues... 💎
💎 2025-08-04 00:42:59,675 - INFO - IMMORTAL STATUS: Bot restarts: 1019 💎
💎 2025-08-04 00:43:04,632 - WARNING - Bot is dead! Resurrection attempt #1020 💎
💎 2025-08-04 00:43:04,632 - WARNING - Bot has died! RESURRECTING... 💎
💎 2025-08-04 00:43:14,633 - INFO - Starting IMMORTAL Discord Community Global Launcher... 💎
💎 2025-08-04 00:43:14,643 - INFO - IMMORTAL Discord bot started with PID: 21352 💎
💎 2025-08-04 00:43:14,645 - INFO - RESURRECTION SUCCESSFUL! Restart #1020 💎
💎 2025-08-04 00:43:14,645 - INFO - Resurrection successful! Guardian continues... 💎
💎 2025-08-04 00:43:44,646 - WARNING - Bot is dead! Resurrection attempt #1021 💎
💎 2025-08-04 00:43:44,647 - WARNING - Bot has died! RESURRECTING... 💎
💎 2025-08-04 00:43:54,647 - INFO - Starting IMMORTAL Discord Community Global Launcher... 💎
💎 2025-08-04 00:43:54,657 - INFO - IMMORTAL Discord bot started with PID: 18928 💎
💎 2025-08-04 00:43:54,659 - INFO - RESURRECTION SUCCESSFUL! Restart #1021 💎
💎 2025-08-04 00:43:54,660 - INFO - Resurrection successful! Guardian continues... 💎
💎 2025-08-04 00:43:59,676 - INFO - IMMORTAL STATUS: Bot restarts: 1021 💎
💎 2025-08-04 00:44:24,660 - WARNING - Bot is dead! Resurrection attempt #1022 💎
💎 2025-08-04 00:44:24,661 - WARNING - Bot has died! RESURRECTING... 💎
💎 2025-08-04 00:44:34,661 - INFO - Starting IMMORTAL Discord Community Global Launcher... 💎
💎 2025-08-04 00:44:34,669 - INFO - IMMORTAL Discord bot started with PID: 11216 💎
💎 2025-08-04 00:44:34,671 - INFO - RESURRECTION SUCCESSFUL! Restart #1022 💎
💎 2025-08-04 00:44:34,672 - INFO - Resurrection successful! Guardian continues... 💎
💎 2025-08-04 00:44:59,676 - INFO - IMMORTAL STATUS: Bot restarts: 1022 💎
💎 2025-08-04 00:45:04,673 - WARNING - Bot is dead! Resurrection attempt #1023 💎
💎 2025-08-04 00:45:04,674 - WARNING - Bot has died! RESURRECTING... 💎
💎 2025-08-04 00:45:14,675 - INFO - Starting IMMORTAL Discord Community Global Launcher... 💎
💎 2025-08-04 00:45:14,683 - INFO - IMMORTAL Discord bot started with PID: 1708 💎
💎 2025-08-04 00:45:14,684 - INFO - RESURRECTION SUCCESSFUL! Restart #1023 💎
💎 2025-08-04 00:45:14,685 - INFO - Resurrection successful! Guardian continues... 💎
💎 2025-08-04 00:45:44,686 - WARNING - Bot is dead! Resurrection attempt #1024 💎
💎 2025-08-04 00:45:44,686 - WARNING - Bot has died! RESURRECTING... 💎
💎 2025-08-04 00:45:54,691 - INFO - Starting IMMORTAL Discord Community Global Launcher... 💎
💎 2025-08-04 00:45:54,712 - INFO - IMMORTAL Discord bot started with PID: 21952 💎
💎 2025-08-04 00:45:54,714 - INFO - RESURRECTION SUCCESSFUL! Restart #1024 💎
💎 2025-08-04 00:45:54,717 - INFO - Resurrection successful! Guardian continues... 💎
💎 2025-08-04 00:45:59,678 - INFO - IMMORTAL STATUS: Bot restarts: 1024 💎
💎 2025-08-04 00:46:24,721 - WARNING - Bot is dead! Resurrection attempt #1025 💎
💎 2025-08-04 00:46:24,722 - WARNING - Bot has died! RESURRECTING... 💎
💎 2025-08-04 00:46:34,722 - INFO - Starting IMMORTAL Discord Community Global Launcher... 💎
💎 2025-08-04 00:46:34,730 - INFO - IMMORTAL Discord bot started with PID: 22272 💎
💎 2025-08-04 00:46:34,731 - INFO - RESURRECTION SUCCESSFUL! Restart #1025 💎
💎 2025-08-04 00:46:34,732 - INFO - Resurrection successful! Guardian continues... 💎
💎 2025-08-04 00:46:59,679 - INFO - IMMORTAL STATUS: Bot restarts: 1025 💎
💎 2025-08-04 00:47:04,733 - WARNING - Bot is dead! Resurrection attempt #1026 💎
💎 2025-08-04 00:47:04,733 - WARNING - Bot has died! RESURRECTING... 💎
💎 2025-08-04 00:47:14,734 - INFO - Starting IMMORTAL Discord Community Global Launcher... 💎
💎 2025-08-04 00:47:14,742 - INFO - IMMORTAL Discord bot started with PID: 14312 💎
💎 2025-08-04 00:47:14,743 - INFO - RESURRECTION SUCCESSFUL! Restart #1026 💎
💎 2025-08-04 00:47:14,744 - INFO - Resurrection successful! Guardian continues... 💎
💎 2025-08-04 00:47:41,906 - WARNING - Bot is dead! Resurrection attempt #1027 💎
💎 2025-08-04 00:47:41,907 - WARNING - Bot has died! RESURRECTING... 💎
💎 2025-08-04 00:47:51,907 - INFO - Starting IMMORTAL Discord Community Global Launcher... 💎
💎 2025-08-04 00:47:51,916 - INFO - IMMORTAL Discord bot started with PID: 4692 💎
💎 2025-08-04 00:47:51,917 - INFO - RESURRECTION SUCCESSFUL! Restart #1027 💎
💎 2025-08-04 00:47:51,918 - INFO - Resurrection successful! Guardian continues... 💎
💎 2025-08-04 00:47:56,842 - INFO - IMMORTAL STATUS: Bot restarts: 1027 💎
💎 2025-08-04 00:48:21,919 - WARNING - Bot is dead! Resurrection attempt #1028 💎
💎 2025-08-04 00:48:21,920 - WARNING - Bot has died! RESURRECTING... 💎
💎 2025-08-04 00:48:31,931 - INFO - Starting IMMORTAL Discord Community Global Launcher... 💎
💎 2025-08-04 00:48:31,954 - INFO - IMMORTAL Discord bot started with PID: 21168 💎
💎 2025-08-04 00:48:31,962 - INFO - RESURRECTION SUCCESSFUL! Restart #1028 💎
💎 2025-08-04 00:48:31,973 - INFO - Resurrection successful! Guardian continues... 💎
💎 2025-08-04 00:48:56,842 - INFO - IMMORTAL STATUS: Bot restarts: 1028 💎
💎 2025-08-04 00:49:02,019 - WARNING - Bot is dead! Resurrection attempt #1029 💎
💎 2025-08-04 00:49:02,020 - WARNING - Bot has died! RESURRECTING... 💎
💎 2025-08-04 00:49:12,021 - INFO - Starting IMMORTAL Discord Community Global Launcher... 💎
💎 2025-08-04 00:49:12,033 - INFO - IMMORTAL Discord bot started with PID: 20200 💎
💎 2025-08-04 00:49:12,034 - INFO - RESURRECTION SUCCESSFUL! Restart #1029 💎
💎 2025-08-04 00:49:12,035 - INFO - Resurrection successful! Guardian continues... 💎
💎 2025-08-04 00:49:42,036 - WARNING - Bot is dead! Resurrection attempt #1030 💎
💎 2025-08-04 00:49:42,037 - WARNING - Bot has died! RESURRECTING... 💎
💎 2025-08-04 00:49:52,037 - INFO - Starting IMMORTAL Discord Community Global Launcher... 💎
💎 2025-08-04 00:49:52,043 - INFO - IMMORTAL Discord bot started with PID: 22756 💎
💎 2025-08-04 00:49:52,045 - INFO - RESURRECTION SUCCESSFUL! Restart #1030 💎
💎 2025-08-04 00:49:52,045 - INFO - Resurrection successful! Guardian continues... 💎
💎 2025-08-04 00:49:56,843 - INFO - IMMORTAL STATUS: Bot restarts: 1030 💎
💎 2025-08-04 00:50:22,046 - WARNING - Bot is dead! Resurrection attempt #1031 💎
💎 2025-08-04 00:50:22,047 - WARNING - Bot has died! RESURRECTING... 💎
💎 2025-08-04 00:50:32,048 - INFO - Starting IMMORTAL Discord Community Global Launcher... 💎
💎 2025-08-04 00:50:32,056 - INFO - IMMORTAL Discord bot started with PID: 18784 💎
💎 2025-08-04 00:50:32,058 - INFO - RESURRECTION SUCCESSFUL! Restart #1031 💎
💎 2025-08-04 00:50:32,059 - INFO - Resurrection successful! Guardian continues... 💎
💎 2025-08-04 00:50:56,844 - INFO - IMMORTAL STATUS: Bot restarts: 1031 💎
💎 2025-08-04 00:51:02,060 - WARNING - Bot is dead! Resurrection attempt #1032 💎
💎 2025-08-04 00:51:02,060 - WARNING - Bot has died! RESURRECTING... 💎
💎 2025-08-04 00:51:12,061 - INFO - Starting IMMORTAL Discord Community Global Launcher... 💎
💎 2025-08-04 00:51:12,073 - INFO - IMMORTAL Discord bot started with PID: 15104 💎
💎 2025-08-04 00:51:12,074 - INFO - RESURRECTION SUCCESSFUL! Restart #1032 💎
💎 2025-08-04 00:51:12,075 - INFO - Resurrection successful! Guardian continues... 💎
💎 2025-08-04 00:51:42,076 - WARNING - Bot is dead! Resurrection attempt #1033 💎
💎 2025-08-04 00:51:42,077 - WARNING - Bot has died! RESURRECTING... 💎
💎 2025-08-04 00:51:52,078 - INFO - Starting IMMORTAL Discord Community Global Launcher... 💎
💎 2025-08-04 00:51:52,086 - INFO - IMMORTAL Discord bot started with PID: 18684 💎
💎 2025-08-04 00:51:52,087 - INFO - RESURRECTION SUCCESSFUL! Restart #1033 💎
💎 2025-08-04 00:51:52,088 - INFO - Resurrection successful! Guardian continues... 💎
💎 2025-08-04 00:51:56,845 - INFO - IMMORTAL STATUS: Bot restarts: 1033 💎
💎 2025-08-04 00:52:22,089 - WARNING - Bot is dead! Resurrection attempt #1034 💎
💎 2025-08-04 00:52:22,090 - WARNING - Bot has died! RESURRECTING... 💎
💎 2025-08-04 00:52:32,090 - INFO - Starting IMMORTAL Discord Community Global Launcher... 💎
💎 2025-08-04 00:52:32,098 - INFO - IMMORTAL Discord bot started with PID: 19856 💎
💎 2025-08-04 00:52:32,099 - INFO - RESURRECTION SUCCESSFUL! Restart #1034 💎
💎 2025-08-04 00:52:32,100 - INFO - Resurrection successful! Guardian continues... 💎
💎 2025-08-04 00:52:56,846 - INFO - IMMORTAL STATUS: Bot restarts: 1034 💎
💎 2025-08-04 00:53:02,101 - WARNING - Bot is dead! Resurrection attempt #1035 💎
💎 2025-08-04 00:53:02,102 - WARNING - Bot has died! RESURRECTING... 💎
💎 2025-08-04 00:53:12,103 - INFO - Starting IMMORTAL Discord Community Global Launcher... 💎
💎 2025-08-04 00:53:12,112 - INFO - IMMORTAL Discord bot started with PID: 21020 💎
💎 2025-08-04 00:53:12,114 - INFO - RESURRECTION SUCCESSFUL! Restart #1035 💎
💎 2025-08-04 00:53:12,114 - INFO - Resurrection successful! Guardian continues... 💎
💎 2025-08-04 00:53:42,116 - WARNING - Bot is dead! Resurrection attempt #1036 💎
💎 2025-08-04 00:53:42,116 - WARNING - Bot has died! RESURRECTING... 💎
💎 2025-08-04 00:53:52,116 - INFO - Starting IMMORTAL Discord Community Global Launcher... 💎
💎 2025-08-04 00:53:52,126 - INFO - IMMORTAL Discord bot started with PID: 19624 💎
💎 2025-08-04 00:53:52,127 - INFO - RESURRECTION SUCCESSFUL! Restart #1036 💎
💎 2025-08-04 00:53:52,128 - INFO - Resurrection successful! Guardian continues... 💎
💎 2025-08-04 00:53:56,847 - INFO - IMMORTAL STATUS: Bot restarts: 1036 💎
💎 2025-08-04 00:54:22,129 - WARNING - Bot is dead! Resurrection attempt #1037 💎
💎 2025-08-04 00:54:22,129 - WARNING - Bot has died! RESURRECTING... 💎
💎 2025-08-04 00:54:32,130 - INFO - Starting IMMORTAL Discord Community Global Launcher... 💎
💎 2025-08-04 00:54:32,139 - INFO - IMMORTAL Discord bot started with PID: 13736 💎
💎 2025-08-04 00:54:32,142 - INFO - RESURRECTION SUCCESSFUL! Restart #1037 💎
💎 2025-08-04 00:54:32,143 - INFO - Resurrection successful! Guardian continues... 💎
💎 2025-08-04 00:54:56,848 - INFO - IMMORTAL STATUS: Bot restarts: 1037 💎
💎 2025-08-04 00:55:02,144 - WARNING - Bot is dead! Resurrection attempt #1038 💎
💎 2025-08-04 00:55:02,144 - WARNING - Bot has died! RESURRECTING... 💎
💎 2025-08-04 00:55:12,145 - INFO - Starting IMMORTAL Discord Community Global Launcher... 💎
💎 2025-08-04 00:55:12,152 - INFO - IMMORTAL Discord bot started with PID: 22260 💎
💎 2025-08-04 00:55:12,153 - INFO - RESURRECTION SUCCESSFUL! Restart #1038 💎
💎 2025-08-04 00:55:12,154 - INFO - Resurrection successful! Guardian continues... 💎
💎 2025-08-04 00:55:42,155 - WARNING - Bot is dead! Resurrection attempt #1039 💎
💎 2025-08-04 00:55:42,156 - WARNING - Bot has died! RESURRECTING... 💎
💎 2025-08-04 00:55:52,157 - INFO - Starting IMMORTAL Discord Community Global Launcher... 💎
💎 2025-08-04 00:55:52,166 - INFO - IMMORTAL Discord bot started with PID: 8104 💎
💎 2025-08-04 00:55:52,168 - INFO - RESURRECTION SUCCESSFUL! Restart #1039 💎
💎 2025-08-04 00:55:52,169 - INFO - Resurrection successful! Guardian continues... 💎
💎 2025-08-04 00:55:56,849 - INFO - IMMORTAL STATUS: Bot restarts: 1039 💎
💎 2025-08-04 00:56:22,170 - WARNING - Bot is dead! Resurrection attempt #1040 💎
💎 2025-08-04 00:56:22,170 - WARNING - Bot has died! RESURRECTING... 💎
💎 2025-08-04 00:56:32,171 - INFO - Starting IMMORTAL Discord Community Global Launcher... 💎
💎 2025-08-04 00:56:32,183 - INFO - IMMORTAL Discord bot started with PID: 21776 💎
💎 2025-08-04 00:56:32,185 - INFO - RESURRECTION SUCCESSFUL! Restart #1040 💎
💎 2025-08-04 00:56:32,186 - INFO - Resurrection successful! Guardian continues... 💎
💎 2025-08-04 00:56:56,850 - INFO - IMMORTAL STATUS: Bot restarts: 1040 💎
💎 2025-08-04 00:57:02,187 - WARNING - Bot is dead! Resurrection attempt #1041 💎
💎 2025-08-04 00:57:02,187 - WARNING - Bot has died! RESURRECTING... 💎
💎 2025-08-04 00:57:12,188 - INFO - Starting IMMORTAL Discord Community Global Launcher... 💎
💎 2025-08-04 00:57:12,196 - INFO - IMMORTAL Discord bot started with PID: 3032 💎
💎 2025-08-04 00:57:12,197 - INFO - RESURRECTION SUCCESSFUL! Restart #1041 💎
💎 2025-08-04 00:57:12,198 - INFO - Resurrection successful! Guardian continues... 💎
💎 2025-08-04 00:57:42,199 - WARNING - Bot is dead! Resurrection attempt #1042 💎
💎 2025-08-04 00:57:42,199 - WARNING - Bot has died! RESURRECTING... 💎
💎 2025-08-04 00:57:52,200 - INFO - Starting IMMORTAL Discord Community Global Launcher... 💎
💎 2025-08-04 00:57:52,210 - INFO - IMMORTAL Discord bot started with PID: 22940 💎
💎 2025-08-04 00:57:52,212 - INFO - RESURRECTION SUCCESSFUL! Restart #1042 💎
💎 2025-08-04 00:57:52,213 - INFO - Resurrection successful! Guardian continues... 💎
💎 2025-08-04 00:57:56,850 - INFO - IMMORTAL STATUS: Bot restarts: 1042 💎
💎 2025-08-04 00:58:22,214 - WARNING - Bot is dead! Resurrection attempt #1043 💎
💎 2025-08-04 00:58:22,215 - WARNING - Bot has died! RESURRECTING... 💎
💎 2025-08-04 00:58:32,215 - INFO - Starting IMMORTAL Discord Community Global Launcher... 💎
💎 2025-08-04 00:58:32,226 - INFO - IMMORTAL Discord bot started with PID: 22560 💎
💎 2025-08-04 00:58:32,228 - INFO - RESURRECTION SUCCESSFUL! Restart #1043 💎
💎 2025-08-04 00:58:32,228 - INFO - Resurrection successful! Guardian continues... 💎
💎 2025-08-04 00:58:56,851 - INFO - IMMORTAL STATUS: Bot restarts: 1043 💎
💎 2025-08-04 00:59:02,229 - WARNING - Bot is dead! Resurrection attempt #1044 💎
💎 2025-08-04 00:59:02,230 - WARNING - Bot has died! RESURRECTING... 💎
💎 2025-08-04 00:59:12,230 - INFO - Starting IMMORTAL Discord Community Global Launcher... 💎
💎 2025-08-04 00:59:12,238 - INFO - IMMORTAL Discord bot started with PID: 6344 💎
💎 2025-08-04 00:59:12,239 - INFO - RESURRECTION SUCCESSFUL! Restart #1044 💎
💎 2025-08-04 00:59:12,240 - INFO - Resurrection successful! Guardian continues... 💎
💎 2025-08-04 00:59:42,241 - WARNING - Bot is dead! Resurrection attempt #1045 💎
💎 2025-08-04 00:59:42,242 - WARNING - Bot has died! RESURRECTING... 💎
💎 2025-08-04 00:59:52,242 - INFO - Starting IMMORTAL Discord Community Global Launcher... 💎
💎 2025-08-04 00:59:52,251 - INFO - IMMORTAL Discord bot started with PID: 15140 💎
💎 2025-08-04 00:59:52,252 - INFO - RESURRECTION SUCCESSFUL! Restart #1045 💎
💎 2025-08-04 00:59:52,253 - INFO - Resurrection successful! Guardian continues... 💎
💎 2025-08-04 00:59:56,852 - INFO - IMMORTAL STATUS: Bot restarts: 1045 💎
💎 2025-08-04 01:00:22,254 - WARNING - Bot is dead! Resurrection attempt #1046 💎
💎 2025-08-04 01:00:22,255 - WARNING - Bot has died! RESURRECTING... 💎
💎 2025-08-04 01:00:32,256 - INFO - Starting IMMORTAL Discord Community Global Launcher... 💎
💎 2025-08-04 01:00:32,264 - INFO - IMMORTAL Discord bot started with PID: 21012 💎
💎 2025-08-04 01:00:32,266 - INFO - RESURRECTION SUCCESSFUL! Restart #1046 💎
💎 2025-08-04 01:00:32,266 - INFO - Resurrection successful! Guardian continues... 💎
💎 2025-08-04 01:00:56,853 - INFO - IMMORTAL STATUS: Bot restarts: 1046 💎
💎 2025-08-04 01:01:02,267 - WARNING - Bot is dead! Resurrection attempt #1047 💎
💎 2025-08-04 01:01:02,268 - WARNING - Bot has died! RESURRECTING... 💎
💎 2025-08-04 01:01:12,269 - INFO - Starting IMMORTAL Discord Community Global Launcher... 💎
💎 2025-08-04 01:01:12,277 - INFO - IMMORTAL Discord bot started with PID: 18524 💎
💎 2025-08-04 01:01:12,278 - INFO - RESURRECTION SUCCESSFUL! Restart #1047 💎
💎 2025-08-04 01:01:12,279 - INFO - Resurrection successful! Guardian continues... 💎
💎 2025-08-04 01:01:42,280 - WARNING - Bot is dead! Resurrection attempt #1048 💎
💎 2025-08-04 01:01:42,280 - WARNING - Bot has died! RESURRECTING... 💎
💎 2025-08-04 01:01:52,281 - INFO - Starting IMMORTAL Discord Community Global Launcher... 💎
💎 2025-08-04 01:01:52,293 - INFO - IMMORTAL Discord bot started with PID: 18684 💎
💎 2025-08-04 01:01:52,295 - INFO - RESURRECTION SUCCESSFUL! Restart #1048 💎
💎 2025-08-04 01:01:52,296 - INFO - Resurrection successful! Guardian continues... 💎
💎 2025-08-04 01:01:56,854 - INFO - IMMORTAL STATUS: Bot restarts: 1048 💎
💎 2025-08-04 01:02:22,297 - WARNING - Bot is dead! Resurrection attempt #1049 💎
💎 2025-08-04 01:02:22,298 - WARNING - Bot has died! RESURRECTING... 💎
💎 2025-08-04 01:02:32,299 - INFO - Starting IMMORTAL Discord Community Global Launcher... 💎
💎 2025-08-04 01:02:32,309 - INFO - IMMORTAL Discord bot started with PID: 24424 💎
💎 2025-08-04 01:02:32,313 - INFO - RESURRECTION SUCCESSFUL! Restart #1049 💎
💎 2025-08-04 01:02:32,314 - INFO - Resurrection successful! Guardian continues... 💎
💎 2025-08-04 01:02:56,855 - INFO - IMMORTAL STATUS: Bot restarts: 1049 💎
💎 2025-08-04 01:03:02,316 - WARNING - Bot is dead! Resurrection attempt #1050 💎
💎 2025-08-04 01:03:02,317 - WARNING - Bot has died! RESURRECTING... 💎
💎 2025-08-04 01:03:12,318 - INFO - Starting IMMORTAL Discord Community Global Launcher... 💎
💎 2025-08-04 01:03:12,330 - INFO - IMMORTAL Discord bot started with PID: 22512 💎
💎 2025-08-04 01:03:12,332 - INFO - RESURRECTION SUCCESSFUL! Restart #1050 💎
💎 2025-08-04 01:03:12,333 - INFO - Resurrection successful! Guardian continues... 💎
💎 2025-08-04 01:03:42,333 - WARNING - Bot is dead! Resurrection attempt #1051 💎
💎 2025-08-04 01:03:42,334 - WARNING - Bot has died! RESURRECTING... 💎
💎 2025-08-04 01:03:52,335 - INFO - Starting IMMORTAL Discord Community Global Launcher... 💎
💎 2025-08-04 01:03:52,342 - INFO - IMMORTAL Discord bot started with PID: 6244 💎
💎 2025-08-04 01:03:52,343 - INFO - RESURRECTION SUCCESSFUL! Restart #1051 💎
💎 2025-08-04 01:03:52,343 - INFO - Resurrection successful! Guardian continues... 💎
💎 2025-08-04 01:03:56,856 - INFO - IMMORTAL STATUS: Bot restarts: 1051 💎
💎 2025-08-04 01:04:22,344 - WARNING - Bot is dead! Resurrection attempt #1052 💎
💎 2025-08-04 01:04:22,345 - WARNING - Bot has died! RESURRECTING... 💎
💎 2025-08-04 01:04:32,345 - INFO - Starting IMMORTAL Discord Community Global Launcher... 💎
💎 2025-08-04 01:04:32,354 - INFO - IMMORTAL Discord bot started with PID: 20620 💎
💎 2025-08-04 01:04:32,356 - INFO - RESURRECTION SUCCESSFUL! Restart #1052 💎
💎 2025-08-04 01:04:32,356 - INFO - Resurrection successful! Guardian continues... 💎
💎 2025-08-04 01:04:56,856 - INFO - IMMORTAL STATUS: Bot restarts: 1052 💎
💎 2025-08-04 01:05:02,357 - WARNING - Bot is dead! Resurrection attempt #1053 💎
💎 2025-08-04 01:05:02,358 - WARNING - Bot has died! RESURRECTING... 💎
💎 2025-08-04 01:05:12,358 - INFO - Starting IMMORTAL Discord Community Global Launcher... 💎
💎 2025-08-04 01:05:12,367 - INFO - IMMORTAL Discord bot started with PID: 21860 💎
💎 2025-08-04 01:05:12,368 - INFO - RESURRECTION SUCCESSFUL! Restart #1053 💎
💎 2025-08-04 01:05:12,369 - INFO - Resurrection successful! Guardian continues... 💎
💎 2025-08-04 01:05:42,370 - WARNING - Bot is dead! Resurrection attempt #1054 💎
💎 2025-08-04 01:05:42,370 - WARNING - Bot has died! RESURRECTING... 💎
💎 2025-08-04 01:05:52,372 - INFO - Starting IMMORTAL Discord Community Global Launcher... 💎
💎 2025-08-04 01:05:52,379 - INFO - IMMORTAL Discord bot started with PID: 23764 💎
💎 2025-08-04 01:05:52,382 - INFO - RESURRECTION SUCCESSFUL! Restart #1054 💎
💎 2025-08-04 01:05:52,383 - INFO - Resurrection successful! Guardian continues... 💎
💎 2025-08-04 01:05:56,857 - INFO - IMMORTAL STATUS: Bot restarts: 1054 💎
💎 2025-08-04 01:06:22,384 - WARNING - Bot is dead! Resurrection attempt #1055 💎
💎 2025-08-04 01:06:22,385 - WARNING - Bot has died! RESURRECTING... 💎
💎 2025-08-04 01:06:32,386 - INFO - Starting IMMORTAL Discord Community Global Launcher... 💎
💎 2025-08-04 01:06:32,396 - INFO - IMMORTAL Discord bot started with PID: 10728 💎
💎 2025-08-04 01:06:32,397 - INFO - RESURRECTION SUCCESSFUL! Restart #1055 💎
💎 2025-08-04 01:06:32,398 - INFO - Resurrection successful! Guardian continues... 💎
💎 2025-08-04 01:06:56,858 - INFO - IMMORTAL STATUS: Bot restarts: 1055 💎
💎 2025-08-04 01:07:02,399 - WARNING - Bot is dead! Resurrection attempt #1056 💎
💎 2025-08-04 01:07:02,399 - WARNING - Bot has died! RESURRECTING... 💎
💎 2025-08-04 01:07:12,400 - INFO - Starting IMMORTAL Discord Community Global Launcher... 💎
💎 2025-08-04 01:07:12,411 - INFO - IMMORTAL Discord bot started with PID: 364 💎
💎 2025-08-04 01:07:12,412 - INFO - RESURRECTION SUCCESSFUL! Restart #1056 💎
💎 2025-08-04 01:07:12,413 - INFO - Resurrection successful! Guardian continues... 💎
💎 2025-08-04 01:07:42,414 - WARNING - Bot is dead! Resurrection attempt #1057 💎
💎 2025-08-04 01:07:42,415 - WARNING - Bot has died! RESURRECTING... 💎
💎 2025-08-04 01:07:52,415 - INFO - Starting IMMORTAL Discord Community Global Launcher... 💎
💎 2025-08-04 01:07:52,423 - INFO - IMMORTAL Discord bot started with PID: 22612 💎
💎 2025-08-04 01:07:52,425 - INFO - RESURRECTION SUCCESSFUL! Restart #1057 💎
💎 2025-08-04 01:07:52,426 - INFO - Resurrection successful! Guardian continues... 💎
💎 2025-08-04 01:07:56,859 - INFO - IMMORTAL STATUS: Bot restarts: 1057 💎
💎 2025-08-04 01:08:22,427 - WARNING - Bot is dead! Resurrection attempt #1058 💎
💎 2025-08-04 01:08:22,427 - WARNING - Bot has died! RESURRECTING... 💎
💎 2025-08-04 01:08:32,428 - INFO - Starting IMMORTAL Discord Community Global Launcher... 💎
💎 2025-08-04 01:08:32,437 - INFO - IMMORTAL Discord bot started with PID: 18448 💎
💎 2025-08-04 01:08:32,438 - INFO - RESURRECTION SUCCESSFUL! Restart #1058 💎
💎 2025-08-04 01:08:32,439 - INFO - Resurrection successful! Guardian continues... 💎
💎 2025-08-04 01:08:56,859 - INFO - IMMORTAL STATUS: Bot restarts: 1058 💎
💎 2025-08-04 01:09:02,440 - WARNING - Bot is dead! Resurrection attempt #1059 💎
💎 2025-08-04 01:09:02,440 - WARNING - Bot has died! RESURRECTING... 💎
💎 2025-08-04 01:09:12,441 - INFO - Starting IMMORTAL Discord Community Global Launcher... 💎
💎 2025-08-04 01:09:12,448 - INFO - IMMORTAL Discord bot started with PID: 22480 💎
💎 2025-08-04 01:09:12,450 - INFO - RESURRECTION SUCCESSFUL! Restart #1059 💎
💎 2025-08-04 01:09:12,451 - INFO - Resurrection successful! Guardian continues... 💎
💎 2025-08-04 01:09:42,453 - WARNING - Bot is dead! Resurrection attempt #1060 💎
💎 2025-08-04 01:09:42,454 - WARNING - Bot has died! RESURRECTING... 💎
💎 2025-08-04 01:09:52,455 - INFO - Starting IMMORTAL Discord Community Global Launcher... 💎
💎 2025-08-04 01:09:52,467 - INFO - IMMORTAL Discord bot started with PID: 12388 💎
💎 2025-08-04 01:09:52,470 - INFO - RESURRECTION SUCCESSFUL! Restart #1060 💎
💎 2025-08-04 01:09:52,471 - INFO - Resurrection successful! Guardian continues... 💎
💎 2025-08-04 01:09:56,861 - INFO - IMMORTAL STATUS: Bot restarts: 1060 💎
💎 2025-08-04 01:10:22,471 - WARNING - Bot is dead! Resurrection attempt #1061 💎
💎 2025-08-04 01:10:22,472 - WARNING - Bot has died! RESURRECTING... 💎
💎 2025-08-04 01:10:32,472 - INFO - Starting IMMORTAL Discord Community Global Launcher... 💎
💎 2025-08-04 01:10:32,486 - INFO - IMMORTAL Discord bot started with PID: 11884 💎
💎 2025-08-04 01:10:32,489 - INFO - RESURRECTION SUCCESSFUL! Restart #1061 💎
💎 2025-08-04 01:10:32,489 - INFO - Resurrection successful! Guardian continues... 💎
💎 2025-08-04 01:10:56,861 - INFO - IMMORTAL STATUS: Bot restarts: 1061 💎
💎 2025-08-04 01:11:02,492 - WARNING - Bot is dead! Resurrection attempt #1062 💎
💎 2025-08-04 01:11:02,492 - WARNING - Bot has died! RESURRECTING... 💎
💎 2025-08-04 01:11:12,494 - INFO - Starting IMMORTAL Discord Community Global Launcher... 💎
💎 2025-08-04 01:11:12,501 - INFO - IMMORTAL Discord bot started with PID: 23928 💎
💎 2025-08-04 01:11:12,503 - INFO - RESURRECTION SUCCESSFUL! Restart #1062 💎
💎 2025-08-04 01:11:12,503 - INFO - Resurrection successful! Guardian continues... 💎
💎 2025-08-04 01:11:42,504 - WARNING - Bot is dead! Resurrection attempt #1063 💎
💎 2025-08-04 01:11:42,505 - WARNING - Bot has died! RESURRECTING... 💎
💎 2025-08-04 01:11:52,506 - INFO - Starting IMMORTAL Discord Community Global Launcher... 💎
💎 2025-08-04 01:11:52,513 - INFO - IMMORTAL Discord bot started with PID: 20588 💎
💎 2025-08-04 01:11:52,514 - INFO - RESURRECTION SUCCESSFUL! Restart #1063 💎
💎 2025-08-04 01:11:52,515 - INFO - Resurrection successful! Guardian continues... 💎
💎 2025-08-04 01:11:56,862 - INFO - IMMORTAL STATUS: Bot restarts: 1063 💎
💎 2025-08-04 01:12:22,516 - WARNING - Bot is dead! Resurrection attempt #1064 💎
💎 2025-08-04 01:12:22,516 - WARNING - Bot has died! RESURRECTING... 💎
💎 2025-08-04 01:12:32,517 - INFO - Starting IMMORTAL Discord Community Global Launcher... 💎
💎 2025-08-04 01:12:32,526 - INFO - IMMORTAL Discord bot started with PID: 23392 💎
💎 2025-08-04 01:12:32,528 - INFO - RESURRECTION SUCCESSFUL! Restart #1064 💎
💎 2025-08-04 01:12:32,528 - INFO - Resurrection successful! Guardian continues... 💎
💎 2025-08-04 01:12:56,863 - INFO - IMMORTAL STATUS: Bot restarts: 1064 💎
💎 2025-08-04 01:13:02,529 - WARNING - Bot is dead! Resurrection attempt #1065 💎
💎 2025-08-04 01:13:02,530 - WARNING - Bot has died! RESURRECTING... 💎
💎 2025-08-04 01:13:12,531 - INFO - Starting IMMORTAL Discord Community Global Launcher... 💎
💎 2025-08-04 01:13:12,540 - INFO - IMMORTAL Discord bot started with PID: 23656 💎
💎 2025-08-04 01:13:12,542 - INFO - RESURRECTION SUCCESSFUL! Restart #1065 💎
💎 2025-08-04 01:13:12,542 - INFO - Resurrection successful! Guardian continues... 💎
💎 2025-08-04 01:13:42,543 - WARNING - Bot is dead! Resurrection attempt #1066 💎
💎 2025-08-04 01:13:42,544 - WARNING - Bot has died! RESURRECTING... 💎
💎 2025-08-04 01:13:52,544 - INFO - Starting IMMORTAL Discord Community Global Launcher... 💎
💎 2025-08-04 01:13:52,553 - INFO - IMMORTAL Discord bot started with PID: 13188 💎
💎 2025-08-04 01:13:52,554 - INFO - RESURRECTION SUCCESSFUL! Restart #1066 💎
💎 2025-08-04 01:13:52,554 - INFO - Resurrection successful! Guardian continues... 💎
💎 2025-08-04 01:13:56,864 - INFO - IMMORTAL STATUS: Bot restarts: 1066 💎
💎 2025-08-04 01:14:22,555 - WARNING - Bot is dead! Resurrection attempt #1067 💎
💎 2025-08-04 01:14:22,556 - WARNING - Bot has died! RESURRECTING... 💎
💎 2025-08-04 01:14:32,556 - INFO - Starting IMMORTAL Discord Community Global Launcher... 💎
💎 2025-08-04 01:14:32,565 - INFO - IMMORTAL Discord bot started with PID: 20920 💎
💎 2025-08-04 01:14:32,567 - INFO - RESURRECTION SUCCESSFUL! Restart #1067 💎
💎 2025-08-04 01:14:32,568 - INFO - Resurrection successful! Guardian continues... 💎
💎 2025-08-04 01:14:56,865 - INFO - IMMORTAL STATUS: Bot restarts: 1067 💎
💎 2025-08-04 01:15:02,569 - WARNING - Bot is dead! Resurrection attempt #1068 💎
💎 2025-08-04 01:15:02,569 - WARNING - Bot has died! RESURRECTING... 💎
💎 2025-08-04 01:15:12,570 - INFO - Starting IMMORTAL Discord Community Global Launcher... 💎
💎 2025-08-04 01:15:12,579 - INFO - IMMORTAL Discord bot started with PID: 22996 💎
💎 2025-08-04 01:15:12,581 - INFO - RESURRECTION SUCCESSFUL! Restart #1068 💎
💎 2025-08-04 01:15:12,582 - INFO - Resurrection successful! Guardian continues... 💎
💎 2025-08-04 01:15:42,583 - WARNING - Bot is dead! Resurrection attempt #1069 💎
💎 2025-08-04 01:15:42,584 - WARNING - Bot has died! RESURRECTING... 💎
💎 2025-08-04 01:15:52,585 - INFO - Starting IMMORTAL Discord Community Global Launcher... 💎
💎 2025-08-04 01:15:52,594 - INFO - IMMORTAL Discord bot started with PID: 23768 💎
💎 2025-08-04 01:15:52,596 - INFO - RESURRECTION SUCCESSFUL! Restart #1069 💎
💎 2025-08-04 01:15:52,597 - INFO - Resurrection successful! Guardian continues... 💎
💎 2025-08-04 01:15:56,866 - INFO - IMMORTAL STATUS: Bot restarts: 1069 💎
💎 2025-08-04 01:16:22,598 - WARNING - Bot is dead! Resurrection attempt #1070 💎
💎 2025-08-04 01:16:22,598 - WARNING - Bot has died! RESURRECTING... 💎
💎 2025-08-04 01:16:32,599 - INFO - Starting IMMORTAL Discord Community Global Launcher... 💎
💎 2025-08-04 01:16:32,609 - INFO - IMMORTAL Discord bot started with PID: 7060 💎
💎 2025-08-04 01:16:32,610 - INFO - RESURRECTION SUCCESSFUL! Restart #1070 💎
💎 2025-08-04 01:16:32,612 - INFO - Resurrection successful! Guardian continues... 💎
💎 2025-08-04 01:16:56,867 - INFO - IMMORTAL STATUS: Bot restarts: 1070 💎
💎 2025-08-04 01:17:02,613 - WARNING - Bot is dead! Resurrection attempt #1071 💎
💎 2025-08-04 01:17:02,613 - WARNING - Bot has died! RESURRECTING... 💎
💎 2025-08-04 01:17:12,614 - INFO - Starting IMMORTAL Discord Community Global Launcher... 💎
💎 2025-08-04 01:17:12,623 - INFO - IMMORTAL Discord bot started with PID: 24136 💎
💎 2025-08-04 01:17:12,624 - INFO - RESURRECTION SUCCESSFUL! Restart #1071 💎
💎 2025-08-04 01:17:12,625 - INFO - Resurrection successful! Guardian continues... 💎
💎 2025-08-04 01:17:42,626 - WARNING - Bot is dead! Resurrection attempt #1072 💎
💎 2025-08-04 01:17:42,628 - WARNING - Bot has died! RESURRECTING... 💎
💎 2025-08-04 01:17:52,634 - INFO - Starting IMMORTAL Discord Community Global Launcher... 💎
💎 2025-08-04 01:17:52,645 - INFO - IMMORTAL Discord bot started with PID: 23024 💎
💎 2025-08-04 01:17:52,648 - INFO - RESURRECTION SUCCESSFUL! Restart #1072 💎
💎 2025-08-04 01:17:52,648 - INFO - Resurrection successful! Guardian continues... 💎
💎 2025-08-04 01:17:56,868 - INFO - IMMORTAL STATUS: Bot restarts: 1072 💎
💎 2025-08-04 01:18:22,649 - WARNING - Bot is dead! Resurrection attempt #1073 💎
💎 2025-08-04 01:18:22,650 - WARNING - Bot has died! RESURRECTING... 💎
💎 2025-08-04 01:18:32,651 - INFO - Starting IMMORTAL Discord Community Global Launcher... 💎
💎 2025-08-04 01:18:32,669 - INFO - IMMORTAL Discord bot started with PID: 23812 💎
💎 2025-08-04 01:18:32,671 - INFO - RESURRECTION SUCCESSFUL! Restart #1073 💎
💎 2025-08-04 01:18:32,676 - INFO - Resurrection successful! Guardian continues... 💎
💎 2025-08-04 01:18:56,870 - INFO - IMMORTAL STATUS: Bot restarts: 1073 💎
💎 2025-08-04 01:19:02,677 - WARNING - Bot is dead! Resurrection attempt #1074 💎
💎 2025-08-04 01:19:02,678 - WARNING - Bot has died! RESURRECTING... 💎
💎 2025-08-04 01:19:12,679 - INFO - Starting IMMORTAL Discord Community Global Launcher... 💎
💎 2025-08-04 01:19:12,689 - INFO - IMMORTAL Discord bot started with PID: 21176 💎
💎 2025-08-04 01:19:12,693 - INFO - RESURRECTION SUCCESSFUL! Restart #1074 💎
💎 2025-08-04 01:19:12,696 - INFO - Resurrection successful! Guardian continues... 💎
💎 2025-08-04 01:19:42,697 - WARNING - Bot is dead! Resurrection attempt #1075 💎
💎 2025-08-04 01:19:42,698 - WARNING - Bot has died! RESURRECTING... 💎
💎 2025-08-04 01:19:52,699 - INFO - Starting IMMORTAL Discord Community Global Launcher... 💎
💎 2025-08-04 01:19:52,710 - INFO - IMMORTAL Discord bot started with PID: 19576 💎
💎 2025-08-04 01:19:52,713 - INFO - RESURRECTION SUCCESSFUL! Restart #1075 💎
💎 2025-08-04 01:19:52,713 - INFO - Resurrection successful! Guardian continues... 💎
💎 2025-08-04 01:19:56,871 - INFO - IMMORTAL STATUS: Bot restarts: 1075 💎
💎 2025-08-04 01:20:22,715 - WARNING - Bot is dead! Resurrection attempt #1076 💎
💎 2025-08-04 01:20:22,716 - WARNING - Bot has died! RESURRECTING... 💎
💎 2025-08-04 01:20:32,718 - INFO - Starting IMMORTAL Discord Community Global Launcher... 💎
💎 2025-08-04 01:20:32,726 - INFO - IMMORTAL Discord bot started with PID: 23948 💎
💎 2025-08-04 01:20:32,727 - INFO - RESURRECTION SUCCESSFUL! Restart #1076 💎
💎 2025-08-04 01:20:32,727 - INFO - Resurrection successful! Guardian continues... 💎
💎 2025-08-04 01:20:56,871 - INFO - IMMORTAL STATUS: Bot restarts: 1076 💎
💎 2025-08-04 01:21:02,728 - WARNING - Bot is dead! Resurrection attempt #1077 💎
💎 2025-08-04 01:21:02,728 - WARNING - Bot has died! RESURRECTING... 💎
💎 2025-08-04 01:21:12,729 - INFO - Starting IMMORTAL Discord Community Global Launcher... 💎
💎 2025-08-04 01:21:12,737 - INFO - IMMORTAL Discord bot started with PID: 13188 💎
💎 2025-08-04 01:21:12,738 - INFO - RESURRECTION SUCCESSFUL! Restart #1077 💎
💎 2025-08-04 01:21:12,739 - INFO - Resurrection successful! Guardian continues... 💎
💎 2025-08-04 01:21:42,740 - WARNING - Bot is dead! Resurrection attempt #1078 💎
💎 2025-08-04 01:21:42,740 - WARNING - Bot has died! RESURRECTING... 💎
💎 2025-08-04 01:21:52,741 - INFO - Starting IMMORTAL Discord Community Global Launcher... 💎
💎 2025-08-04 01:21:52,750 - INFO - IMMORTAL Discord bot started with PID: 11208 💎
💎 2025-08-04 01:21:52,751 - INFO - RESURRECTION SUCCESSFUL! Restart #1078 💎
💎 2025-08-04 01:21:52,752 - INFO - Resurrection successful! Guardian continues... 💎
💎 2025-08-04 01:21:56,872 - INFO - IMMORTAL STATUS: Bot restarts: 1078 💎
💎 2025-08-04 01:22:22,752 - WARNING - Bot is dead! Resurrection attempt #1079 💎
💎 2025-08-04 01:22:22,753 - WARNING - Bot has died! RESURRECTING... 💎
💎 2025-08-04 01:22:32,754 - INFO - Starting IMMORTAL Discord Community Global Launcher... 💎
💎 2025-08-04 01:22:32,762 - INFO - IMMORTAL Discord bot started with PID: 7060 💎
💎 2025-08-04 01:22:32,763 - INFO - RESURRECTION SUCCESSFUL! Restart #1079 💎
💎 2025-08-04 01:22:32,764 - INFO - Resurrection successful! Guardian continues... 💎
💎 2025-08-04 01:22:56,873 - INFO - IMMORTAL STATUS: Bot restarts: 1079 💎
💎 2025-08-04 01:23:02,765 - WARNING - Bot is dead! Resurrection attempt #1080 💎
💎 2025-08-04 01:23:02,765 - WARNING - Bot has died! RESURRECTING... 💎
💎 2025-08-04 01:23:12,766 - INFO - Starting IMMORTAL Discord Community Global Launcher... 💎
💎 2025-08-04 01:23:12,776 - INFO - IMMORTAL Discord bot started with PID: 12020 💎
💎 2025-08-04 01:23:12,778 - INFO - RESURRECTION SUCCESSFUL! Restart #1080 💎
💎 2025-08-04 01:23:12,779 - INFO - Resurrection successful! Guardian continues... 💎
💎 2025-08-04 01:23:42,780 - WARNING - Bot is dead! Resurrection attempt #1081 💎
💎 2025-08-04 01:23:42,781 - WARNING - Bot has died! RESURRECTING... 💎
💎 2025-08-04 01:23:52,781 - INFO - Starting IMMORTAL Discord Community Global Launcher... 💎
💎 2025-08-04 01:23:52,790 - INFO - IMMORTAL Discord bot started with PID: 22300 💎
💎 2025-08-04 01:23:52,791 - INFO - RESURRECTION SUCCESSFUL! Restart #1081 💎
💎 2025-08-04 01:23:52,792 - INFO - Resurrection successful! Guardian continues... 💎
💎 2025-08-04 01:23:56,874 - INFO - IMMORTAL STATUS: Bot restarts: 1081 💎
💎 2025-08-04 01:24:22,793 - WARNING - Bot is dead! Resurrection attempt #1082 💎
💎 2025-08-04 01:24:22,793 - WARNING - Bot has died! RESURRECTING... 💎
💎 2025-08-04 01:24:32,794 - INFO - Starting IMMORTAL Discord Community Global Launcher... 💎
💎 2025-08-04 01:24:32,801 - INFO - IMMORTAL Discord bot started with PID: 20920 💎
💎 2025-08-04 01:24:32,802 - INFO - RESURRECTION SUCCESSFUL! Restart #1082 💎
💎 2025-08-04 01:24:32,803 - INFO - Resurrection successful! Guardian continues... 💎
💎 2025-08-04 01:24:56,875 - INFO - IMMORTAL STATUS: Bot restarts: 1082 💎
💎 2025-08-04 01:25:02,804 - WARNING - Bot is dead! Resurrection attempt #1083 💎
💎 2025-08-04 01:25:02,804 - WARNING - Bot has died! RESURRECTING... 💎
💎 2025-08-04 01:25:12,805 - INFO - Starting IMMORTAL Discord Community Global Launcher... 💎
💎 2025-08-04 01:25:12,814 - INFO - IMMORTAL Discord bot started with PID: 22788 💎
💎 2025-08-04 01:25:12,816 - INFO - RESURRECTION SUCCESSFUL! Restart #1083 💎
💎 2025-08-04 01:25:12,817 - INFO - Resurrection successful! Guardian continues... 💎
💎 2025-08-04 01:25:42,818 - WARNING - Bot is dead! Resurrection attempt #1084 💎
💎 2025-08-04 01:25:42,818 - WARNING - Bot has died! RESURRECTING... 💎
💎 2025-08-04 01:25:52,819 - INFO - Starting IMMORTAL Discord Community Global Launcher... 💎
💎 2025-08-04 01:25:52,827 - INFO - IMMORTAL Discord bot started with PID: 23428 💎
💎 2025-08-04 01:25:52,828 - INFO - RESURRECTION SUCCESSFUL! Restart #1084 💎
💎 2025-08-04 01:25:52,829 - INFO - Resurrection successful! Guardian continues... 💎
💎 2025-08-04 01:25:56,876 - INFO - IMMORTAL STATUS: Bot restarts: 1084 💎
💎 2025-08-04 01:26:22,830 - WARNING - Bot is dead! Resurrection attempt #1085 💎
💎 2025-08-04 01:26:22,830 - WARNING - Bot has died! RESURRECTING... 💎
💎 2025-08-04 01:26:32,831 - INFO - Starting IMMORTAL Discord Community Global Launcher... 💎
💎 2025-08-04 01:26:32,846 - INFO - IMMORTAL Discord bot started with PID: 17348 💎
💎 2025-08-04 01:26:32,847 - INFO - RESURRECTION SUCCESSFUL! Restart #1085 💎
💎 2025-08-04 01:26:32,847 - INFO - Resurrection successful! Guardian continues... 💎
💎 2025-08-04 01:26:56,877 - INFO - IMMORTAL STATUS: Bot restarts: 1085 💎
💎 2025-08-04 01:27:02,848 - WARNING - Bot is dead! Resurrection attempt #1086 💎
💎 2025-08-04 01:27:02,848 - WARNING - Bot has died! RESURRECTING... 💎
💎 2025-08-04 01:27:12,849 - INFO - Starting IMMORTAL Discord Community Global Launcher... 💎
💎 2025-08-04 01:27:12,856 - INFO - IMMORTAL Discord bot started with PID: 6668 💎
💎 2025-08-04 01:27:12,859 - INFO - RESURRECTION SUCCESSFUL! Restart #1086 💎
💎 2025-08-04 01:27:12,859 - INFO - Resurrection successful! Guardian continues... 💎
💎 2025-08-04 01:27:42,860 - WARNING - Bot is dead! Resurrection attempt #1087 💎
💎 2025-08-04 01:27:42,861 - WARNING - Bot has died! RESURRECTING... 💎
💎 2025-08-04 01:27:52,861 - INFO - Starting IMMORTAL Discord Community Global Launcher... 💎
💎 2025-08-04 01:27:52,871 - INFO - IMMORTAL Discord bot started with PID: 21952 💎
💎 2025-08-04 01:27:52,873 - INFO - RESURRECTION SUCCESSFUL! Restart #1087 💎
💎 2025-08-04 01:27:52,873 - INFO - Resurrection successful! Guardian continues... 💎
💎 2025-08-04 01:27:56,878 - INFO - IMMORTAL STATUS: Bot restarts: 1087 💎
💎 2025-08-04 01:28:22,874 - WARNING - Bot is dead! Resurrection attempt #1088 💎
💎 2025-08-04 01:28:22,875 - WARNING - Bot has died! RESURRECTING... 💎
💎 2025-08-04 01:28:32,875 - INFO - Starting IMMORTAL Discord Community Global Launcher... 💎
💎 2025-08-04 01:28:32,883 - INFO - IMMORTAL Discord bot started with PID: 7000 💎
💎 2025-08-04 01:28:32,884 - INFO - RESURRECTION SUCCESSFUL! Restart #1088 💎
💎 2025-08-04 01:28:32,885 - INFO - Resurrection successful! Guardian continues... 💎
💎 2025-08-04 01:28:56,879 - INFO - IMMORTAL STATUS: Bot restarts: 1088 💎
💎 2025-08-04 01:29:02,886 - WARNING - Bot is dead! Resurrection attempt #1089 💎
💎 2025-08-04 01:29:02,886 - WARNING - Bot has died! RESURRECTING... 💎
💎 2025-08-04 01:29:12,887 - INFO - Starting IMMORTAL Discord Community Global Launcher... 💎
💎 2025-08-04 01:29:12,895 - INFO - IMMORTAL Discord bot started with PID: 23144 💎
💎 2025-08-04 01:29:12,896 - INFO - RESURRECTION SUCCESSFUL! Restart #1089 💎
💎 2025-08-04 01:29:12,897 - INFO - Resurrection successful! Guardian continues... 💎
💎 2025-08-04 01:29:42,898 - WARNING - Bot is dead! Resurrection attempt #1090 💎
💎 2025-08-04 01:29:42,899 - WARNING - Bot has died! RESURRECTING... 💎
💎 2025-08-04 01:29:52,899 - INFO - Starting IMMORTAL Discord Community Global Launcher... 💎
💎 2025-08-04 01:29:52,907 - INFO - IMMORTAL Discord bot started with PID: 18184 💎
💎 2025-08-04 01:29:52,909 - INFO - RESURRECTION SUCCESSFUL! Restart #1090 💎
💎 2025-08-04 01:29:52,910 - INFO - Resurrection successful! Guardian continues... 💎
💎 2025-08-04 01:29:56,879 - INFO - IMMORTAL STATUS: Bot restarts: 1090 💎
💎 2025-08-04 01:30:22,911 - WARNING - Bot is dead! Resurrection attempt #1091 💎
💎 2025-08-04 01:30:22,911 - WARNING - Bot has died! RESURRECTING... 💎
💎 2025-08-04 01:30:32,912 - INFO - Starting IMMORTAL Discord Community Global Launcher... 💎
💎 2025-08-04 01:30:32,919 - INFO - IMMORTAL Discord bot started with PID: 23908 💎
💎 2025-08-04 01:30:32,921 - INFO - RESURRECTION SUCCESSFUL! Restart #1091 💎
💎 2025-08-04 01:30:32,921 - INFO - Resurrection successful! Guardian continues... 💎
💎 2025-08-04 01:30:56,880 - INFO - IMMORTAL STATUS: Bot restarts: 1091 💎
💎 2025-08-04 01:31:02,922 - WARNING - Bot is dead! Resurrection attempt #1092 💎
💎 2025-08-04 01:31:02,922 - WARNING - Bot has died! RESURRECTING... 💎
💎 2025-08-04 01:31:12,923 - INFO - Starting IMMORTAL Discord Community Global Launcher... 💎
💎 2025-08-04 01:31:12,931 - INFO - IMMORTAL Discord bot started with PID: 12448 💎
💎 2025-08-04 01:31:12,932 - INFO - RESURRECTION SUCCESSFUL! Restart #1092 💎
💎 2025-08-04 01:31:12,933 - INFO - Resurrection successful! Guardian continues... 💎
💎 2025-08-04 01:31:42,934 - WARNING - Bot is dead! Resurrection attempt #1093 💎
💎 2025-08-04 01:31:42,934 - WARNING - Bot has died! RESURRECTING... 💎
💎 2025-08-04 01:31:52,935 - INFO - Starting IMMORTAL Discord Community Global Launcher... 💎
💎 2025-08-04 01:31:52,943 - INFO - IMMORTAL Discord bot started with PID: 20624 💎
💎 2025-08-04 01:31:52,944 - INFO - RESURRECTION SUCCESSFUL! Restart #1093 💎
💎 2025-08-04 01:31:52,945 - INFO - Resurrection successful! Guardian continues... 💎
💎 2025-08-04 01:31:56,881 - INFO - IMMORTAL STATUS: Bot restarts: 1093 💎
💎 2025-08-04 01:32:22,946 - WARNING - Bot is dead! Resurrection attempt #1094 💎
💎 2025-08-04 01:32:22,946 - WARNING - Bot has died! RESURRECTING... 💎
💎 2025-08-04 01:32:32,947 - INFO - Starting IMMORTAL Discord Community Global Launcher... 💎
💎 2025-08-04 01:32:32,955 - INFO - IMMORTAL Discord bot started with PID: 22424 💎
💎 2025-08-04 01:32:32,956 - INFO - RESURRECTION SUCCESSFUL! Restart #1094 💎
💎 2025-08-04 01:32:32,957 - INFO - Resurrection successful! Guardian continues... 💎
💎 2025-08-04 01:32:56,882 - INFO - IMMORTAL STATUS: Bot restarts: 1094 💎
💎 2025-08-04 01:33:02,958 - WARNING - Bot is dead! Resurrection attempt #1095 💎
💎 2025-08-04 01:33:02,958 - WARNING - Bot has died! RESURRECTING... 💎
💎 2025-08-04 01:33:12,959 - INFO - Starting IMMORTAL Discord Community Global Launcher... 💎
💎 2025-08-04 01:33:12,966 - INFO - IMMORTAL Discord bot started with PID: 21440 💎
💎 2025-08-04 01:33:12,967 - INFO - RESURRECTION SUCCESSFUL! Restart #1095 💎
💎 2025-08-04 01:33:12,968 - INFO - Resurrection successful! Guardian continues... 💎
💎 2025-08-04 01:33:42,969 - WARNING - Bot is dead! Resurrection attempt #1096 💎
💎 2025-08-04 01:33:42,970 - WARNING - Bot has died! RESURRECTING... 💎
💎 2025-08-04 01:33:52,970 - INFO - Starting IMMORTAL Discord Community Global Launcher... 💎
💎 2025-08-04 01:33:52,979 - INFO - IMMORTAL Discord bot started with PID: 20192 💎
💎 2025-08-04 01:33:52,981 - INFO - RESURRECTION SUCCESSFUL! Restart #1096 💎
💎 2025-08-04 01:33:52,982 - INFO - Resurrection successful! Guardian continues... 💎
💎 2025-08-04 01:33:56,883 - INFO - IMMORTAL STATUS: Bot restarts: 1096 💎
💎 2025-08-04 01:34:22,983 - WARNING - Bot is dead! Resurrection attempt #1097 💎
💎 2025-08-04 01:34:22,984 - WARNING - Bot has died! RESURRECTING... 💎
💎 2025-08-04 01:34:32,985 - INFO - Starting IMMORTAL Discord Community Global Launcher... 💎
💎 2025-08-04 01:34:32,993 - INFO - IMMORTAL Discord bot started with PID: 9272 💎
💎 2025-08-04 01:34:32,995 - INFO - RESURRECTION SUCCESSFUL! Restart #1097 💎
💎 2025-08-04 01:34:32,995 - INFO - Resurrection successful! Guardian continues... 💎
💎 2025-08-04 01:34:56,884 - INFO - IMMORTAL STATUS: Bot restarts: 1097 💎
💎 2025-08-04 01:35:02,997 - WARNING - Bot is dead! Resurrection attempt #1098 💎
💎 2025-08-04 01:35:02,998 - WARNING - Bot has died! RESURRECTING... 💎
💎 2025-08-04 01:35:12,999 - INFO - Starting IMMORTAL Discord Community Global Launcher... 💎
💎 2025-08-04 01:35:13,007 - INFO - IMMORTAL Discord bot started with PID: 20704 💎
💎 2025-08-04 01:35:13,009 - INFO - RESURRECTION SUCCESSFUL! Restart #1098 💎
💎 2025-08-04 01:35:13,010 - INFO - Resurrection successful! Guardian continues... 💎
💎 2025-08-04 01:35:43,012 - WARNING - Bot is dead! Resurrection attempt #1099 💎
💎 2025-08-04 01:35:43,012 - WARNING - Bot has died! RESURRECTING... 💎
💎 2025-08-04 01:35:53,013 - INFO - Starting IMMORTAL Discord Community Global Launcher... 💎
💎 2025-08-04 01:35:53,021 - INFO - IMMORTAL Discord bot started with PID: 20584 💎
💎 2025-08-04 01:35:53,023 - INFO - RESURRECTION SUCCESSFUL! Restart #1099 💎
💎 2025-08-04 01:35:53,023 - INFO - Resurrection successful! Guardian continues... 💎
💎 2025-08-04 01:35:56,884 - INFO - IMMORTAL STATUS: Bot restarts: 1099 💎
💎 2025-08-04 01:36:23,036 - WARNING - Bot is dead! Resurrection attempt #1100 💎
💎 2025-08-04 01:36:23,037 - WARNING - Bot has died! RESURRECTING... 💎
💎 2025-08-04 01:36:33,038 - INFO - Starting IMMORTAL Discord Community Global Launcher... 💎
💎 2025-08-04 01:36:33,048 - INFO - IMMORTAL Discord bot started with PID: 23224 💎
💎 2025-08-04 01:36:33,049 - INFO - RESURRECTION SUCCESSFUL! Restart #1100 💎
💎 2025-08-04 01:36:33,050 - INFO - Resurrection successful! Guardian continues... 💎
💎 2025-08-04 01:36:56,904 - INFO - IMMORTAL STATUS: Bot restarts: 1100 💎
💎 2025-08-04 01:37:03,051 - WARNING - Bot is dead! Resurrection attempt #1101 💎
💎 2025-08-04 01:37:03,051 - WARNING - Bot has died! RESURRECTING... 💎
💎 2025-08-04 01:37:13,052 - INFO - Starting IMMORTAL Discord Community Global Launcher... 💎
💎 2025-08-04 01:37:13,060 - INFO - IMMORTAL Discord bot started with PID: 3844 💎
💎 2025-08-04 01:37:13,061 - INFO - RESURRECTION SUCCESSFUL! Restart #1101 💎
💎 2025-08-04 01:37:13,062 - INFO - Resurrection successful! Guardian continues... 💎
💎 2025-08-04 01:37:43,063 - WARNING - Bot is dead! Resurrection attempt #1102 💎
💎 2025-08-04 01:37:43,063 - WARNING - Bot has died! RESURRECTING... 💎
💎 2025-08-04 01:37:53,064 - INFO - Starting IMMORTAL Discord Community Global Launcher... 💎
💎 2025-08-04 01:37:53,074 - INFO - IMMORTAL Discord bot started with PID: 23948 💎
💎 2025-08-04 01:37:53,076 - INFO - RESURRECTION SUCCESSFUL! Restart #1102 💎
💎 2025-08-04 01:37:53,076 - INFO - Resurrection successful! Guardian continues... 💎
💎 2025-08-04 01:37:56,910 - INFO - IMMORTAL STATUS: Bot restarts: 1102 💎
💎 2025-08-04 01:38:23,100 - WARNING - Bot is dead! Resurrection attempt #1103 💎
💎 2025-08-04 01:38:23,192 - WARNING - Bot has died! RESURRECTING... 💎
💎 2025-08-04 01:38:33,236 - INFO - Starting IMMORTAL Discord Community Global Launcher... 💎
💎 2025-08-04 01:38:33,245 - INFO - IMMORTAL Discord bot started with PID: 4496 💎
💎 2025-08-04 01:38:33,247 - INFO - RESURRECTION SUCCESSFUL! Restart #1103 💎
💎 2025-08-04 01:38:33,248 - INFO - Resurrection successful! Guardian continues... 💎
💎 2025-08-04 01:38:56,910 - INFO - IMMORTAL STATUS: Bot restarts: 1103 💎
💎 2025-08-04 01:39:03,249 - WARNING - Bot is dead! Resurrection attempt #1104 💎
💎 2025-08-04 01:39:03,249 - WARNING - Bot has died! RESURRECTING... 💎
💎 2025-08-04 01:39:13,250 - INFO - Starting IMMORTAL Discord Community Global Launcher... 💎
💎 2025-08-04 01:39:13,264 - INFO - IMMORTAL Discord bot started with PID: 23516 💎
💎 2025-08-04 01:39:13,268 - INFO - RESURRECTION SUCCESSFUL! Restart #1104 💎
💎 2025-08-04 01:39:13,269 - INFO - Resurrection successful! Guardian continues... 💎
💎 2025-08-04 01:39:43,270 - WARNING - Bot is dead! Resurrection attempt #1105 💎
💎 2025-08-04 01:39:43,270 - WARNING - Bot has died! RESURRECTING... 💎
💎 2025-08-04 01:39:53,271 - INFO - Starting IMMORTAL Discord Community Global Launcher... 💎
💎 2025-08-04 01:39:53,279 - INFO - IMMORTAL Discord bot started with PID: 23044 💎
💎 2025-08-04 01:39:53,281 - INFO - RESURRECTION SUCCESSFUL! Restart #1105 💎
💎 2025-08-04 01:39:53,282 - INFO - Resurrection successful! Guardian continues... 💎
💎 2025-08-04 01:39:56,911 - INFO - IMMORTAL STATUS: Bot restarts: 1105 💎
💎 2025-08-04 01:40:23,283 - WARNING - Bot is dead! Resurrection attempt #1106 💎
💎 2025-08-04 01:40:23,284 - WARNING - Bot has died! RESURRECTING... 💎
💎 2025-08-04 01:40:33,284 - INFO - Starting IMMORTAL Discord Community Global Launcher... 💎
💎 2025-08-04 01:40:33,292 - INFO - IMMORTAL Discord bot started with PID: 7060 💎
💎 2025-08-04 01:40:33,293 - INFO - RESURRECTION SUCCESSFUL! Restart #1106 💎
💎 2025-08-04 01:40:33,294 - INFO - Resurrection successful! Guardian continues... 💎
💎 2025-08-04 01:40:56,913 - INFO - IMMORTAL STATUS: Bot restarts: 1106 💎
💎 2025-08-04 01:41:03,295 - WARNING - Bot is dead! Resurrection attempt #1107 💎
💎 2025-08-04 01:41:03,295 - WARNING - Bot has died! RESURRECTING... 💎
💎 2025-08-04 01:41:13,296 - INFO - Starting IMMORTAL Discord Community Global Launcher... 💎
💎 2025-08-04 01:41:13,305 - INFO - IMMORTAL Discord bot started with PID: 23192 💎
💎 2025-08-04 01:41:13,308 - INFO - RESURRECTION SUCCESSFUL! Restart #1107 💎
💎 2025-08-04 01:41:13,308 - INFO - Resurrection successful! Guardian continues... 💎
💎 2025-08-04 01:41:43,309 - WARNING - Bot is dead! Resurrection attempt #1108 💎
💎 2025-08-04 01:41:43,310 - WARNING - Bot has died! RESURRECTING... 💎
💎 2025-08-04 01:41:53,310 - INFO - Starting IMMORTAL Discord Community Global Launcher... 💎
💎 2025-08-04 01:41:53,319 - INFO - IMMORTAL Discord bot started with PID: 23172 💎
💎 2025-08-04 01:41:53,321 - INFO - RESURRECTION SUCCESSFUL! Restart #1108 💎
💎 2025-08-04 01:41:53,321 - INFO - Resurrection successful! Guardian continues... 💎
💎 2025-08-04 01:41:56,913 - INFO - IMMORTAL STATUS: Bot restarts: 1108 💎
💎 2025-08-04 01:42:23,322 - WARNING - Bot is dead! Resurrection attempt #1109 💎
💎 2025-08-04 01:42:23,322 - WARNING - Bot has died! RESURRECTING... 💎
💎 2025-08-04 01:42:33,323 - INFO - Starting IMMORTAL Discord Community Global Launcher... 💎
💎 2025-08-04 01:42:33,330 - INFO - IMMORTAL Discord bot started with PID: 23524 💎
💎 2025-08-04 01:42:33,331 - INFO - RESURRECTION SUCCESSFUL! Restart #1109 💎
💎 2025-08-04 01:42:33,332 - INFO - Resurrection successful! Guardian continues... 💎
💎 2025-08-04 01:42:56,914 - INFO - IMMORTAL STATUS: Bot restarts: 1109 💎
💎 2025-08-04 01:43:03,332 - WARNING - Bot is dead! Resurrection attempt #1110 💎
💎 2025-08-04 01:43:03,333 - WARNING - Bot has died! RESURRECTING... 💎
💎 2025-08-04 01:43:13,334 - INFO - Starting IMMORTAL Discord Community Global Launcher... 💎
💎 2025-08-04 01:43:13,348 - INFO - IMMORTAL Discord bot started with PID: 22876 💎
💎 2025-08-04 01:43:13,350 - INFO - RESURRECTION SUCCESSFUL! Restart #1110 💎
💎 2025-08-04 01:43:13,351 - INFO - Resurrection successful! Guardian continues... 💎
💎 2025-08-04 01:43:43,352 - WARNING - Bot is dead! Resurrection attempt #1111 💎
💎 2025-08-04 01:43:43,353 - WARNING - Bot has died! RESURRECTING... 💎
💎 2025-08-04 01:43:53,353 - INFO - Starting IMMORTAL Discord Community Global Launcher... 💎
💎 2025-08-04 01:43:53,361 - INFO - IMMORTAL Discord bot started with PID: 11972 💎
💎 2025-08-04 01:43:53,364 - INFO - RESURRECTION SUCCESSFUL! Restart #1111 💎
💎 2025-08-04 01:43:53,364 - INFO - Resurrection successful! Guardian continues... 💎
💎 2025-08-04 01:43:56,915 - INFO - IMMORTAL STATUS: Bot restarts: 1111 💎
💎 2025-08-04 01:44:23,366 - WARNING - Bot is dead! Resurrection attempt #1112 💎
💎 2025-08-04 01:44:23,367 - WARNING - Bot has died! RESURRECTING... 💎
💎 2025-08-04 01:44:33,367 - INFO - Starting IMMORTAL Discord Community Global Launcher... 💎
💎 2025-08-04 01:44:33,376 - INFO - IMMORTAL Discord bot started with PID: 2108 💎
💎 2025-08-04 01:44:33,377 - INFO - RESURRECTION SUCCESSFUL! Restart #1112 💎
💎 2025-08-04 01:44:33,379 - INFO - Resurrection successful! Guardian continues... 💎
💎 2025-08-04 01:44:56,915 - INFO - IMMORTAL STATUS: Bot restarts: 1112 💎
💎 2025-08-04 01:45:03,381 - WARNING - Bot is dead! Resurrection attempt #1113 💎
💎 2025-08-04 01:45:03,381 - WARNING - Bot has died! RESURRECTING... 💎
💎 2025-08-04 01:45:13,382 - INFO - Starting IMMORTAL Discord Community Global Launcher... 💎
💎 2025-08-04 01:45:13,390 - INFO - IMMORTAL Discord bot started with PID: 23024 💎
💎 2025-08-04 01:45:13,392 - INFO - RESURRECTION SUCCESSFUL! Restart #1113 💎
💎 2025-08-04 01:45:13,393 - INFO - Resurrection successful! Guardian continues... 💎
💎 2025-08-04 01:45:43,393 - WARNING - Bot is dead! Resurrection attempt #1114 💎
💎 2025-08-04 01:45:43,394 - WARNING - Bot has died! RESURRECTING... 💎
💎 2025-08-04 01:45:53,394 - INFO - Starting IMMORTAL Discord Community Global Launcher... 💎
💎 2025-08-04 01:45:53,403 - INFO - IMMORTAL Discord bot started with PID: 18336 💎
💎 2025-08-04 01:45:53,405 - INFO - RESURRECTION SUCCESSFUL! Restart #1114 💎
💎 2025-08-04 01:45:53,405 - INFO - Resurrection successful! Guardian continues... 💎
💎 2025-08-04 01:45:56,916 - INFO - IMMORTAL STATUS: Bot restarts: 1114 💎
💎 2025-08-04 01:46:23,406 - WARNING - Bot is dead! Resurrection attempt #1115 💎
💎 2025-08-04 01:46:23,407 - WARNING - Bot has died! RESURRECTING... 💎
💎 2025-08-04 01:46:33,408 - INFO - Starting IMMORTAL Discord Community Global Launcher... 💎
💎 2025-08-04 01:46:33,416 - INFO - IMMORTAL Discord bot started with PID: 23116 💎
💎 2025-08-04 01:46:33,418 - INFO - RESURRECTION SUCCESSFUL! Restart #1115 💎
💎 2025-08-04 01:46:33,419 - INFO - Resurrection successful! Guardian continues... 💎
💎 2025-08-04 01:46:56,917 - INFO - IMMORTAL STATUS: Bot restarts: 1115 💎
💎 2025-08-04 01:47:03,419 - WARNING - Bot is dead! Resurrection attempt #1116 💎
💎 2025-08-04 01:47:03,420 - WARNING - Bot has died! RESURRECTING... 💎
💎 2025-08-04 01:47:13,421 - INFO - Starting IMMORTAL Discord Community Global Launcher... 💎
💎 2025-08-04 01:47:13,430 - INFO - IMMORTAL Discord bot started with PID: 21572 💎
💎 2025-08-04 01:47:13,431 - INFO - RESURRECTION SUCCESSFUL! Restart #1116 💎
💎 2025-08-04 01:47:13,432 - INFO - Resurrection successful! Guardian continues... 💎
💎 2025-08-04 01:47:43,433 - WARNING - Bot is dead! Resurrection attempt #1117 💎
💎 2025-08-04 01:47:43,434 - WARNING - Bot has died! RESURRECTING... 💎
💎 2025-08-04 01:47:53,434 - INFO - Starting IMMORTAL Discord Community Global Launcher... 💎
💎 2025-08-04 01:47:53,443 - INFO - IMMORTAL Discord bot started with PID: 23908 💎
💎 2025-08-04 01:47:53,445 - INFO - RESURRECTION SUCCESSFUL! Restart #1117 💎
💎 2025-08-04 01:47:53,445 - INFO - Resurrection successful! Guardian continues... 💎
💎 2025-08-04 01:47:56,918 - INFO - IMMORTAL STATUS: Bot restarts: 1117 💎
💎 2025-08-04 01:48:23,446 - WARNING - Bot is dead! Resurrection attempt #1118 💎
💎 2025-08-04 01:48:23,447 - WARNING - Bot has died! RESURRECTING... 💎
💎 2025-08-04 01:48:33,448 - INFO - Starting IMMORTAL Discord Community Global Launcher... 💎
💎 2025-08-04 01:48:33,460 - INFO - IMMORTAL Discord bot started with PID: 24184 💎
💎 2025-08-04 01:48:33,461 - INFO - RESURRECTION SUCCESSFUL! Restart #1118 💎
💎 2025-08-04 01:48:33,462 - INFO - Resurrection successful! Guardian continues... 💎
💎 2025-08-04 01:48:56,918 - INFO - IMMORTAL STATUS: Bot restarts: 1118 💎
💎 2025-08-04 01:49:03,462 - WARNING - Bot is dead! Resurrection attempt #1119 💎
💎 2025-08-04 01:49:03,463 - WARNING - Bot has died! RESURRECTING... 💎
💎 2025-08-04 01:49:13,463 - INFO - Starting IMMORTAL Discord Community Global Launcher... 💎
💎 2025-08-04 01:49:13,473 - INFO - IMMORTAL Discord bot started with PID: 22128 💎
💎 2025-08-04 01:49:13,475 - INFO - RESURRECTION SUCCESSFUL! Restart #1119 💎
💎 2025-08-04 01:49:13,475 - INFO - Resurrection successful! Guardian continues... 💎
💎 2025-08-04 01:49:43,475 - WARNING - Bot is dead! Resurrection attempt #1120 💎
💎 2025-08-04 01:49:43,476 - WARNING - Bot has died! RESURRECTING... 💎
💎 2025-08-04 01:49:53,477 - INFO - Starting IMMORTAL Discord Community Global Launcher... 💎
💎 2025-08-04 01:49:53,487 - INFO - IMMORTAL Discord bot started with PID: 2472 💎
💎 2025-08-04 01:49:53,489 - INFO - RESURRECTION SUCCESSFUL! Restart #1120 💎
💎 2025-08-04 01:49:53,490 - INFO - Resurrection successful! Guardian continues... 💎
💎 2025-08-04 01:49:56,919 - INFO - IMMORTAL STATUS: Bot restarts: 1120 💎
💎 2025-08-04 01:50:23,491 - WARNING - Bot is dead! Resurrection attempt #1121 💎
💎 2025-08-04 01:50:23,492 - WARNING - Bot has died! RESURRECTING... 💎
💎 2025-08-04 01:50:33,492 - INFO - Starting IMMORTAL Discord Community Global Launcher... 💎
💎 2025-08-04 01:50:33,501 - INFO - IMMORTAL Discord bot started with PID: 19984 💎
💎 2025-08-04 01:50:33,504 - INFO - RESURRECTION SUCCESSFUL! Restart #1121 💎
💎 2025-08-04 01:50:33,504 - INFO - Resurrection successful! Guardian continues... 💎
💎 2025-08-04 01:50:56,920 - INFO - IMMORTAL STATUS: Bot restarts: 1121 💎
💎 2025-08-04 01:51:03,505 - WARNING - Bot is dead! Resurrection attempt #1122 💎
💎 2025-08-04 01:51:03,506 - WARNING - Bot has died! RESURRECTING... 💎
💎 2025-08-04 01:51:13,507 - INFO - Starting IMMORTAL Discord Community Global Launcher... 💎
💎 2025-08-04 01:51:13,514 - INFO - IMMORTAL Discord bot started with PID: 13556 💎
💎 2025-08-04 01:51:13,516 - INFO - RESURRECTION SUCCESSFUL! Restart #1122 💎
💎 2025-08-04 01:51:13,516 - INFO - Resurrection successful! Guardian continues... 💎
💎 2025-08-04 01:51:43,517 - WARNING - Bot is dead! Resurrection attempt #1123 💎
💎 2025-08-04 01:51:43,518 - WARNING - Bot has died! RESURRECTING... 💎
💎 2025-08-04 01:51:53,518 - INFO - Starting IMMORTAL Discord Community Global Launcher... 💎
💎 2025-08-04 01:51:53,528 - INFO - IMMORTAL Discord bot started with PID: 24020 💎
💎 2025-08-04 01:51:53,529 - INFO - RESURRECTION SUCCESSFUL! Restart #1123 💎
💎 2025-08-04 01:51:53,530 - INFO - Resurrection successful! Guardian continues... 💎
💎 2025-08-04 01:51:56,921 - INFO - IMMORTAL STATUS: Bot restarts: 1123 💎
💎 2025-08-04 01:52:23,531 - WARNING - Bot is dead! Resurrection attempt #1124 💎
💎 2025-08-04 01:52:23,532 - WARNING - Bot has died! RESURRECTING... 💎
💎 2025-08-04 01:52:33,533 - INFO - Starting IMMORTAL Discord Community Global Launcher... 💎
💎 2025-08-04 01:52:33,541 - INFO - IMMORTAL Discord bot started with PID: 15164 💎
💎 2025-08-04 01:52:33,543 - INFO - RESURRECTION SUCCESSFUL! Restart #1124 💎
💎 2025-08-04 01:52:33,543 - INFO - Resurrection successful! Guardian continues... 💎
💎 2025-08-04 01:52:56,922 - INFO - IMMORTAL STATUS: Bot restarts: 1124 💎
💎 2025-08-04 01:53:03,544 - WARNING - Bot is dead! Resurrection attempt #1125 💎
💎 2025-08-04 01:53:03,545 - WARNING - Bot has died! RESURRECTING... 💎
💎 2025-08-04 01:53:13,545 - INFO - Starting IMMORTAL Discord Community Global Launcher... 💎
💎 2025-08-04 01:53:13,553 - INFO - IMMORTAL Discord bot started with PID: 16112 💎
💎 2025-08-04 01:53:13,555 - INFO - RESURRECTION SUCCESSFUL! Restart #1125 💎
💎 2025-08-04 01:53:13,556 - INFO - Resurrection successful! Guardian continues... 💎
💎 2025-08-04 01:53:43,557 - WARNING - Bot is dead! Resurrection attempt #1126 💎
💎 2025-08-04 01:53:43,558 - WARNING - Bot has died! RESURRECTING... 💎
💎 2025-08-04 01:53:53,558 - INFO - Starting IMMORTAL Discord Community Global Launcher... 💎
💎 2025-08-04 01:53:53,568 - INFO - IMMORTAL Discord bot started with PID: 22696 💎
💎 2025-08-04 01:53:53,569 - INFO - RESURRECTION SUCCESSFUL! Restart #1126 💎
💎 2025-08-04 01:53:53,570 - INFO - Resurrection successful! Guardian continues... 💎
💎 2025-08-04 01:53:56,923 - INFO - IMMORTAL STATUS: Bot restarts: 1126 💎
💎 2025-08-04 01:54:23,570 - WARNING - Bot is dead! Resurrection attempt #1127 💎
💎 2025-08-04 01:54:23,571 - WARNING - Bot has died! RESURRECTING... 💎
💎 2025-08-04 01:54:33,572 - INFO - Starting IMMORTAL Discord Community Global Launcher... 💎
💎 2025-08-04 01:54:33,579 - INFO - IMMORTAL Discord bot started with PID: 20544 💎
💎 2025-08-04 01:54:33,580 - INFO - RESURRECTION SUCCESSFUL! Restart #1127 💎
💎 2025-08-04 01:54:33,581 - INFO - Resurrection successful! Guardian continues... 💎
💎 2025-08-04 01:54:56,923 - INFO - IMMORTAL STATUS: Bot restarts: 1127 💎
💎 2025-08-04 01:55:03,582 - WARNING - Bot is dead! Resurrection attempt #1128 💎
💎 2025-08-04 01:55:03,583 - WARNING - Bot has died! RESURRECTING... 💎
💎 2025-08-04 01:55:13,583 - INFO - Starting IMMORTAL Discord Community Global Launcher... 💎
💎 2025-08-04 01:55:13,592 - INFO - IMMORTAL Discord bot started with PID: 18172 💎
💎 2025-08-04 01:55:13,594 - INFO - RESURRECTION SUCCESSFUL! Restart #1128 💎
💎 2025-08-04 01:55:13,595 - INFO - Resurrection successful! Guardian continues... 💎
💎 2025-08-04 01:55:43,595 - WARNING - Bot is dead! Resurrection attempt #1129 💎
💎 2025-08-04 01:55:43,596 - WARNING - Bot has died! RESURRECTING... 💎
💎 2025-08-04 01:55:53,596 - INFO - Starting IMMORTAL Discord Community Global Launcher... 💎
💎 2025-08-04 01:55:53,604 - INFO - IMMORTAL Discord bot started with PID: 22032 💎
💎 2025-08-04 01:55:53,607 - INFO - RESURRECTION SUCCESSFUL! Restart #1129 💎
💎 2025-08-04 01:55:53,607 - INFO - Resurrection successful! Guardian continues... 💎
💎 2025-08-04 01:55:56,924 - INFO - IMMORTAL STATUS: Bot restarts: 1129 💎
💎 2025-08-04 01:56:23,608 - WARNING - Bot is dead! Resurrection attempt #1130 💎
💎 2025-08-04 01:56:23,609 - WARNING - Bot has died! RESURRECTING... 💎
💎 2025-08-04 01:56:33,609 - INFO - Starting IMMORTAL Discord Community Global Launcher... 💎
💎 2025-08-04 01:56:33,617 - INFO - IMMORTAL Discord bot started with PID: 21740 💎
💎 2025-08-04 01:56:33,619 - INFO - RESURRECTION SUCCESSFUL! Restart #1130 💎
💎 2025-08-04 01:56:33,619 - INFO - Resurrection successful! Guardian continues... 💎
💎 2025-08-04 01:56:56,925 - INFO - IMMORTAL STATUS: Bot restarts: 1130 💎
💎 2025-08-04 01:57:03,620 - WARNING - Bot is dead! Resurrection attempt #1131 💎
💎 2025-08-04 01:57:03,620 - WARNING - Bot has died! RESURRECTING... 💎
💎 2025-08-04 01:57:13,621 - INFO - Starting IMMORTAL Discord Community Global Launcher... 💎
💎 2025-08-04 01:57:13,629 - INFO - IMMORTAL Discord bot started with PID: 22804 💎
💎 2025-08-04 01:57:13,631 - INFO - RESURRECTION SUCCESSFUL! Restart #1131 💎
💎 2025-08-04 01:57:13,632 - INFO - Resurrection successful! Guardian continues... 💎
💎 2025-08-04 01:57:43,633 - WARNING - Bot is dead! Resurrection attempt #1132 💎
💎 2025-08-04 01:57:43,634 - WARNING - Bot has died! RESURRECTING... 💎
💎 2025-08-04 01:57:53,634 - INFO - Starting IMMORTAL Discord Community Global Launcher... 💎
💎 2025-08-04 01:57:53,646 - INFO - IMMORTAL Discord bot started with PID: 22796 💎
💎 2025-08-04 01:57:53,648 - INFO - RESURRECTION SUCCESSFUL! Restart #1132 💎
💎 2025-08-04 01:57:53,649 - INFO - Resurrection successful! Guardian continues... 💎
💎 2025-08-04 01:57:56,926 - INFO - IMMORTAL STATUS: Bot restarts: 1132 💎
💎 2025-08-04 01:58:23,650 - WARNING - Bot is dead! Resurrection attempt #1133 💎
💎 2025-08-04 01:58:23,650 - WARNING - Bot has died! RESURRECTING... 💎
💎 2025-08-04 01:58:33,651 - INFO - Starting IMMORTAL Discord Community Global Launcher... 💎
💎 2025-08-04 01:58:33,660 - INFO - IMMORTAL Discord bot started with PID: 10580 💎
💎 2025-08-04 01:58:33,661 - INFO - RESURRECTION SUCCESSFUL! Restart #1133 💎
💎 2025-08-04 01:58:33,662 - INFO - Resurrection successful! Guardian continues... 💎
💎 2025-08-04 01:58:56,927 - INFO - IMMORTAL STATUS: Bot restarts: 1133 💎
💎 2025-08-04 01:59:03,663 - WARNING - Bot is dead! Resurrection attempt #1134 💎
💎 2025-08-04 01:59:03,663 - WARNING - Bot has died! RESURRECTING... 💎
💎 2025-08-04 01:59:13,664 - INFO - Starting IMMORTAL Discord Community Global Launcher... 💎
💎 2025-08-04 01:59:13,672 - INFO - IMMORTAL Discord bot started with PID: 25572 💎
💎 2025-08-04 01:59:13,673 - INFO - RESURRECTION SUCCESSFUL! Restart #1134 💎
💎 2025-08-04 01:59:13,673 - INFO - Resurrection successful! Guardian continues... 💎
💎 2025-08-04 01:59:43,674 - WARNING - Bot is dead! Resurrection attempt #1135 💎
💎 2025-08-04 01:59:43,675 - WARNING - Bot has died! RESURRECTING... 💎
💎 2025-08-04 01:59:53,675 - INFO - Starting IMMORTAL Discord Community Global Launcher... 💎
💎 2025-08-04 01:59:53,685 - INFO - IMMORTAL Discord bot started with PID: 22956 💎
💎 2025-08-04 01:59:53,686 - INFO - RESURRECTION SUCCESSFUL! Restart #1135 💎
💎 2025-08-04 01:59:53,687 - INFO - Resurrection successful! Guardian continues... 💎
💎 2025-08-04 01:59:56,928 - INFO - IMMORTAL STATUS: Bot restarts: 1135 💎
💎 2025-08-04 02:00:23,688 - WARNING - Bot is dead! Resurrection attempt #1136 💎
💎 2025-08-04 02:00:23,689 - WARNING - Bot has died! RESURRECTING... 💎
💎 2025-08-04 02:00:33,689 - INFO - Starting IMMORTAL Discord Community Global Launcher... 💎
💎 2025-08-04 02:00:33,696 - INFO - IMMORTAL Discord bot started with PID: 24996 💎
💎 2025-08-04 02:00:33,698 - INFO - RESURRECTION SUCCESSFUL! Restart #1136 💎
💎 2025-08-04 02:00:33,699 - INFO - Resurrection successful! Guardian continues... 💎
💎 2025-08-04 02:00:56,929 - INFO - IMMORTAL STATUS: Bot restarts: 1136 💎
💎 2025-08-04 02:01:03,700 - WARNING - Bot is dead! Resurrection attempt #1137 💎
💎 2025-08-04 02:01:03,700 - WARNING - Bot has died! RESURRECTING... 💎
💎 2025-08-04 02:01:13,704 - INFO - Starting IMMORTAL Discord Community Global Launcher... 💎
💎 2025-08-04 02:01:13,721 - INFO - IMMORTAL Discord bot started with PID: 19384 💎
💎 2025-08-04 02:01:13,725 - INFO - RESURRECTION SUCCESSFUL! Restart #1137 💎
💎 2025-08-04 02:01:13,729 - INFO - Resurrection successful! Guardian continues... 💎
💎 2025-08-04 02:01:43,731 - WARNING - Bot is dead! Resurrection attempt #1138 💎
💎 2025-08-04 02:01:43,731 - WARNING - Bot has died! RESURRECTING... 💎
💎 2025-08-04 02:01:53,732 - INFO - Starting IMMORTAL Discord Community Global Launcher... 💎
💎 2025-08-04 02:01:53,740 - INFO - IMMORTAL Discord bot started with PID: 21132 💎
💎 2025-08-04 02:01:53,742 - INFO - RESURRECTION SUCCESSFUL! Restart #1138 💎
💎 2025-08-04 02:01:53,743 - INFO - Resurrection successful! Guardian continues... 💎
💎 2025-08-04 02:01:56,930 - INFO - IMMORTAL STATUS: Bot restarts: 1138 💎
💎 2025-08-04 02:02:23,744 - WARNING - Bot is dead! Resurrection attempt #1139 💎
💎 2025-08-04 02:02:23,744 - WARNING - Bot has died! RESURRECTING... 💎
💎 2025-08-04 02:02:33,746 - INFO - Starting IMMORTAL Discord Community Global Launcher... 💎
💎 2025-08-04 02:02:33,758 - INFO - IMMORTAL Discord bot started with PID: 19568 💎
💎 2025-08-04 02:02:33,760 - INFO - RESURRECTION SUCCESSFUL! Restart #1139 💎
💎 2025-08-04 02:02:33,767 - INFO - Resurrection successful! Guardian continues... 💎
💎 2025-08-04 02:02:56,931 - INFO - IMMORTAL STATUS: Bot restarts: 1139 💎
💎 2025-08-04 02:03:03,768 - WARNING - Bot is dead! Resurrection attempt #1140 💎
💎 2025-08-04 02:03:03,769 - WARNING - Bot has died! RESURRECTING... 💎
💎 2025-08-04 02:03:13,769 - INFO - Starting IMMORTAL Discord Community Global Launcher... 💎
💎 2025-08-04 02:03:13,779 - INFO - IMMORTAL Discord bot started with PID: 6228 💎
💎 2025-08-04 02:03:13,781 - INFO - RESURRECTION SUCCESSFUL! Restart #1140 💎
💎 2025-08-04 02:03:13,781 - INFO - Resurrection successful! Guardian continues... 💎
💎 2025-08-04 02:03:43,782 - WARNING - Bot is dead! Resurrection attempt #1141 💎
💎 2025-08-04 02:03:43,782 - WARNING - Bot has died! RESURRECTING... 💎
💎 2025-08-04 02:03:53,783 - INFO - Starting IMMORTAL Discord Community Global Launcher... 💎
💎 2025-08-04 02:03:53,797 - INFO - IMMORTAL Discord bot started with PID: 21236 💎
💎 2025-08-04 02:03:53,801 - INFO - RESURRECTION SUCCESSFUL! Restart #1141 💎
💎 2025-08-04 02:03:53,805 - INFO - Resurrection successful! Guardian continues... 💎
💎 2025-08-04 02:03:56,932 - INFO - IMMORTAL STATUS: Bot restarts: 1141 💎
💎 2025-08-04 02:04:23,808 - WARNING - Bot is dead! Resurrection attempt #1142 💎
💎 2025-08-04 02:04:23,808 - WARNING - Bot has died! RESURRECTING... 💎
💎 2025-08-04 02:04:33,809 - INFO - Starting IMMORTAL Discord Community Global Launcher... 💎
💎 2025-08-04 02:04:33,821 - INFO - IMMORTAL Discord bot started with PID: 23608 💎
💎 2025-08-04 02:04:33,827 - INFO - RESURRECTION SUCCESSFUL! Restart #1142 💎
💎 2025-08-04 02:04:33,827 - INFO - Resurrection successful! Guardian continues... 💎
💎 2025-08-04 02:04:56,932 - INFO - IMMORTAL STATUS: Bot restarts: 1142 💎
💎 2025-08-04 02:05:03,828 - WARNING - Bot is dead! Resurrection attempt #1143 💎
💎 2025-08-04 02:05:03,829 - WARNING - Bot has died! RESURRECTING... 💎
💎 2025-08-04 02:05:13,829 - INFO - Starting IMMORTAL Discord Community Global Launcher... 💎
💎 2025-08-04 02:05:13,836 - INFO - IMMORTAL Discord bot started with PID: 17428 💎
💎 2025-08-04 02:05:13,837 - INFO - RESURRECTION SUCCESSFUL! Restart #1143 💎
💎 2025-08-04 02:05:13,837 - INFO - Resurrection successful! Guardian continues... 💎
💎 2025-08-04 02:05:43,838 - WARNING - Bot is dead! Resurrection attempt #1144 💎
💎 2025-08-04 02:05:43,839 - WARNING - Bot has died! RESURRECTING... 💎
💎 2025-08-04 02:05:53,839 - INFO - Starting IMMORTAL Discord Community Global Launcher... 💎
💎 2025-08-04 02:05:53,846 - INFO - IMMORTAL Discord bot started with PID: 25112 💎
💎 2025-08-04 02:05:53,847 - INFO - RESURRECTION SUCCESSFUL! Restart #1144 💎
💎 2025-08-04 02:05:53,848 - INFO - Resurrection successful! Guardian continues... 💎
💎 2025-08-04 02:05:56,933 - INFO - IMMORTAL STATUS: Bot restarts: 1144 💎
💎 2025-08-04 02:06:23,848 - WARNING - Bot is dead! Resurrection attempt #1145 💎
💎 2025-08-04 02:06:23,849 - WARNING - Bot has died! RESURRECTING... 💎
💎 2025-08-04 02:06:33,850 - INFO - Starting IMMORTAL Discord Community Global Launcher... 💎
💎 2025-08-04 02:06:33,858 - INFO - IMMORTAL Discord bot started with PID: 24220 💎
💎 2025-08-04 02:06:33,860 - INFO - RESURRECTION SUCCESSFUL! Restart #1145 💎
💎 2025-08-04 02:06:33,861 - INFO - Resurrection successful! Guardian continues... 💎
💎 2025-08-04 02:06:56,934 - INFO - IMMORTAL STATUS: Bot restarts: 1145 💎
💎 2025-08-04 02:07:03,861 - WARNING - Bot is dead! Resurrection attempt #1146 💎
💎 2025-08-04 02:07:03,862 - WARNING - Bot has died! RESURRECTING... 💎
💎 2025-08-04 02:07:13,863 - INFO - Starting IMMORTAL Discord Community Global Launcher... 💎
💎 2025-08-04 02:07:13,870 - INFO - IMMORTAL Discord bot started with PID: 25332 💎
💎 2025-08-04 02:07:13,872 - INFO - RESURRECTION SUCCESSFUL! Restart #1146 💎
💎 2025-08-04 02:07:13,872 - INFO - Resurrection successful! Guardian continues... 💎
💎 2025-08-04 02:07:43,873 - WARNING - Bot is dead! Resurrection attempt #1147 💎
💎 2025-08-04 02:07:43,873 - WARNING - Bot has died! RESURRECTING... 💎
💎 2025-08-04 02:07:53,874 - INFO - Starting IMMORTAL Discord Community Global Launcher... 💎
💎 2025-08-04 02:07:53,882 - INFO - IMMORTAL Discord bot started with PID: 14000 💎
💎 2025-08-04 02:07:53,883 - INFO - RESURRECTION SUCCESSFUL! Restart #1147 💎
💎 2025-08-04 02:07:53,884 - INFO - Resurrection successful! Guardian continues... 💎
💎 2025-08-04 02:07:56,935 - INFO - IMMORTAL STATUS: Bot restarts: 1147 💎
💎 2025-08-04 02:08:23,885 - WARNING - Bot is dead! Resurrection attempt #1148 💎
💎 2025-08-04 02:08:23,885 - WARNING - Bot has died! RESURRECTING... 💎
💎 2025-08-04 02:08:33,886 - INFO - Starting IMMORTAL Discord Community Global Launcher... 💎
💎 2025-08-04 02:08:33,898 - INFO - IMMORTAL Discord bot started with PID: 18172 💎
💎 2025-08-04 02:08:33,899 - INFO - RESURRECTION SUCCESSFUL! Restart #1148 💎
💎 2025-08-04 02:08:33,904 - INFO - Resurrection successful! Guardian continues... 💎
💎 2025-08-04 02:08:56,936 - INFO - IMMORTAL STATUS: Bot restarts: 1148 💎
💎 2025-08-04 02:09:03,905 - WARNING - Bot is dead! Resurrection attempt #1149 💎
💎 2025-08-04 02:09:03,905 - WARNING - Bot has died! RESURRECTING... 💎
💎 2025-08-04 02:09:13,906 - INFO - Starting IMMORTAL Discord Community Global Launcher... 💎
💎 2025-08-04 02:09:13,915 - INFO - IMMORTAL Discord bot started with PID: 19948 💎
💎 2025-08-04 02:09:13,916 - INFO - RESURRECTION SUCCESSFUL! Restart #1149 💎
💎 2025-08-04 02:09:13,917 - INFO - Resurrection successful! Guardian continues... 💎
💎 2025-08-04 02:09:43,917 - WARNING - Bot is dead! Resurrection attempt #1150 💎
💎 2025-08-04 02:09:43,918 - WARNING - Bot has died! RESURRECTING... 💎
💎 2025-08-04 02:09:53,918 - INFO - Starting IMMORTAL Discord Community Global Launcher... 💎
💎 2025-08-04 02:09:53,929 - INFO - IMMORTAL Discord bot started with PID: 11816 💎
💎 2025-08-04 02:09:53,930 - INFO - RESURRECTION SUCCESSFUL! Restart #1150 💎
💎 2025-08-04 02:09:53,930 - INFO - Resurrection successful! Guardian continues... 💎
💎 2025-08-04 02:09:56,937 - INFO - IMMORTAL STATUS: Bot restarts: 1150 💎
💎 2025-08-04 02:10:23,931 - WARNING - Bot is dead! Resurrection attempt #1151 💎
💎 2025-08-04 02:10:23,932 - WARNING - Bot has died! RESURRECTING... 💎
💎 2025-08-04 02:10:33,933 - INFO - Starting IMMORTAL Discord Community Global Launcher... 💎
💎 2025-08-04 02:10:33,943 - INFO - IMMORTAL Discord bot started with PID: 11928 💎
💎 2025-08-04 02:10:33,945 - INFO - RESURRECTION SUCCESSFUL! Restart #1151 💎
💎 2025-08-04 02:10:33,946 - INFO - Resurrection successful! Guardian continues... 💎
💎 2025-08-04 02:10:56,938 - INFO - IMMORTAL STATUS: Bot restarts: 1151 💎
💎 2025-08-04 02:11:03,947 - WARNING - Bot is dead! Resurrection attempt #1152 💎
💎 2025-08-04 02:11:03,947 - WARNING - Bot has died! RESURRECTING... 💎
💎 2025-08-04 02:11:13,948 - INFO - Starting IMMORTAL Discord Community Global Launcher... 💎
💎 2025-08-04 02:11:13,957 - INFO - IMMORTAL Discord bot started with PID: 5080 💎
💎 2025-08-04 02:11:13,959 - INFO - RESURRECTION SUCCESSFUL! Restart #1152 💎
💎 2025-08-04 02:11:13,960 - INFO - Resurrection successful! Guardian continues... 💎
💎 2025-08-04 02:11:43,961 - WARNING - Bot is dead! Resurrection attempt #1153 💎
💎 2025-08-04 02:11:43,961 - WARNING - Bot has died! RESURRECTING... 💎
💎 2025-08-04 02:11:53,962 - INFO - Starting IMMORTAL Discord Community Global Launcher... 💎
💎 2025-08-04 02:11:54,033 - INFO - IMMORTAL Discord bot started with PID: 24172 💎
💎 2025-08-04 02:11:54,036 - INFO - RESURRECTION SUCCESSFUL! Restart #1153 💎
💎 2025-08-04 02:11:54,036 - INFO - Resurrection successful! Guardian continues... 💎
💎 2025-08-04 02:11:56,939 - INFO - IMMORTAL STATUS: Bot restarts: 1153 💎
💎 2025-08-04 02:12:24,038 - WARNING - Bot is dead! Resurrection attempt #1154 💎
💎 2025-08-04 02:12:24,038 - WARNING - Bot has died! RESURRECTING... 💎
💎 2025-08-04 02:12:34,039 - INFO - Starting IMMORTAL Discord Community Global Launcher... 💎
💎 2025-08-04 02:12:34,059 - INFO - IMMORTAL Discord bot started with PID: 19024 💎
💎 2025-08-04 02:12:34,062 - INFO - RESURRECTION SUCCESSFUL! Restart #1154 💎
💎 2025-08-04 02:12:34,062 - INFO - Resurrection successful! Guardian continues... 💎
💎 2025-08-04 02:12:56,941 - INFO - IMMORTAL STATUS: Bot restarts: 1154 💎
💎 2025-08-04 02:13:04,063 - WARNING - Bot is dead! Resurrection attempt #1155 💎
💎 2025-08-04 02:13:04,064 - WARNING - Bot has died! RESURRECTING... 💎
💎 2025-08-04 02:13:14,067 - INFO - Starting IMMORTAL Discord Community Global Launcher... 💎
💎 2025-08-04 02:13:14,084 - INFO - IMMORTAL Discord bot started with PID: 24796 💎
💎 2025-08-04 02:13:14,088 - INFO - RESURRECTION SUCCESSFUL! Restart #1155 💎
💎 2025-08-04 02:13:14,088 - INFO - Resurrection successful! Guardian continues... 💎
💎 2025-08-04 02:13:44,090 - WARNING - Bot is dead! Resurrection attempt #1156 💎
💎 2025-08-04 02:13:44,090 - WARNING - Bot has died! RESURRECTING... 💎
💎 2025-08-04 02:13:54,091 - INFO - Starting IMMORTAL Discord Community Global Launcher... 💎
💎 2025-08-04 02:13:54,098 - INFO - IMMORTAL Discord bot started with PID: 24488 💎
💎 2025-08-04 02:13:54,100 - INFO - RESURRECTION SUCCESSFUL! Restart #1156 💎
💎 2025-08-04 02:13:54,100 - INFO - Resurrection successful! Guardian continues... 💎
💎 2025-08-04 02:13:56,942 - INFO - IMMORTAL STATUS: Bot restarts: 1156 💎
💎 2025-08-04 02:14:24,102 - WARNING - Bot is dead! Resurrection attempt #1157 💎
💎 2025-08-04 02:14:24,102 - WARNING - Bot has died! RESURRECTING... 💎
💎 2025-08-04 02:14:34,103 - INFO - Starting IMMORTAL Discord Community Global Launcher... 💎
💎 2025-08-04 02:14:34,112 - INFO - IMMORTAL Discord bot started with PID: 25584 💎
💎 2025-08-04 02:14:34,114 - INFO - RESURRECTION SUCCESSFUL! Restart #1157 💎
💎 2025-08-04 02:14:34,114 - INFO - Resurrection successful! Guardian continues... 💎
💎 2025-08-04 02:14:56,943 - INFO - IMMORTAL STATUS: Bot restarts: 1157 💎
💎 2025-08-04 02:15:04,115 - WARNING - Bot is dead! Resurrection attempt #1158 💎
💎 2025-08-04 02:15:04,115 - WARNING - Bot has died! RESURRECTING... 💎
💎 2025-08-04 02:15:14,116 - INFO - Starting IMMORTAL Discord Community Global Launcher... 💎
💎 2025-08-04 02:15:14,123 - INFO - IMMORTAL Discord bot started with PID: 23592 💎
💎 2025-08-04 02:15:14,124 - INFO - RESURRECTION SUCCESSFUL! Restart #1158 💎
💎 2025-08-04 02:15:14,125 - INFO - Resurrection successful! Guardian continues... 💎
💎 2025-08-04 02:15:44,126 - WARNING - Bot is dead! Resurrection attempt #1159 💎
💎 2025-08-04 02:15:44,127 - WARNING - Bot has died! RESURRECTING... 💎
💎 2025-08-04 02:15:54,127 - INFO - Starting IMMORTAL Discord Community Global Launcher... 💎
💎 2025-08-04 02:15:54,138 - INFO - IMMORTAL Discord bot started with PID: 1836 💎
💎 2025-08-04 02:15:54,139 - INFO - RESURRECTION SUCCESSFUL! Restart #1159 💎
💎 2025-08-04 02:15:54,140 - INFO - Resurrection successful! Guardian continues... 💎
💎 2025-08-04 02:15:56,944 - INFO - IMMORTAL STATUS: Bot restarts: 1159 💎
💎 2025-08-04 02:16:24,141 - WARNING - Bot is dead! Resurrection attempt #1160 💎
💎 2025-08-04 02:16:24,141 - WARNING - Bot has died! RESURRECTING... 💎
💎 2025-08-04 02:16:34,142 - INFO - Starting IMMORTAL Discord Community Global Launcher... 💎
💎 2025-08-04 02:16:34,149 - INFO - IMMORTAL Discord bot started with PID: 15296 💎
💎 2025-08-04 02:16:34,150 - INFO - RESURRECTION SUCCESSFUL! Restart #1160 💎
💎 2025-08-04 02:16:34,151 - INFO - Resurrection successful! Guardian continues... 💎
💎 2025-08-04 02:16:56,945 - INFO - IMMORTAL STATUS: Bot restarts: 1160 💎
💎 2025-08-04 02:17:04,152 - WARNING - Bot is dead! Resurrection attempt #1161 💎
💎 2025-08-04 02:17:04,152 - WARNING - Bot has died! RESURRECTING... 💎
💎 2025-08-04 02:17:14,153 - INFO - Starting IMMORTAL Discord Community Global Launcher... 💎
💎 2025-08-04 02:17:14,162 - INFO - IMMORTAL Discord bot started with PID: 7656 💎
💎 2025-08-04 02:17:14,163 - INFO - RESURRECTION SUCCESSFUL! Restart #1161 💎
💎 2025-08-04 02:17:14,164 - INFO - Resurrection successful! Guardian continues... 💎
💎 2025-08-04 02:17:44,165 - WARNING - Bot is dead! Resurrection attempt #1162 💎
💎 2025-08-04 02:17:44,165 - WARNING - Bot has died! RESURRECTING... 💎
💎 2025-08-04 02:17:54,166 - INFO - Starting IMMORTAL Discord Community Global Launcher... 💎
💎 2025-08-04 02:17:54,172 - INFO - IMMORTAL Discord bot started with PID: 19680 💎
💎 2025-08-04 02:17:54,174 - INFO - RESURRECTION SUCCESSFUL! Restart #1162 💎
💎 2025-08-04 02:17:54,174 - INFO - Resurrection successful! Guardian continues... 💎
💎 2025-08-04 02:17:56,946 - INFO - IMMORTAL STATUS: Bot restarts: 1162 💎
💎 2025-08-04 02:18:24,176 - WARNING - Bot is dead! Resurrection attempt #1163 💎
💎 2025-08-04 02:18:24,176 - WARNING - Bot has died! RESURRECTING... 💎
💎 2025-08-04 02:18:34,177 - INFO - Starting IMMORTAL Discord Community Global Launcher... 💎
💎 2025-08-04 02:18:34,184 - INFO - IMMORTAL Discord bot started with PID: 15532 💎
💎 2025-08-04 02:18:34,185 - INFO - RESURRECTION SUCCESSFUL! Restart #1163 💎
💎 2025-08-04 02:18:34,186 - INFO - Resurrection successful! Guardian continues... 💎
💎 2025-08-04 02:18:56,947 - INFO - IMMORTAL STATUS: Bot restarts: 1163 💎
💎 2025-08-04 02:19:04,188 - WARNING - Bot is dead! Resurrection attempt #1164 💎
💎 2025-08-04 02:19:04,188 - WARNING - Bot has died! RESURRECTING... 💎
💎 2025-08-04 02:19:14,189 - INFO - Starting IMMORTAL Discord Community Global Launcher... 💎
💎 2025-08-04 02:19:14,198 - INFO - IMMORTAL Discord bot started with PID: 3328 💎
💎 2025-08-04 02:19:14,200 - INFO - RESURRECTION SUCCESSFUL! Restart #1164 💎
💎 2025-08-04 02:19:14,203 - INFO - Resurrection successful! Guardian continues... 💎
💎 2025-08-04 02:19:44,205 - WARNING - Bot is dead! Resurrection attempt #1165 💎
💎 2025-08-04 02:19:44,206 - WARNING - Bot has died! RESURRECTING... 💎
💎 2025-08-04 02:19:54,207 - INFO - Starting IMMORTAL Discord Community Global Launcher... 💎
💎 2025-08-04 02:19:54,215 - INFO - IMMORTAL Discord bot started with PID: 18580 💎
💎 2025-08-04 02:19:54,217 - INFO - RESURRECTION SUCCESSFUL! Restart #1165 💎
💎 2025-08-04 02:19:54,218 - INFO - Resurrection successful! Guardian continues... 💎
💎 2025-08-04 02:19:56,950 - INFO - IMMORTAL STATUS: Bot restarts: 1165 💎
💎 2025-08-04 02:20:24,219 - WARNING - Bot is dead! Resurrection attempt #1166 💎
💎 2025-08-04 02:20:24,220 - WARNING - Bot has died! RESURRECTING... 💎
💎 2025-08-04 02:20:34,220 - INFO - Starting IMMORTAL Discord Community Global Launcher... 💎
💎 2025-08-04 02:20:34,229 - INFO - IMMORTAL Discord bot started with PID: 6032 💎
💎 2025-08-04 02:20:34,231 - INFO - RESURRECTION SUCCESSFUL! Restart #1166 💎
💎 2025-08-04 02:20:34,232 - INFO - Resurrection successful! Guardian continues... 💎
💎 2025-08-04 02:20:56,951 - INFO - IMMORTAL STATUS: Bot restarts: 1166 💎
💎 2025-08-04 02:21:04,233 - WARNING - Bot is dead! Resurrection attempt #1167 💎
💎 2025-08-04 02:21:04,233 - WARNING - Bot has died! RESURRECTING... 💎
💎 2025-08-04 02:21:14,234 - INFO - Starting IMMORTAL Discord Community Global Launcher... 💎
💎 2025-08-04 02:21:14,243 - INFO - IMMORTAL Discord bot started with PID: 21412 💎
💎 2025-08-04 02:21:14,245 - INFO - RESURRECTION SUCCESSFUL! Restart #1167 💎
💎 2025-08-04 02:21:14,246 - INFO - Resurrection successful! Guardian continues... 💎
💎 2025-08-04 02:21:44,246 - WARNING - Bot is dead! Resurrection attempt #1168 💎
💎 2025-08-04 02:21:44,247 - WARNING - Bot has died! RESURRECTING... 💎
💎 2025-08-04 02:21:54,247 - INFO - Starting IMMORTAL Discord Community Global Launcher... 💎
💎 2025-08-04 02:21:54,256 - INFO - IMMORTAL Discord bot started with PID: 21072 💎
💎 2025-08-04 02:21:54,257 - INFO - RESURRECTION SUCCESSFUL! Restart #1168 💎
💎 2025-08-04 02:21:54,258 - INFO - Resurrection successful! Guardian continues... 💎
💎 2025-08-04 02:21:56,952 - INFO - IMMORTAL STATUS: Bot restarts: 1168 💎
💎 2025-08-04 02:22:24,258 - WARNING - Bot is dead! Resurrection attempt #1169 💎
💎 2025-08-04 02:22:24,261 - WARNING - Bot has died! RESURRECTING... 💎
💎 2025-08-04 02:22:34,262 - INFO - Starting IMMORTAL Discord Community Global Launcher... 💎
💎 2025-08-04 02:22:34,276 - INFO - IMMORTAL Discord bot started with PID: 8860 💎
💎 2025-08-04 02:22:34,279 - INFO - RESURRECTION SUCCESSFUL! Restart #1169 💎
💎 2025-08-04 02:22:34,280 - INFO - Resurrection successful! Guardian continues... 💎
💎 2025-08-04 02:22:56,952 - INFO - IMMORTAL STATUS: Bot restarts: 1169 💎
💎 2025-08-04 02:23:04,281 - WARNING - Bot is dead! Resurrection attempt #1170 💎
💎 2025-08-04 02:23:04,282 - WARNING - Bot has died! RESURRECTING... 💎
💎 2025-08-04 02:23:14,282 - INFO - Starting IMMORTAL Discord Community Global Launcher... 💎
💎 2025-08-04 02:23:14,291 - INFO - IMMORTAL Discord bot started with PID: 22008 💎
💎 2025-08-04 02:23:14,294 - INFO - RESURRECTION SUCCESSFUL! Restart #1170 💎
💎 2025-08-04 02:23:14,295 - INFO - Resurrection successful! Guardian continues... 💎
💎 2025-08-04 02:23:44,295 - WARNING - Bot is dead! Resurrection attempt #1171 💎
💎 2025-08-04 02:23:44,296 - WARNING - Bot has died! RESURRECTING... 💎
💎 2025-08-04 02:23:54,296 - INFO - Starting IMMORTAL Discord Community Global Launcher... 💎
💎 2025-08-04 02:23:54,304 - INFO - IMMORTAL Discord bot started with PID: 24668 💎
💎 2025-08-04 02:23:54,307 - INFO - RESURRECTION SUCCESSFUL! Restart #1171 💎
💎 2025-08-04 02:23:54,307 - INFO - Resurrection successful! Guardian continues... 💎
💎 2025-08-04 02:23:56,953 - INFO - IMMORTAL STATUS: Bot restarts: 1171 💎
💎 2025-08-04 02:24:24,308 - WARNING - Bot is dead! Resurrection attempt #1172 💎
💎 2025-08-04 02:24:24,309 - WARNING - Bot has died! RESURRECTING... 💎
💎 2025-08-04 02:24:34,310 - INFO - Starting IMMORTAL Discord Community Global Launcher... 💎
💎 2025-08-04 02:24:34,319 - INFO - IMMORTAL Discord bot started with PID: 11580 💎
💎 2025-08-04 02:24:34,321 - INFO - RESURRECTION SUCCESSFUL! Restart #1172 💎
💎 2025-08-04 02:24:34,321 - INFO - Resurrection successful! Guardian continues... 💎
💎 2025-08-04 02:24:56,954 - INFO - IMMORTAL STATUS: Bot restarts: 1172 💎
💎 2025-08-04 02:25:04,322 - WARNING - Bot is dead! Resurrection attempt #1173 💎
💎 2025-08-04 02:25:04,322 - WARNING - Bot has died! RESURRECTING... 💎
💎 2025-08-04 02:25:14,323 - INFO - Starting IMMORTAL Discord Community Global Launcher... 💎
💎 2025-08-04 02:25:14,333 - INFO - IMMORTAL Discord bot started with PID: 15200 💎
💎 2025-08-04 02:25:14,337 - INFO - RESURRECTION SUCCESSFUL! Restart #1173 💎
💎 2025-08-04 02:25:14,338 - INFO - Resurrection successful! Guardian continues... 💎
💎 2025-08-04 02:25:44,339 - WARNING - Bot is dead! Resurrection attempt #1174 💎
💎 2025-08-04 02:25:44,340 - WARNING - Bot has died! RESURRECTING... 💎
💎 2025-08-04 02:25:54,341 - INFO - Starting IMMORTAL Discord Community Global Launcher... 💎
💎 2025-08-04 02:25:54,368 - INFO - IMMORTAL Discord bot started with PID: 24972 💎
💎 2025-08-04 02:25:54,384 - INFO - RESURRECTION SUCCESSFUL! Restart #1174 💎
💎 2025-08-04 02:25:54,393 - INFO - Resurrection successful! Guardian continues... 💎
💎 2025-08-04 02:25:56,955 - INFO - IMMORTAL STATUS: Bot restarts: 1174 💎
💎 2025-08-04 02:26:24,395 - WARNING - Bot is dead! Resurrection attempt #1175 💎
💎 2025-08-04 02:26:24,401 - WARNING - Bot has died! RESURRECTING... 💎
💎 2025-08-04 02:26:34,408 - INFO - Starting IMMORTAL Discord Community Global Launcher... 💎
💎 2025-08-04 02:26:34,436 - INFO - IMMORTAL Discord bot started with PID: 22160 💎
💎 2025-08-04 02:26:34,441 - INFO - RESURRECTION SUCCESSFUL! Restart #1175 💎
💎 2025-08-04 02:26:34,442 - INFO - Resurrection successful! Guardian continues... 💎
💎 2025-08-04 02:26:56,956 - INFO - IMMORTAL STATUS: Bot restarts: 1175 💎
💎 2025-08-04 02:27:04,444 - WARNING - Bot is dead! Resurrection attempt #1176 💎
💎 2025-08-04 02:27:04,445 - WARNING - Bot has died! RESURRECTING... 💎
💎 2025-08-04 02:27:14,447 - INFO - Starting IMMORTAL Discord Community Global Launcher... 💎
💎 2025-08-04 02:27:14,460 - INFO - IMMORTAL Discord bot started with PID: 24228 💎
💎 2025-08-04 02:27:14,463 - INFO - RESURRECTION SUCCESSFUL! Restart #1176 💎
💎 2025-08-04 02:27:14,464 - INFO - Resurrection successful! Guardian continues... 💎
💎 2025-08-04 02:27:44,466 - WARNING - Bot is dead! Resurrection attempt #1177 💎
💎 2025-08-04 02:27:44,467 - WARNING - Bot has died! RESURRECTING... 💎
💎 2025-08-04 02:27:54,468 - INFO - Starting IMMORTAL Discord Community Global Launcher... 💎
💎 2025-08-04 02:27:54,481 - INFO - IMMORTAL Discord bot started with PID: 18928 💎
💎 2025-08-04 02:27:54,483 - INFO - RESURRECTION SUCCESSFUL! Restart #1177 💎
💎 2025-08-04 02:27:54,484 - INFO - Resurrection successful! Guardian continues... 💎
💎 2025-08-04 02:27:56,957 - INFO - IMMORTAL STATUS: Bot restarts: 1177 💎
💎 2025-08-04 02:28:24,485 - WARNING - Bot is dead! Resurrection attempt #1178 💎
💎 2025-08-04 02:28:24,485 - WARNING - Bot has died! RESURRECTING... 💎
💎 2025-08-04 02:28:34,486 - INFO - Starting IMMORTAL Discord Community Global Launcher... 💎
💎 2025-08-04 02:28:34,496 - INFO - IMMORTAL Discord bot started with PID: 24660 💎
💎 2025-08-04 02:28:34,498 - INFO - RESURRECTION SUCCESSFUL! Restart #1178 💎
💎 2025-08-04 02:28:34,498 - INFO - Resurrection successful! Guardian continues... 💎
💎 2025-08-04 02:28:56,958 - INFO - IMMORTAL STATUS: Bot restarts: 1178 💎
💎 2025-08-04 02:29:04,499 - WARNING - Bot is dead! Resurrection attempt #1179 💎
💎 2025-08-04 02:29:04,500 - WARNING - Bot has died! RESURRECTING... 💎
💎 2025-08-04 02:29:14,500 - INFO - Starting IMMORTAL Discord Community Global Launcher... 💎
💎 2025-08-04 02:29:14,507 - INFO - IMMORTAL Discord bot started with PID: 20128 💎
💎 2025-08-04 02:29:14,520 - INFO - RESURRECTION SUCCESSFUL! Restart #1179 💎
💎 2025-08-04 02:29:14,520 - INFO - Resurrection successful! Guardian continues... 💎
💎 2025-08-04 02:29:44,521 - WARNING - Bot is dead! Resurrection attempt #1180 💎
💎 2025-08-04 02:29:44,522 - WARNING - Bot has died! RESURRECTING... 💎
💎 2025-08-04 02:29:54,522 - INFO - Starting IMMORTAL Discord Community Global Launcher... 💎
💎 2025-08-04 02:29:54,530 - INFO - IMMORTAL Discord bot started with PID: 12484 💎
💎 2025-08-04 02:29:54,532 - INFO - RESURRECTION SUCCESSFUL! Restart #1180 💎
💎 2025-08-04 02:29:54,532 - INFO - Resurrection successful! Guardian continues... 💎
💎 2025-08-04 02:29:56,959 - INFO - IMMORTAL STATUS: Bot restarts: 1180 💎
💎 2025-08-04 02:30:24,533 - WARNING - Bot is dead! Resurrection attempt #1181 💎
💎 2025-08-04 02:30:24,533 - WARNING - Bot has died! RESURRECTING... 💎
💎 2025-08-04 02:30:34,534 - INFO - Starting IMMORTAL Discord Community Global Launcher... 💎
💎 2025-08-04 02:30:34,543 - INFO - IMMORTAL Discord bot started with PID: 23992 💎
💎 2025-08-04 02:30:34,544 - INFO - RESURRECTION SUCCESSFUL! Restart #1181 💎
💎 2025-08-04 02:30:34,545 - INFO - Resurrection successful! Guardian continues... 💎
💎 2025-08-04 02:30:56,960 - INFO - IMMORTAL STATUS: Bot restarts: 1181 💎
💎 2025-08-04 02:31:04,546 - WARNING - Bot is dead! Resurrection attempt #1182 💎
💎 2025-08-04 02:31:04,546 - WARNING - Bot has died! RESURRECTING... 💎
💎 2025-08-04 02:31:14,547 - INFO - Starting IMMORTAL Discord Community Global Launcher... 💎
💎 2025-08-04 02:31:14,555 - INFO - IMMORTAL Discord bot started with PID: 24340 💎
💎 2025-08-04 02:31:14,557 - INFO - RESURRECTION SUCCESSFUL! Restart #1182 💎
💎 2025-08-04 02:31:14,557 - INFO - Resurrection successful! Guardian continues... 💎
💎 2025-08-04 02:31:44,557 - WARNING - Bot is dead! Resurrection attempt #1183 💎
💎 2025-08-04 02:31:44,558 - WARNING - Bot has died! RESURRECTING... 💎
💎 2025-08-04 02:31:54,558 - INFO - Starting IMMORTAL Discord Community Global Launcher... 💎
💎 2025-08-04 02:31:54,567 - INFO - IMMORTAL Discord bot started with PID: 2304 💎
💎 2025-08-04 02:31:54,568 - INFO - RESURRECTION SUCCESSFUL! Restart #1183 💎
💎 2025-08-04 02:31:54,568 - INFO - Resurrection successful! Guardian continues... 💎
💎 2025-08-04 02:31:56,961 - INFO - IMMORTAL STATUS: Bot restarts: 1183 💎
💎 2025-08-04 02:32:24,569 - WARNING - Bot is dead! Resurrection attempt #1184 💎
💎 2025-08-04 02:32:24,569 - WARNING - Bot has died! RESURRECTING... 💎
💎 2025-08-04 02:32:34,570 - INFO - Starting IMMORTAL Discord Community Global Launcher... 💎
💎 2025-08-04 02:32:34,581 - INFO - IMMORTAL Discord bot started with PID: 23712 💎
💎 2025-08-04 02:32:34,582 - INFO - RESURRECTION SUCCESSFUL! Restart #1184 💎
💎 2025-08-04 02:32:34,583 - INFO - Resurrection successful! Guardian continues... 💎
💎 2025-08-04 02:32:56,962 - INFO - IMMORTAL STATUS: Bot restarts: 1184 💎
💎 2025-08-04 02:33:04,584 - WARNING - Bot is dead! Resurrection attempt #1185 💎
💎 2025-08-04 02:33:04,584 - WARNING - Bot has died! RESURRECTING... 💎
💎 2025-08-04 02:33:14,585 - INFO - Starting IMMORTAL Discord Community Global Launcher... 💎
💎 2025-08-04 02:33:14,592 - INFO - IMMORTAL Discord bot started with PID: 19740 💎
💎 2025-08-04 02:33:14,594 - INFO - RESURRECTION SUCCESSFUL! Restart #1185 💎
💎 2025-08-04 02:33:14,595 - INFO - Resurrection successful! Guardian continues... 💎
💎 2025-08-04 02:33:44,595 - WARNING - Bot is dead! Resurrection attempt #1186 💎
💎 2025-08-04 02:33:44,596 - WARNING - Bot has died! RESURRECTING... 💎
💎 2025-08-04 02:33:54,596 - INFO - Starting IMMORTAL Discord Community Global Launcher... 💎
💎 2025-08-04 02:33:54,603 - INFO - IMMORTAL Discord bot started with PID: 23536 💎
💎 2025-08-04 02:33:54,605 - INFO - RESURRECTION SUCCESSFUL! Restart #1186 💎
💎 2025-08-04 02:33:54,605 - INFO - Resurrection successful! Guardian continues... 💎
💎 2025-08-04 02:33:56,963 - INFO - IMMORTAL STATUS: Bot restarts: 1186 💎
💎 2025-08-04 02:34:24,606 - WARNING - Bot is dead! Resurrection attempt #1187 💎
💎 2025-08-04 02:34:24,607 - WARNING - Bot has died! RESURRECTING... 💎
💎 2025-08-04 02:34:34,607 - INFO - Starting IMMORTAL Discord Community Global Launcher... 💎
💎 2025-08-04 02:34:34,615 - INFO - IMMORTAL Discord bot started with PID: 10512 💎
💎 2025-08-04 02:34:34,616 - INFO - RESURRECTION SUCCESSFUL! Restart #1187 💎
💎 2025-08-04 02:34:34,617 - INFO - Resurrection successful! Guardian continues... 💎
💎 2025-08-04 02:34:56,964 - INFO - IMMORTAL STATUS: Bot restarts: 1187 💎
💎 2025-08-04 02:35:04,617 - WARNING - Bot is dead! Resurrection attempt #1188 💎
💎 2025-08-04 02:35:04,618 - WARNING - Bot has died! RESURRECTING... 💎
💎 2025-08-04 02:35:14,618 - INFO - Starting IMMORTAL Discord Community Global Launcher... 💎
💎 2025-08-04 02:35:14,628 - INFO - IMMORTAL Discord bot started with PID: 21256 💎
💎 2025-08-04 02:35:14,629 - INFO - RESURRECTION SUCCESSFUL! Restart #1188 💎
💎 2025-08-04 02:35:14,630 - INFO - Resurrection successful! Guardian continues... 💎
💎 2025-08-04 02:35:44,630 - WARNING - Bot is dead! Resurrection attempt #1189 💎
💎 2025-08-04 02:35:44,631 - WARNING - Bot has died! RESURRECTING... 💎
💎 2025-08-04 02:35:54,632 - INFO - Starting IMMORTAL Discord Community Global Launcher... 💎
💎 2025-08-04 02:35:54,641 - INFO - IMMORTAL Discord bot started with PID: 23472 💎
💎 2025-08-04 02:35:54,642 - INFO - RESURRECTION SUCCESSFUL! Restart #1189 💎
💎 2025-08-04 02:35:54,643 - INFO - Resurrection successful! Guardian continues... 💎
💎 2025-08-04 02:35:56,965 - INFO - IMMORTAL STATUS: Bot restarts: 1189 💎
💎 2025-08-04 02:36:24,644 - WARNING - Bot is dead! Resurrection attempt #1190 💎
💎 2025-08-04 02:36:24,645 - WARNING - Bot has died! RESURRECTING... 💎
💎 2025-08-04 02:36:34,646 - INFO - Starting IMMORTAL Discord Community Global Launcher... 💎
💎 2025-08-04 02:36:34,653 - INFO - IMMORTAL Discord bot started with PID: 20840 💎
💎 2025-08-04 02:36:34,655 - INFO - RESURRECTION SUCCESSFUL! Restart #1190 💎
💎 2025-08-04 02:36:34,656 - INFO - Resurrection successful! Guardian continues... 💎
💎 2025-08-04 02:36:56,965 - INFO - IMMORTAL STATUS: Bot restarts: 1190 💎
💎 2025-08-04 02:37:04,657 - WARNING - Bot is dead! Resurrection attempt #1191 💎
💎 2025-08-04 02:37:04,657 - WARNING - Bot has died! RESURRECTING... 💎
💎 2025-08-04 02:37:14,658 - INFO - Starting IMMORTAL Discord Community Global Launcher... 💎
💎 2025-08-04 02:37:14,666 - INFO - IMMORTAL Discord bot started with PID: 21008 💎
💎 2025-08-04 02:37:14,667 - INFO - RESURRECTION SUCCESSFUL! Restart #1191 💎
💎 2025-08-04 02:37:14,668 - INFO - Resurrection successful! Guardian continues... 💎
💎 2025-08-04 02:37:44,669 - WARNING - Bot is dead! Resurrection attempt #1192 💎
💎 2025-08-04 02:37:44,670 - WARNING - Bot has died! RESURRECTING... 💎
💎 2025-08-04 02:37:54,671 - INFO - Starting IMMORTAL Discord Community Global Launcher... 💎
💎 2025-08-04 02:37:54,678 - INFO - IMMORTAL Discord bot started with PID: 5140 💎
💎 2025-08-04 02:37:54,679 - INFO - RESURRECTION SUCCESSFUL! Restart #1192 💎
💎 2025-08-04 02:37:54,679 - INFO - Resurrection successful! Guardian continues... 💎
💎 2025-08-04 02:37:56,966 - INFO - IMMORTAL STATUS: Bot restarts: 1192 💎
💎 2025-08-04 02:38:24,680 - WARNING - Bot is dead! Resurrection attempt #1193 💎
💎 2025-08-04 02:38:24,681 - WARNING - Bot has died! RESURRECTING... 💎
💎 2025-08-04 02:38:34,682 - INFO - Starting IMMORTAL Discord Community Global Launcher... 💎
💎 2025-08-04 02:38:34,689 - INFO - IMMORTAL Discord bot started with PID: 22172 💎
💎 2025-08-04 02:38:34,690 - INFO - RESURRECTION SUCCESSFUL! Restart #1193 💎
💎 2025-08-04 02:38:34,691 - INFO - Resurrection successful! Guardian continues... 💎
💎 2025-08-04 02:38:56,968 - INFO - IMMORTAL STATUS: Bot restarts: 1193 💎
💎 2025-08-04 02:39:04,692 - WARNING - Bot is dead! Resurrection attempt #1194 💎
💎 2025-08-04 02:39:04,692 - WARNING - Bot has died! RESURRECTING... 💎
💎 2025-08-04 02:39:14,693 - INFO - Starting IMMORTAL Discord Community Global Launcher... 💎
💎 2025-08-04 02:39:14,702 - INFO - IMMORTAL Discord bot started with PID: 20676 💎
💎 2025-08-04 02:39:14,704 - INFO - RESURRECTION SUCCESSFUL! Restart #1194 💎
💎 2025-08-04 02:39:14,704 - INFO - Resurrection successful! Guardian continues... 💎
💎 2025-08-04 02:39:44,706 - WARNING - Bot is dead! Resurrection attempt #1195 💎
💎 2025-08-04 02:39:44,706 - WARNING - Bot has died! RESURRECTING... 💎
💎 2025-08-04 02:39:54,707 - INFO - Starting IMMORTAL Discord Community Global Launcher... 💎
💎 2025-08-04 02:39:54,713 - INFO - IMMORTAL Discord bot started with PID: 24672 💎
💎 2025-08-04 02:39:54,715 - INFO - RESURRECTION SUCCESSFUL! Restart #1195 💎
💎 2025-08-04 02:39:54,715 - INFO - Resurrection successful! Guardian continues... 💎
💎 2025-08-04 02:39:56,969 - INFO - IMMORTAL STATUS: Bot restarts: 1195 💎
💎 2025-08-04 02:40:24,716 - WARNING - Bot is dead! Resurrection attempt #1196 💎
💎 2025-08-04 02:40:24,717 - WARNING - Bot has died! RESURRECTING... 💎
💎 2025-08-04 02:40:34,718 - INFO - Starting IMMORTAL Discord Community Global Launcher... 💎
💎 2025-08-04 02:40:34,726 - INFO - IMMORTAL Discord bot started with PID: 24368 💎
💎 2025-08-04 02:40:34,728 - INFO - RESURRECTION SUCCESSFUL! Restart #1196 💎
💎 2025-08-04 02:40:34,728 - INFO - Resurrection successful! Guardian continues... 💎
💎 2025-08-04 02:40:56,970 - INFO - IMMORTAL STATUS: Bot restarts: 1196 💎
💎 2025-08-04 02:41:04,729 - WARNING - Bot is dead! Resurrection attempt #1197 💎
💎 2025-08-04 02:41:04,730 - WARNING - Bot has died! RESURRECTING... 💎
💎 2025-08-04 02:41:14,730 - INFO - Starting IMMORTAL Discord Community Global Launcher... 💎
💎 2025-08-04 02:41:14,738 - INFO - IMMORTAL Discord bot started with PID: 22740 💎
💎 2025-08-04 02:41:14,741 - INFO - RESURRECTION SUCCESSFUL! Restart #1197 💎
💎 2025-08-04 02:41:14,742 - INFO - Resurrection successful! Guardian continues... 💎
💎 2025-08-04 02:41:44,744 - WARNING - Bot is dead! Resurrection attempt #1198 💎
💎 2025-08-04 02:41:44,745 - WARNING - Bot has died! RESURRECTING... 💎
💎 2025-08-04 02:41:54,745 - INFO - Starting IMMORTAL Discord Community Global Launcher... 💎
💎 2025-08-04 02:41:54,753 - INFO - IMMORTAL Discord bot started with PID: 16132 💎
💎 2025-08-04 02:41:54,756 - INFO - RESURRECTION SUCCESSFUL! Restart #1198 💎
💎 2025-08-04 02:41:54,756 - INFO - Resurrection successful! Guardian continues... 💎
💎 2025-08-04 02:41:56,971 - INFO - IMMORTAL STATUS: Bot restarts: 1198 💎
💎 2025-08-04 02:42:24,782 - WARNING - Bot is dead! Resurrection attempt #1199 💎
💎 2025-08-04 02:42:24,832 - WARNING - Bot has died! RESURRECTING... 💎
💎 2025-08-04 02:42:34,835 - INFO - Starting IMMORTAL Discord Community Global Launcher... 💎
💎 2025-08-04 02:42:34,844 - INFO - IMMORTAL Discord bot started with PID: 20648 💎
💎 2025-08-04 02:42:34,845 - INFO - RESURRECTION SUCCESSFUL! Restart #1199 💎
💎 2025-08-04 02:42:34,846 - INFO - Resurrection successful! Guardian continues... 💎
💎 2025-08-04 02:42:56,971 - INFO - IMMORTAL STATUS: Bot restarts: 1199 💎
💎 2025-08-04 02:43:04,847 - WARNING - Bot is dead! Resurrection attempt #1200 💎
💎 2025-08-04 02:43:04,848 - WARNING - Bot has died! RESURRECTING... 💎
💎 2025-08-04 02:43:14,849 - INFO - Starting IMMORTAL Discord Community Global Launcher... 💎
💎 2025-08-04 02:43:14,857 - INFO - IMMORTAL Discord bot started with PID: 22280 💎
💎 2025-08-04 02:43:14,859 - INFO - RESURRECTION SUCCESSFUL! Restart #1200 💎
💎 2025-08-04 02:43:14,860 - INFO - Resurrection successful! Guardian continues... 💎
💎 2025-08-04 02:43:44,862 - WARNING - Bot is dead! Resurrection attempt #1201 💎
💎 2025-08-04 02:43:44,862 - WARNING - Bot has died! RESURRECTING... 💎
💎 2025-08-04 02:43:54,863 - INFO - Starting IMMORTAL Discord Community Global Launcher... 💎
💎 2025-08-04 02:43:54,871 - INFO - IMMORTAL Discord bot started with PID: 17348 💎
💎 2025-08-04 02:43:54,873 - INFO - RESURRECTION SUCCESSFUL! Restart #1201 💎
💎 2025-08-04 02:43:54,874 - INFO - Resurrection successful! Guardian continues... 💎
💎 2025-08-04 02:43:56,977 - INFO - IMMORTAL STATUS: Bot restarts: 1201 💎
💎 2025-08-04 02:44:24,882 - WARNING - Bot is dead! Resurrection attempt #1202 💎
💎 2025-08-04 02:44:24,927 - WARNING - Bot has died! RESURRECTING... 💎
💎 2025-08-04 02:44:34,945 - INFO - Starting IMMORTAL Discord Community Global Launcher... 💎
💎 2025-08-04 02:44:34,953 - INFO - IMMORTAL Discord bot started with PID: 25472 💎
💎 2025-08-04 02:44:34,955 - INFO - RESURRECTION SUCCESSFUL! Restart #1202 💎
💎 2025-08-04 02:44:34,956 - INFO - Resurrection successful! Guardian continues... 💎
💎 2025-08-04 02:44:56,980 - INFO - IMMORTAL STATUS: Bot restarts: 1202 💎
💎 2025-08-04 02:45:04,957 - WARNING - Bot is dead! Resurrection attempt #1203 💎
💎 2025-08-04 02:45:04,958 - WARNING - Bot has died! RESURRECTING... 💎
💎 2025-08-04 02:45:14,959 - INFO - Starting IMMORTAL Discord Community Global Launcher... 💎
💎 2025-08-04 02:45:14,967 - INFO - IMMORTAL Discord bot started with PID: 21288 💎
💎 2025-08-04 02:45:14,969 - INFO - RESURRECTION SUCCESSFUL! Restart #1203 💎
💎 2025-08-04 02:45:14,969 - INFO - Resurrection successful! Guardian continues... 💎
💎 2025-08-04 02:45:44,970 - WARNING - Bot is dead! Resurrection attempt #1204 💎
💎 2025-08-04 02:45:44,971 - WARNING - Bot has died! RESURRECTING... 💎
💎 2025-08-04 02:45:54,971 - INFO - Starting IMMORTAL Discord Community Global Launcher... 💎
💎 2025-08-04 02:45:54,981 - INFO - IMMORTAL Discord bot started with PID: 15416 💎
💎 2025-08-04 02:45:54,983 - INFO - RESURRECTION SUCCESSFUL! Restart #1204 💎
💎 2025-08-04 02:45:54,984 - INFO - Resurrection successful! Guardian continues... 💎
💎 2025-08-04 02:45:56,981 - INFO - IMMORTAL STATUS: Bot restarts: 1204 💎
💎 2025-08-04 02:46:24,986 - WARNING - Bot is dead! Resurrection attempt #1205 💎
💎 2025-08-04 02:46:24,987 - WARNING - Bot has died! RESURRECTING... 💎
💎 2025-08-04 02:46:34,988 - INFO - Starting IMMORTAL Discord Community Global Launcher... 💎
💎 2025-08-04 02:46:35,000 - INFO - IMMORTAL Discord bot started with PID: 24888 💎
💎 2025-08-04 02:46:35,002 - INFO - RESURRECTION SUCCESSFUL! Restart #1205 💎
💎 2025-08-04 02:46:35,002 - INFO - Resurrection successful! Guardian continues... 💎
💎 2025-08-04 02:46:56,982 - INFO - IMMORTAL STATUS: Bot restarts: 1205 💎
💎 2025-08-04 02:47:05,003 - WARNING - Bot is dead! Resurrection attempt #1206 💎
💎 2025-08-04 02:47:05,004 - WARNING - Bot has died! RESURRECTING... 💎
💎 2025-08-04 02:47:15,004 - INFO - Starting IMMORTAL Discord Community Global Launcher... 💎
💎 2025-08-04 02:47:15,012 - INFO - IMMORTAL Discord bot started with PID: 23696 💎
💎 2025-08-04 02:47:15,013 - INFO - RESURRECTION SUCCESSFUL! Restart #1206 💎
💎 2025-08-04 02:47:15,014 - INFO - Resurrection successful! Guardian continues... 💎
💎 2025-08-04 02:47:45,015 - WARNING - Bot is dead! Resurrection attempt #1207 💎
💎 2025-08-04 02:47:45,016 - WARNING - Bot has died! RESURRECTING... 💎
💎 2025-08-04 02:47:55,020 - INFO - Starting IMMORTAL Discord Community Global Launcher... 💎
💎 2025-08-04 02:47:55,046 - INFO - IMMORTAL Discord bot started with PID: 19736 💎
💎 2025-08-04 02:47:55,055 - INFO - RESURRECTION SUCCESSFUL! Restart #1207 💎
💎 2025-08-04 02:47:55,055 - INFO - Resurrection successful! Guardian continues... 💎
💎 2025-08-04 02:47:56,982 - INFO - IMMORTAL STATUS: Bot restarts: 1207 💎
💎 2025-08-04 02:48:25,083 - WARNING - Bot is dead! Resurrection attempt #1208 💎
💎 2025-08-04 02:48:25,088 - WARNING - Bot has died! RESURRECTING... 💎
💎 2025-08-04 02:48:35,089 - INFO - Starting IMMORTAL Discord Community Global Launcher... 💎
💎 2025-08-04 02:48:35,098 - INFO - IMMORTAL Discord bot started with PID: 1556 💎
💎 2025-08-04 02:48:35,100 - INFO - RESURRECTION SUCCESSFUL! Restart #1208 💎
💎 2025-08-04 02:48:35,100 - INFO - Resurrection successful! Guardian continues... 💎
💎 2025-08-04 02:48:56,983 - INFO - IMMORTAL STATUS: Bot restarts: 1208 💎
💎 2025-08-04 02:49:05,101 - WARNING - Bot is dead! Resurrection attempt #1209 💎
💎 2025-08-04 02:49:05,101 - WARNING - Bot has died! RESURRECTING... 💎
💎 2025-08-04 02:49:15,102 - INFO - Starting IMMORTAL Discord Community Global Launcher... 💎
💎 2025-08-04 02:49:15,125 - INFO - IMMORTAL Discord bot started with PID: 25116 💎
💎 2025-08-04 02:49:15,128 - INFO - RESURRECTION SUCCESSFUL! Restart #1209 💎
💎 2025-08-04 02:49:15,130 - INFO - Resurrection successful! Guardian continues... 💎
💎 2025-08-04 02:49:45,148 - WARNING - Bot is dead! Resurrection attempt #1210 💎
💎 2025-08-04 02:49:45,152 - WARNING - Bot has died! RESURRECTING... 💎
💎 2025-08-04 02:49:55,174 - INFO - Starting IMMORTAL Discord Community Global Launcher... 💎
💎 2025-08-04 02:49:55,283 - INFO - IMMORTAL Discord bot started with PID: 20312 💎
💎 2025-08-04 02:49:55,342 - INFO - RESURRECTION SUCCESSFUL! Restart #1210 💎
💎 2025-08-04 02:49:55,362 - INFO - Resurrection successful! Guardian continues... 💎
💎 2025-08-04 02:49:57,027 - INFO - IMMORTAL STATUS: Bot restarts: 1210 💎
💎 2025-08-04 02:50:25,363 - WARNING - Bot is dead! Resurrection attempt #1211 💎
💎 2025-08-04 02:50:25,364 - WARNING - Bot has died! RESURRECTING... 💎
💎 2025-08-04 02:50:35,366 - INFO - Starting IMMORTAL Discord Community Global Launcher... 💎
💎 2025-08-04 02:50:35,383 - INFO - IMMORTAL Discord bot started with PID: 22732 💎
💎 2025-08-04 02:50:35,386 - INFO - RESURRECTION SUCCESSFUL! Restart #1211 💎
💎 2025-08-04 02:50:35,388 - INFO - Resurrection successful! Guardian continues... 💎
💎 2025-08-04 02:50:57,105 - INFO - IMMORTAL STATUS: Bot restarts: 1211 💎
💎 2025-08-04 02:51:05,389 - WARNING - Bot is dead! Resurrection attempt #1212 💎
💎 2025-08-04 02:51:05,390 - WARNING - Bot has died! RESURRECTING... 💎
💎 2025-08-04 02:51:15,396 - INFO - Starting IMMORTAL Discord Community Global Launcher... 💎
💎 2025-08-04 02:51:15,437 - INFO - IMMORTAL Discord bot started with PID: 1736 💎
💎 2025-08-04 02:51:15,457 - INFO - RESURRECTION SUCCESSFUL! Restart #1212 💎
💎 2025-08-04 02:51:15,470 - INFO - Resurrection successful! Guardian continues... 💎
💎 2025-08-04 02:51:45,475 - WARNING - Bot is dead! Resurrection attempt #1213 💎
💎 2025-08-04 02:51:45,476 - WARNING - Bot has died! RESURRECTING... 💎
💎 2025-08-04 02:51:55,477 - INFO - Starting IMMORTAL Discord Community Global Launcher... 💎
💎 2025-08-04 02:51:55,487 - INFO - IMMORTAL Discord bot started with PID: 13688 💎
💎 2025-08-04 02:51:55,488 - INFO - RESURRECTION SUCCESSFUL! Restart #1213 💎
💎 2025-08-04 02:51:55,489 - INFO - Resurrection successful! Guardian continues... 💎
💎 2025-08-04 02:51:57,107 - INFO - IMMORTAL STATUS: Bot restarts: 1213 💎
💎 2025-08-04 02:52:25,490 - WARNING - Bot is dead! Resurrection attempt #1214 💎
💎 2025-08-04 02:52:25,490 - WARNING - Bot has died! RESURRECTING... 💎
💎 2025-08-04 02:52:35,491 - INFO - Starting IMMORTAL Discord Community Global Launcher... 💎
💎 2025-08-04 02:52:35,500 - INFO - IMMORTAL Discord bot started with PID: 9880 💎
💎 2025-08-04 02:52:35,501 - INFO - RESURRECTION SUCCESSFUL! Restart #1214 💎
💎 2025-08-04 02:52:35,502 - INFO - Resurrection successful! Guardian continues... 💎
💎 2025-08-04 02:52:57,108 - INFO - IMMORTAL STATUS: Bot restarts: 1214 💎
💎 2025-08-04 02:53:05,503 - WARNING - Bot is dead! Resurrection attempt #1215 💎
💎 2025-08-04 02:53:05,503 - WARNING - Bot has died! RESURRECTING... 💎
💎 2025-08-04 02:53:15,504 - INFO - Starting IMMORTAL Discord Community Global Launcher... 💎
💎 2025-08-04 02:53:15,511 - INFO - IMMORTAL Discord bot started with PID: 15684 💎
💎 2025-08-04 02:53:15,512 - INFO - RESURRECTION SUCCESSFUL! Restart #1215 💎
💎 2025-08-04 02:53:15,513 - INFO - Resurrection successful! Guardian continues... 💎
💎 2025-08-04 02:53:45,514 - WARNING - Bot is dead! Resurrection attempt #1216 💎
💎 2025-08-04 02:53:45,514 - WARNING - Bot has died! RESURRECTING... 💎
💎 2025-08-04 02:53:55,515 - INFO - Starting IMMORTAL Discord Community Global Launcher... 💎
💎 2025-08-04 02:53:55,526 - INFO - IMMORTAL Discord bot started with PID: 10716 💎
💎 2025-08-04 02:53:55,528 - INFO - RESURRECTION SUCCESSFUL! Restart #1216 💎
💎 2025-08-04 02:53:55,528 - INFO - Resurrection successful! Guardian continues... 💎
💎 2025-08-04 02:53:57,110 - INFO - IMMORTAL STATUS: Bot restarts: 1216 💎
💎 2025-08-04 02:54:25,529 - WARNING - Bot is dead! Resurrection attempt #1217 💎
💎 2025-08-04 02:54:25,530 - WARNING - Bot has died! RESURRECTING... 💎
💎 2025-08-04 02:54:35,530 - INFO - Starting IMMORTAL Discord Community Global Launcher... 💎
💎 2025-08-04 02:54:35,540 - INFO - IMMORTAL Discord bot started with PID: 9640 💎
💎 2025-08-04 02:54:35,542 - INFO - RESURRECTION SUCCESSFUL! Restart #1217 💎
💎 2025-08-04 02:54:35,543 - INFO - Resurrection successful! Guardian continues... 💎
💎 2025-08-04 02:54:57,111 - INFO - IMMORTAL STATUS: Bot restarts: 1217 💎
💎 2025-08-04 02:55:05,544 - WARNING - Bot is dead! Resurrection attempt #1218 💎
💎 2025-08-04 02:55:05,545 - WARNING - Bot has died! RESURRECTING... 💎
💎 2025-08-04 02:55:15,546 - INFO - Starting IMMORTAL Discord Community Global Launcher... 💎
💎 2025-08-04 02:55:15,553 - INFO - IMMORTAL Discord bot started with PID: 19520 💎
💎 2025-08-04 02:55:15,555 - INFO - RESURRECTION SUCCESSFUL! Restart #1218 💎
💎 2025-08-04 02:55:15,557 - INFO - Resurrection successful! Guardian continues... 💎
💎 2025-08-04 02:55:45,558 - WARNING - Bot is dead! Resurrection attempt #1219 💎
💎 2025-08-04 02:55:45,560 - WARNING - Bot has died! RESURRECTING... 💎
💎 2025-08-04 02:55:55,561 - INFO - Starting IMMORTAL Discord Community Global Launcher... 💎
💎 2025-08-04 02:55:55,580 - INFO - IMMORTAL Discord bot started with PID: 19968 💎
💎 2025-08-04 02:55:55,585 - INFO - RESURRECTION SUCCESSFUL! Restart #1219 💎
💎 2025-08-04 02:55:55,586 - INFO - Resurrection successful! Guardian continues... 💎
💎 2025-08-04 02:55:57,119 - INFO - IMMORTAL STATUS: Bot restarts: 1219 💎
💎 2025-08-04 02:56:25,588 - WARNING - Bot is dead! Resurrection attempt #1220 💎
💎 2025-08-04 02:56:25,589 - WARNING - Bot has died! RESURRECTING... 💎
💎 2025-08-04 02:56:35,589 - INFO - Starting IMMORTAL Discord Community Global Launcher... 💎
💎 2025-08-04 02:56:35,599 - INFO - IMMORTAL Discord bot started with PID: 19300 💎
💎 2025-08-04 02:56:35,601 - INFO - RESURRECTION SUCCESSFUL! Restart #1220 💎
💎 2025-08-04 02:56:35,601 - INFO - Resurrection successful! Guardian continues... 💎
💎 2025-08-04 02:56:57,134 - INFO - IMMORTAL STATUS: Bot restarts: 1220 💎
💎 2025-08-04 02:57:05,602 - WARNING - Bot is dead! Resurrection attempt #1221 💎
💎 2025-08-04 02:57:05,603 - WARNING - Bot has died! RESURRECTING... 💎
💎 2025-08-04 02:57:15,605 - INFO - Starting IMMORTAL Discord Community Global Launcher... 💎
💎 2025-08-04 02:57:15,628 - INFO - IMMORTAL Discord bot started with PID: 16876 💎
💎 2025-08-04 02:57:15,689 - INFO - RESURRECTION SUCCESSFUL! Restart #1221 💎
💎 2025-08-04 02:57:15,692 - INFO - Resurrection successful! Guardian continues... 💎
💎 2025-08-04 02:57:45,693 - WARNING - Bot is dead! Resurrection attempt #1222 💎
💎 2025-08-04 02:57:45,694 - WARNING - Bot has died! RESURRECTING... 💎
💎 2025-08-04 02:57:55,694 - INFO - Starting IMMORTAL Discord Community Global Launcher... 💎
💎 2025-08-04 02:57:55,703 - INFO - IMMORTAL Discord bot started with PID: 21520 💎
💎 2025-08-04 02:57:55,704 - INFO - RESURRECTION SUCCESSFUL! Restart #1222 💎
💎 2025-08-04 02:57:55,704 - INFO - Resurrection successful! Guardian continues... 💎
💎 2025-08-04 02:57:57,141 - INFO - IMMORTAL STATUS: Bot restarts: 1222 💎
💎 2025-08-04 02:58:25,705 - WARNING - Bot is dead! Resurrection attempt #1223 💎
💎 2025-08-04 02:58:25,706 - WARNING - Bot has died! RESURRECTING... 💎
💎 2025-08-04 02:58:35,707 - INFO - Starting IMMORTAL Discord Community Global Launcher... 💎
💎 2025-08-04 02:58:35,717 - INFO - IMMORTAL Discord bot started with PID: 22000 💎
💎 2025-08-04 02:58:35,719 - INFO - RESURRECTION SUCCESSFUL! Restart #1223 💎
💎 2025-08-04 02:58:35,719 - INFO - Resurrection successful! Guardian continues... 💎
💎 2025-08-04 02:58:57,151 - INFO - IMMORTAL STATUS: Bot restarts: 1223 💎
💎 2025-08-04 02:59:05,720 - WARNING - Bot is dead! Resurrection attempt #1224 💎
💎 2025-08-04 02:59:05,721 - WARNING - Bot has died! RESURRECTING... 💎
💎 2025-08-04 02:59:15,721 - INFO - Starting IMMORTAL Discord Community Global Launcher... 💎
💎 2025-08-04 02:59:15,732 - INFO - IMMORTAL Discord bot started with PID: 6344 💎
💎 2025-08-04 02:59:15,734 - INFO - RESURRECTION SUCCESSFUL! Restart #1224 💎
💎 2025-08-04 02:59:15,735 - INFO - Resurrection successful! Guardian continues... 💎
💎 2025-08-04 02:59:45,736 - WARNING - Bot is dead! Resurrection attempt #1225 💎
💎 2025-08-04 02:59:45,736 - WARNING - Bot has died! RESURRECTING... 💎
💎 2025-08-04 02:59:55,737 - INFO - Starting IMMORTAL Discord Community Global Launcher... 💎
💎 2025-08-04 02:59:55,747 - INFO - IMMORTAL Discord bot started with PID: 22376 💎
💎 2025-08-04 02:59:55,749 - INFO - RESURRECTION SUCCESSFUL! Restart #1225 💎
💎 2025-08-04 02:59:55,750 - INFO - Resurrection successful! Guardian continues... 💎
💎 2025-08-04 02:59:57,157 - INFO - IMMORTAL STATUS: Bot restarts: 1225 💎
💎 2025-08-04 03:00:25,750 - WARNING - Bot is dead! Resurrection attempt #1226 💎
💎 2025-08-04 03:00:25,751 - WARNING - Bot has died! RESURRECTING... 💎
💎 2025-08-04 03:00:35,751 - INFO - Starting IMMORTAL Discord Community Global Launcher... 💎
💎 2025-08-04 03:00:35,760 - INFO - IMMORTAL Discord bot started with PID: 24776 💎
💎 2025-08-04 03:00:35,761 - INFO - RESURRECTION SUCCESSFUL! Restart #1226 💎
💎 2025-08-04 03:00:35,762 - INFO - Resurrection successful! Guardian continues... 💎
💎 2025-08-04 03:00:57,160 - INFO - IMMORTAL STATUS: Bot restarts: 1226 💎
💎 2025-08-04 03:01:05,763 - WARNING - Bot is dead! Resurrection attempt #1227 💎
💎 2025-08-04 03:01:05,763 - WARNING - Bot has died! RESURRECTING... 💎
💎 2025-08-04 03:01:15,764 - INFO - Starting IMMORTAL Discord Community Global Launcher... 💎
💎 2025-08-04 03:01:15,774 - INFO - IMMORTAL Discord bot started with PID: 24448 💎
💎 2025-08-04 03:01:15,776 - INFO - RESURRECTION SUCCESSFUL! Restart #1227 💎
💎 2025-08-04 03:01:15,776 - INFO - Resurrection successful! Guardian continues... 💎
💎 2025-08-04 03:01:45,778 - WARNING - Bot is dead! Resurrection attempt #1228 💎
💎 2025-08-04 03:01:45,778 - WARNING - Bot has died! RESURRECTING... 💎
💎 2025-08-04 03:01:55,780 - INFO - Starting IMMORTAL Discord Community Global Launcher... 💎
💎 2025-08-04 03:01:55,787 - INFO - IMMORTAL Discord bot started with PID: 24184 💎
💎 2025-08-04 03:01:55,789 - INFO - RESURRECTION SUCCESSFUL! Restart #1228 💎
💎 2025-08-04 03:01:55,792 - INFO - Resurrection successful! Guardian continues... 💎
💎 2025-08-04 03:01:57,163 - INFO - IMMORTAL STATUS: Bot restarts: 1228 💎
💎 2025-08-04 03:02:25,793 - WARNING - Bot is dead! Resurrection attempt #1229 💎
💎 2025-08-04 03:02:25,794 - WARNING - Bot has died! RESURRECTING... 💎
💎 2025-08-04 03:02:35,794 - INFO - Starting IMMORTAL Discord Community Global Launcher... 💎
💎 2025-08-04 03:02:35,803 - INFO - IMMORTAL Discord bot started with PID: 22524 💎
💎 2025-08-04 03:02:35,805 - INFO - RESURRECTION SUCCESSFUL! Restart #1229 💎
💎 2025-08-04 03:02:35,806 - INFO - Resurrection successful! Guardian continues... 💎
💎 2025-08-04 03:02:57,168 - INFO - IMMORTAL STATUS: Bot restarts: 1229 💎
💎 2025-08-04 03:03:05,807 - WARNING - Bot is dead! Resurrection attempt #1230 💎
💎 2025-08-04 03:03:05,807 - WARNING - Bot has died! RESURRECTING... 💎
💎 2025-08-04 03:03:15,809 - INFO - Starting IMMORTAL Discord Community Global Launcher... 💎
💎 2025-08-04 03:03:15,819 - INFO - IMMORTAL Discord bot started with PID: 11652 💎
💎 2025-08-04 03:03:15,821 - INFO - RESURRECTION SUCCESSFUL! Restart #1230 💎
💎 2025-08-04 03:03:15,821 - INFO - Resurrection successful! Guardian continues... 💎
💎 2025-08-04 03:03:45,822 - WARNING - Bot is dead! Resurrection attempt #1231 💎
💎 2025-08-04 03:03:45,823 - WARNING - Bot has died! RESURRECTING... 💎
💎 2025-08-04 03:03:55,824 - INFO - Starting IMMORTAL Discord Community Global Launcher... 💎
💎 2025-08-04 03:03:55,833 - INFO - IMMORTAL Discord bot started with PID: 21180 💎
💎 2025-08-04 03:03:55,835 - INFO - RESURRECTION SUCCESSFUL! Restart #1231 💎
💎 2025-08-04 03:03:55,835 - INFO - Resurrection successful! Guardian continues... 💎
💎 2025-08-04 03:03:57,169 - INFO - IMMORTAL STATUS: Bot restarts: 1231 💎
💎 2025-08-04 03:04:25,836 - WARNING - Bot is dead! Resurrection attempt #1232 💎
💎 2025-08-04 03:04:25,836 - WARNING - Bot has died! RESURRECTING... 💎
💎 2025-08-04 03:04:35,837 - INFO - Starting IMMORTAL Discord Community Global Launcher... 💎
💎 2025-08-04 03:04:35,845 - INFO - IMMORTAL Discord bot started with PID: 24728 💎
💎 2025-08-04 03:04:35,847 - INFO - RESURRECTION SUCCESSFUL! Restart #1232 💎
💎 2025-08-04 03:04:35,847 - INFO - Resurrection successful! Guardian continues... 💎
💎 2025-08-04 03:04:57,170 - INFO - IMMORTAL STATUS: Bot restarts: 1232 💎
💎 2025-08-04 03:05:05,848 - WARNING - Bot is dead! Resurrection attempt #1233 💎
💎 2025-08-04 03:05:05,849 - WARNING - Bot has died! RESURRECTING... 💎
💎 2025-08-04 03:05:15,850 - INFO - Starting IMMORTAL Discord Community Global Launcher... 💎
💎 2025-08-04 03:05:15,859 - INFO - IMMORTAL Discord bot started with PID: 22392 💎
💎 2025-08-04 03:05:15,861 - INFO - RESURRECTION SUCCESSFUL! Restart #1233 💎
💎 2025-08-04 03:05:15,861 - INFO - Resurrection successful! Guardian continues... 💎
💎 2025-08-04 03:05:45,862 - WARNING - Bot is dead! Resurrection attempt #1234 💎
💎 2025-08-04 03:05:45,863 - WARNING - Bot has died! RESURRECTING... 💎
